date,rsi,sentiment,rsi_filtered,rsi_negative_news,buy_and_hold
2010-01-04,1.0,1.0,1.0,1.0,
2010-01-05,1.0,0.9996300377315321,1.0,1.0,1.0038315062763419
2010-01-06,1.0,0.9967532854944501,1.0,1.0,1.0071837713166478
2010-01-07,1.0,0.9931173689448689,1.0,1.0,1.0031618647067935
2010-01-08,1.0,0.9979972645833645,1.0,1.0,1.0083146557522653
2010-01-11,1.0,0.9951572845823794,1.0,1.0,1.0069678665553334
2010-01-12,1.0,0.9848948319045794,1.0,1.0,0.9945895828762841
2010-01-13,1.0,0.9926567034011659,1.0,1.0,1.0042258980208825
2010-01-14,1.0,0.9895209954527503,1.0,1.0,1.000537601281496
2010-01-15,1.0,0.9856074525973078,1.0,1.0,0.9874266920349182
2010-01-19,1.0015798483476492,0.9917221056187203,1.0015798483476492,1.0,0.9995569831304923
2010-01-20,0.9999993744512149,0.9885044238049232,0.9999993744512149,1.0,0.9889766614062326
2010-01-21,0.9992025117603961,0.9836742173549983,0.9992025117603961,1.0,0.9786832000600185
2010-01-22,0.9985866176281476,0.9692701093991045,0.9985866176281476,1.0,0.9523306001041049
2010-01-25,0.9964950632774052,0.9709859871381414,0.9964950632774052,1.0,0.9539163098584622
2010-01-26,0.9935246497934305,0.9703079513986513,0.9935246497934305,1.0,0.9533829955648916
2010-01-27,0.9957195521355788,0.974131390791703,0.9957195521355788,1.0,0.9617442065984374
2010-01-28,0.9861849958362384,0.9608661658147899,0.9861849958362384,1.0,0.94931010258233
2010-01-29,0.9796038301840212,0.9534234107599294,0.9796038301840212,1.0,0.9386477610586603
2010-02-01,0.989855398419207,0.9630103339220216,0.989855398419207,1.000637420965304,0.9534549358351668
2010-02-02,0.9929208029487461,0.9692366976837905,0.9929208029487461,0.9999958063333981,0.9618710482965139
2010-02-03,0.9951170603321818,0.9665053710280006,0.9951170603321818,1.0004670433321528,0.9599291905381011
2010-02-04,0.9781315905094229,0.9461016006393056,0.9781315905094229,0.9986241333472244,0.9280587008993397
2010-02-05,0.9812974767290752,0.9491435107603271,0.9817930412466029,0.9984540618561206,0.9323035894601145
2010-02-08,0.9776555332027494,0.9471056955697942,0.9788332077543959,0.9977100297111927,0.927623415548492
2010-02-09,0.9818957907084643,0.9528252274332334,0.9825566700113633,0.9982419976461245,0.94023512591662
2010-02-10,0.9810736251490886,0.9542666011308915,0.9823559891189918,0.9976100295244277,0.9385900020269685
2010-02-11,0.9868293924160063,0.9638866432466905,0.9873581624670604,0.9983829654643924,0.9535233677282703
2010-02-12,0.9866901414631422,0.9638328181417567,0.9861939861675562,0.9994730385999964,0.955849460785882
2010-02-16,0.9907472884081662,0.9719466917492161,0.9900205883859985,0.9997696985507389,0.97065271010066
2010-02-17,0.9916835608899803,0.9741600115882321,0.9904360493196487,0.9997696985507389,0.9777231183756292
2010-02-18,0.9925969170106271,0.9737203855870644,0.9908710007989117,0.9997696985507389,0.9827159649161372
2010-02-19,0.9927915054678826,0.9726854659610611,0.9913390329335822,0.9997696985507389,0.9852875169590276
2010-02-22,0.9928324136973755,0.9690363695649709,0.9911292010035292,0.9997696985507389,0.981028787105761
2010-02-23,0.9926298421392172,0.9617230513394004,0.9909269769586516,0.9997696985507389,0.9675633817707061
2010-02-24,0.9926298421392172,0.9673905916017517,0.9909269769586516,0.9997696985507389,0.9810772509641253
2010-02-25,0.9922459905786852,0.9611269790574879,0.9905437838988307,0.9997696985507389,0.9808041755714251
2010-02-26,0.9920535526374892,0.9613834497870261,0.9909635058411608,0.9991521702201213,0.9808423393371382
2010-03-01,0.9911225432690753,0.9618251167393717,0.9915464261858111,0.9976267618231554,0.9979380544526183
2010-03-02,0.9949192596562737,0.9658446411457671,0.993607633252892,1.000951239150051,1.0032235134250946
2010-03-03,0.9960547812371576,0.968584263849976,0.9947416578478923,1.0019540381646612,1.003622363105387
2010-03-04,0.9967756313705101,0.9685690088245352,0.9954615576668763,1.002679157621572,1.0051150219456182
2010-03-05,0.9970554431014133,0.9770906728727947,0.9948401672804504,1.00296062657186,1.0189867945955347
2010-03-08,0.9970554431014133,0.9739376414352512,0.9948786738004152,1.00296062657186,1.0204762516571817
2010-03-09,0.9970554431014133,0.9730608344532289,0.9947768619504288,1.00296062657186,1.0241342771706679
2010-03-10,0.9970554431014133,0.9791702342180774,0.9947768619504288,1.00296062657186,1.034022658873226
2010-03-11,0.9970554431014133,0.9777412503385744,0.9947768619504288,1.00296062657186,1.0342118267535736
2010-03-12,0.9970554431014133,0.9773449042121027,0.9947768619504288,1.00296062657186,1.034689638963083
2010-03-15,0.9970554431014133,0.9760976923606026,0.9947768619504288,1.00296062657186,1.0308063105710492
2010-03-16,0.9970554431014133,0.9852645840273206,0.9947768619504288,1.00296062657186,1.0427986568809176
2010-03-17,0.9970554431014133,0.9872503666413355,0.9947768619504288,1.00296062657186,1.048763384978205
2010-03-18,0.9970554431014133,0.9809911001237491,0.9947768619504288,1.00296062657186,1.045938605412757
2010-03-19,0.9970554431014133,0.9755536506631853,0.9947768619504288,1.00296062657186,1.0393961459942493
2010-03-22,0.9970554431014133,0.9828106565920208,0.9947768619504288,1.00296062657186,1.052418072323878
2010-03-23,0.9970554431014133,0.9874433316365434,0.9947768619504288,1.00296062657186,1.0632664906028992
2010-03-24,0.9970554431014133,0.978225501104515,0.9947768619504288,1.00296062657186,1.0527240527111839
2010-03-25,0.9970554431014133,0.9724073732059828,0.9947768619504288,1.00296062657186,1.0532952359557228
2010-03-26,0.9970554431014133,0.9732897075914173,0.9947768619504288,1.00296062657186,1.052737852891459
2010-03-29,0.9970554431014133,0.9767732750256425,0.9947768619504288,1.00296062657186,1.058172109364765
2010-03-30,0.9970554431014133,0.9758232862950218,0.9947768619504288,1.00296062657186,1.061453574400796
2010-03-31,0.9970554431014133,0.9742675319634858,0.9947768619504288,1.00296062657186,1.0569171252596086
2010-04-01,0.9970554431014133,0.9713539176181538,0.9947768619504288,1.00296062657186,1.0611307845909106
2010-04-05,0.9970554431014133,0.9828020612164315,0.9947768619504288,1.00296062657186,1.0735741582883043
2010-04-06,0.9970554431014133,0.977396389299453,0.9947768619504288,1.00296062657186,1.072341711700579
2010-04-07,0.9970554431014133,0.9809876456614449,0.9947768619504288,1.00296062657186,1.0687993225834511
2010-04-08,0.9970554431014133,0.9779635110886624,0.9947768619504288,1.00296062657186,1.067042021259009
2010-04-09,0.9970554431014133,0.9819697353239794,0.9947768619504288,1.00296062657186,1.0736839444607857
2010-04-12,0.9970554431014133,0.9822279392799154,0.9947768619504288,1.00296062657186,1.0773395539868484
2010-04-13,0.9970554431014133,0.9818881644335664,0.9947768619504288,1.00296062657186,1.0821703731195753
2010-04-14,0.9971669480514416,0.9991115285167649,0.9948881120770378,1.00296062657186,1.1026926488717457
2010-04-15,0.9966680023911556,1.000636302303384,0.9943903066624471,1.00296062657186,1.1060581675743293
2010-04-16,0.9959627691433778,0.984532819959298,0.9936866850915289,1.00296062657186,1.0913087350287456
2010-04-19,0.9970304040401582,0.984286356620654,0.9947518801112004,1.00296062657186,1.087243889719228
2010-04-20,0.9962297216110308,0.9924540435339129,0.9939530274899374,1.00296062657186,1.0968741279824772
2010-04-21,0.9957335902258823,0.9845532363612131,0.9934580299189919,1.00296062657186,1.092447411355475
2010-04-22,0.9945770267835291,0.9906770497737273,0.9923041095830757,1.00296062657186,1.1009179416557011
2010-04-23,0.9964354515474533,0.9977319366963368,0.9941582872696012,1.00296062657186,1.107069740183171
2010-04-26,0.9945529835207941,0.9958916656531541,0.9922801212666585,1.00296062657186,1.1092498227738947
2010-04-27,0.9939293420553716,0.971813761779665,0.9916579050155487,1.00296062657186,1.0852285442287677
2010-04-28,0.9956718281463149,0.9688640120685008,0.9933964089849459,1.00296062657186,1.0850277579752
2010-04-29,0.9970889447283884,0.9819332348231647,0.9948102870157882,1.00296062657186,1.10981715015117
2010-04-30,0.9948890312245096,0.9616094388757787,0.9926154009970692,1.00296062657186,1.0831550343190373
2010-05-03,0.9957838717108668,0.9734723786742634,0.9935081964951769,1.00296062657186,1.1058208562354435
2010-05-04,0.9913076941664131,0.9520898478136957,0.9890422484057166,1.00296062657186,1.0743484390879634
2010-05-05,0.9947308837757975,0.9432821514725641,0.9924576149643629,1.00296062657186,1.063519517529151
2010-05-06,0.9899621792695191,0.9261332702962358,0.9876998084279796,1.00296062657186,1.031307322842023
2010-05-07,0.985584312116859,0.9148823670168128,0.9833319460605544,1.00296062657186,1.0106754637391229
2010-05-10,1.005558460240718,0.9426287555511128,1.0034036669210753,1.002814547838466,1.0593722504245082
2010-05-11,1.004047320004567,0.9396400454275116,1.0019997973034815,1.0027105764950048,1.0592281151162444
2010-05-12,1.0181034792550345,0.955746517813924,1.0150558115877846,1.0036827462997024,1.083039532839956
2010-05-13,1.009577824072913,0.9496483595735177,1.0069004481191604,1.0033418388611626,1.069730439673499
2010-05-14,1.0008894474578716,0.9272368599756131,0.998768885303806,1.002809952896007,1.045332350062926
2010-05-17,1.0020225740367208,0.933830586213137,0.9995965995061511,1.003114190542387,1.053827196783284
2010-05-18,1.000364104582093,0.9225377621816387,0.9979421453349718,1.003114190542387,1.0373409794086215
2010-05-19,1.0008478181061733,0.9211859708088668,0.9984246877510153,1.003114190542387,1.034261052183073
2010-05-20,0.9972732509302075,0.8970550846167754,0.9948587748800036,1.003114190542387,0.996099109037761
2010-05-21,1.010747011219217,0.9031122455369848,1.0064496357780386,1.0049798226666418,1.0101193278753586
2010-05-24,1.0073970563368804,0.8997199382926175,1.0048079457038077,1.0032882747428262,0.9998581249760682
2010-05-25,1.0083005298410257,0.8988139928085384,1.0068141120133942,1.002184931144401,1.0005846849626396
2010-05-26,1.0031427873606609,0.8922643782956967,1.0041305144043766,0.9997297305097468,0.9960033417056227
2010-05-27,1.0211818070588135,0.9116527050699804,1.0195804167763876,1.0028247297349993,1.031971593711659
2010-05-28,1.0157917299559038,0.9078527176003849,1.0141713407796262,1.0024660674393202,1.0226015355168936
2010-06-01,1.01019829989633,0.9019433121263021,1.0080740202943828,1.0031477948091312,1.005385359707628
2010-06-02,1.0223487812417469,0.9189615994994973,1.0195233519840874,1.0049243539161195,1.0343031437364714
2010-06-03,1.0238299594477969,0.9207725200047239,1.0203417140497388,1.0063332385564665,1.0451623675640025
2010-06-04,1.013749846803861,0.9015557235080441,1.0118952819874925,1.0033070042789016,1.0064082843017805
2010-06-07,1.0133443988537654,0.8931041889094641,1.0123370252865853,1.0024677388473229,0.9849885045799646
2010-06-08,1.0089618565882028,0.8944552581903447,1.0070312098968583,1.003386325215865,0.9872195042214145
2010-06-09,1.0056716747400758,0.8905360375650064,1.003445535173307,1.003687021543776,0.9857276912025085
2010-06-10,1.0114507103378862,0.9035380467404832,1.0092117783855654,1.003687021543776,1.0167016269303057
2010-06-11,1.0196099065378796,0.9038221113170174,1.0173529135125963,1.003687021543776,1.0262712662865554
2010-06-14,1.01795043885688,0.9056527327516689,1.0156971192040873,1.003687021543776,1.0277096988778556
2010-06-15,1.0244226771583615,0.9198307294415016,1.0221550306570253,1.003687021543776,1.0567735695584162
2010-06-16,1.0238558036516883,0.9185903349537741,1.021589411972949,1.003687021543776,1.060428645782647
2010-06-17,1.0242970143655934,0.9196315827485878,1.0220296460295093,1.003687021543776,1.0643290935026168
2010-06-18,1.0242970143655934,0.919747558700862,1.0220296460295093,1.003687021543776,1.065846357636836
2010-06-21,1.0242970143655934,0.9179326066782264,1.0220296460295093,1.003687021543776,1.060272854012307
2010-06-22,1.0242970143655934,0.9067491190832642,1.0220296460295093,1.003687021543776,1.0409907905362372
2010-06-23,1.0242970143655934,0.9066930160189185,1.0220296460295093,1.003687021543776,1.0384510269428253
2010-06-24,1.0242970143655934,0.8963332581788398,1.0220296460295093,1.003687021543776,1.0210891686199706
2010-06-25,1.0242970143655934,0.8975895554794822,1.0220296460295093,1.003687021543776,1.0245756882009984
2010-06-28,1.0242970143655934,0.8945578831029257,1.0220296460295093,1.003687021543776,1.0233688198829562
2010-06-29,1.0216176920707625,0.8803764653268925,1.0220296460295093,1.0010616101873637,0.9884611432327021
2010-06-30,1.0200463265274444,0.8715190322012272,1.0213504967396196,1.00018707807568,0.975741967029993
2010-07-01,1.0203268190272752,0.8686330360201043,1.021877643482681,0.999945885948592,0.9737017367650966
2010-07-02,1.0176465067358849,0.8701766643006232,1.0194009031319433,0.9997426966625246,0.9680041054963935
2010-07-06,1.0173091118482036,0.8695474397240025,1.019862642389966,0.9989584026386448,0.9664353932998553
2010-07-07,1.0379950510897185,0.8813621325236376,1.0381279767290126,1.0013802512778778,0.9971860759829007
2010-07-08,1.0417074979852476,0.8875523317326616,1.0409913705415381,1.002199708108629,1.0058737615161644
2010-07-09,1.049047017826231,0.8933724257134602,1.045917719491543,1.0045180966558147,1.0139600261815098
2010-07-12,1.048454567655056,0.8913089750909577,1.0455385284770855,1.0043149760663994,1.0138290701990846
2010-07-13,1.0519518187173045,0.901458385563833,1.0470577068949578,1.0062057138470502,1.0340807109470822
2010-07-14,1.051879464577378,0.9014466637889954,1.0469001210628068,1.0062879436279824,1.0393421941160816
2010-07-15,1.051879464577378,0.9011452802672048,1.0469001210628068,1.0062879436279824,1.0403725059463929
2010-07-16,1.051879464577378,0.8781166278102395,1.0469001210628068,1.0062879436279824,1.0092492743917048
2010-07-19,1.0533488084536717,0.8847604503108399,1.048362509419816,1.0062879436279824,1.0208792783163412
2010-07-20,1.053492848008519,0.8947637101479956,1.0485058671261744,1.0062879436279824,1.0311221665522756
2010-07-21,1.0533491816684293,0.884698614100857,1.0483628808678647,1.0062879436279824,1.015099708860014
2010-07-22,1.0547414661284185,0.8933771279280572,1.0497485745892476,1.0062879436279824,1.040005127982267
2010-07-23,1.0541950681989751,0.8982620909783617,1.0492047631757293,1.0062879436279824,1.0526106366673658
2010-07-26,1.0538218366553271,0.9085645672918514,1.0488332984201296,1.0062879436279824,1.066253251796764
2010-07-27,1.0538218366553271,0.9036671164082173,1.0488332984201296,1.0062879436279824,1.0595794054225491
2010-07-28,1.0538218366553271,0.8980640914487866,1.0488332984201296,1.0062879436279824,1.0493233157294901
2010-07-29,1.0538218366553271,0.8915531538526166,1.0488332984201296,1.0062879436279824,1.038622465004165
2010-07-30,1.0538218366553271,0.8937579782564059,1.0488332984201296,1.0062879436279824,1.0407872891157246
2010-08-02,1.0556493065605697,0.9068777416929149,1.0506521175238999,1.0062879436279824,1.0579555016178355
2010-08-03,1.0544073660411382,0.9009158164783676,1.0494160560511454,1.0062879436279824,1.0518022710391577
2010-08-04,1.0556071607732909,0.9070412742166261,1.050610171244606,1.0062879436279824,1.0666877733317464
2010-08-05,1.0560216640009037,0.9056390036671543,1.0510227123139795,1.0062879436279824,1.0639792956529557
2010-08-06,1.0551987909611862,0.9058595952484186,1.050203734556632,1.0062879436279824,1.0634211763419121
2010-08-09,1.0557292448303945,0.9076952721181231,1.0507316773852482,1.0062879436279824,1.0701288900164774
2010-08-10,1.0557292448303945,0.9041164262348993,1.0507316773852482,1.0062879436279824,1.0572383886732513
2010-08-11,1.0557292448303945,0.8832624660347425,1.0507316773852482,1.0062879436279824,1.0266075956283962
2010-08-12,1.0583218163956178,0.884588793842047,1.0515180772873083,1.0080059645367214,1.025561393529678
2010-08-13,1.0577248708230969,0.8803120406980107,1.0515651662013286,1.007392259218564,1.0216035867738162
2010-08-16,1.0589736116000827,0.8828988424188404,1.0517534484688582,1.0084012046238329,1.024764120107175
2010-08-17,1.059903817261057,0.8922401218920512,1.0525978725252523,1.0084773696013651,1.0382124383788023
2010-08-18,1.0593776658103227,0.8901881320182985,1.0525516360178866,1.0080210454427971,1.03998322802574
2010-08-19,1.058878382929265,0.8784912554222588,1.0528028110054204,1.0073054183905479,1.0257377690870555
2010-08-20,1.058878382929265,0.8762797678914324,1.0528028110054204,1.0073054183905479,1.02821578905915
2010-08-23,1.0554458428996443,0.8690009353057118,1.050753181205494,1.0060011152100001,1.0209952951014905
2010-08-24,1.0515789901482409,0.854361256626025,1.0481870151725141,1.0047722856782202,1.0040217544064653
2010-08-25,1.0585693551249142,0.8616794781001297,1.053324671263465,1.0073875119341869,1.0125229901456907
2010-08-26,1.0514752816767134,0.854041878826188,1.0493544953633622,1.0028954142823774,1.0015919082741305
2010-08-27,1.0556633964245306,0.8647826104790334,1.0514855022447942,1.0061696590657285,1.01875869337338
2010-08-30,1.0497390817080037,0.8546319761218804,1.04671811606515,1.0036556490906574,1.0000131931115288
2010-08-31,1.0461019389827955,0.8539314059169792,1.0445009322414731,1.001493836787909,0.9963460435033126
2010-09-01,1.0624837446752053,0.874877599895175,1.0577430055676977,1.0052166005135137,1.0293630258275837
2010-09-02,1.0688306776051228,0.8863166276568811,1.0618716128210852,1.007297853157438,1.0447657028841855
2010-09-03,1.0764908701813514,0.8933909228148689,1.0675452358728998,1.0093577987030018,1.0564324783581118
2010-09-07,1.0701516358131815,0.88701988810295,1.063816507922323,1.0076304396115392,1.043744544908984
2010-09-08,1.0688971054570526,0.8930341580225036,1.063152431752941,1.0080885987264654,1.0534096043234518
2010-09-09,1.0725115238968828,0.8938595679046372,1.066328546385063,1.0087433222182027,1.0560845699032169
2010-09-10,1.0724847111087852,0.8977826012421514,1.0663018881714033,1.0087433222182027,1.0567311482317685
2010-09-13,1.0724847111087852,0.9038932450039858,1.0663018881714033,1.0087433222182027,1.0762437500211512
2010-09-14,1.0724847111087852,0.9043885295271473,1.0663018881714033,1.0087433222182027,1.0834354707302007
2010-09-15,1.0724847111087852,0.9060084445530456,1.0663018881714033,1.0087433222182027,1.0870357479334707
2010-09-16,1.0724847111087852,0.9059765683445806,1.0663018881714033,1.0087433222182027,1.0872609947242173
2010-09-17,1.0724847111087852,0.9064538296875833,1.0663018881714033,1.0087433222182027,1.0909199139484858
2010-09-20,1.0724847111087852,0.9132714147799491,1.0663018881714033,1.0087433222182027,1.108585036570046
2010-09-21,1.0724847111087852,0.9134408801680083,1.0663018881714033,1.0087433222182027,1.1072957947948632
2010-09-22,1.0724847111087852,0.9063765444218297,1.0663018881714033,1.0087433222182027,1.0969112535790144
2010-09-23,1.0724847111087852,0.9020345133786901,1.0663018881714033,1.0087433222182027,1.0931624070047254
2010-09-24,1.0724847111087852,0.9175154208382004,1.0663018881714033,1.0087433222182027,1.1216544978631213
2010-09-27,1.0724847111087852,0.911959246932922,1.0663018881714033,1.0087433222182027,1.1180526058218188
2010-09-28,1.0724847111087852,0.9162200725742262,1.0663018881714033,1.0087433222182027,1.1269434872492405
2010-09-29,1.0724847111087852,0.9142166073940798,1.0663018881714033,1.0087433222182027,1.1269425251413983
2010-09-30,1.0724847111087852,0.9144357713988351,1.0663018881714033,1.0087433222182027,1.119153379542442
2010-10-01,1.0724847111087852,0.9140983720516559,1.0663018881714033,1.0087433222182027,1.1208425366311507
2010-10-04,1.0724847111087852,0.9095210630237148,1.0663018881714033,1.0087433222182027,1.1115223264440457
2010-10-05,1.0724847111087852,0.9217344292334783,1.0663018881714033,1.0087433222182027,1.130976314700676
2010-10-06,1.0724847111087852,0.9236999759245018,1.0663018881714033,1.0087433222182027,1.1211795675270222
2010-10-07,1.0724847111087852,0.9182020098522515,1.0663018881714033,1.0087433222182027,1.122505644938849
2010-10-08,1.0724847111087852,0.9194886968736505,1.0663018881714033,1.0087433222182027,1.1270725817939629
2010-10-11,1.0724847111087852,0.9190000209389977,1.0663018881714033,1.0087433222182027,1.1285472854370235
2010-10-12,1.0724847111087852,0.9196095051658495,1.0663018881714033,1.0087433222182027,1.133733017053131
2010-10-13,1.0724847111087852,0.9262496180817459,1.0663018881714033,1.0087433222182027,1.1404227006895349
2010-10-14,1.0724847111087852,0.9244848273065096,1.0663018881714033,1.0087433222182027,1.1403251428874346
2010-10-15,1.0724847111087852,0.9271968168506218,1.0663018881714033,1.0087433222182027,1.1531989802397513
2010-10-18,1.0724847111087852,0.9255542007714221,1.0663018881714033,1.0087433222182027,1.154454168253781
2010-10-19,1.0724847111087852,0.9140479667066627,1.0663018881714033,1.0087433222182027,1.1376789668208938
2010-10-20,1.0724847111087852,0.9236556045293467,1.0663018881714033,1.0087433222182027,1.1503448023618517
2010-10-21,1.0724847111087852,0.9279838053412895,1.0663018881714033,1.0087433222182027,1.1515955090167782
2010-10-22,1.0724847111087852,0.9329330625561101,1.0663018881714033,1.0087433222182027,1.1673587748698357
2010-10-25,1.0724847111087852,0.9356924981911304,1.0663018881714033,1.0087433222182027,1.1740290175633812
2010-10-26,1.0724847111087852,0.9373285663848162,1.0663018881714033,1.0087433222182027,1.1750325138839233
2010-10-27,1.0724847111087852,0.9377145477266187,1.0663018881714033,1.0087433222182027,1.1832054265639294
2010-10-28,1.0724847111087852,0.9357255662261521,1.0663018881714033,1.0087433222182027,1.185475204695204
2010-10-29,1.0724847111087852,0.9362917708146731,1.0663018881714033,1.0087433222182027,1.1888879404452148
2010-11-01,1.0724847111087852,0.9366912746227597,1.0663018881714033,1.0087433222182027,1.1881151204796712
2010-11-02,1.0724847111087852,0.9450367205655862,1.0663018881714033,1.0087433222182027,1.1996185627601703
2010-11-03,1.0724847111087852,0.9471379619336606,1.0663018881714033,1.0087433222182027,1.204535009578354
2010-11-04,1.0724847111087852,0.9524380785332307,1.0663018881714033,1.0087433222182027,1.2230785232632633
2010-11-05,1.0724847111087852,0.9536345442121243,1.0663018881714033,1.0087433222182027,1.2246405069052444
2010-11-08,1.073602017829235,0.9527973929075741,1.067412753672181,1.0087433222182027,1.2241029346038224
2010-11-09,1.0780387919077816,0.9439122948361881,1.0718239499608937,1.0087433222182027,1.2166254529387948
2010-11-10,1.0790336275645314,0.947771090253407,1.0728130504377813,1.0087433222182027,1.2219753916810858
2010-11-11,1.0780114765660735,0.9370702332156909,1.071796792090821,1.0087433222182027,1.2138572976067266
2010-11-12,1.0758508150273625,0.9257237819055499,1.0696485866622836,1.0087433222182027,1.2046698342812108
2010-11-15,1.0753359316844526,0.9192144395165909,1.0691366715971586,1.0087433222182027,1.2010687448503414
2010-11-16,1.073349527870498,0.9100170035316308,1.06716171930595,1.0087433222182027,1.1858920274222449
2010-11-17,1.073344679093133,0.9112802470991995,1.0671568984815538,1.0087433222182027,1.189923102018158
2010-11-18,1.0749765655844599,0.9220268932916083,1.0687793772255019,1.0087433222182027,1.2079802135224047
2010-11-19,1.0745800734850937,0.9239046304756932,1.069004756556158,1.00815854024863,1.2127553189575566
2010-11-22,1.0761388301866128,0.9337084680131943,1.0691031179716222,1.0095281848511524,1.2266413896385728
2010-11-23,1.073229453126243,0.9262219570529527,1.0679743405066326,1.0078647691079026,1.212929920305332
2010-11-24,1.0756272027667382,0.9405595481439705,1.068404707226094,1.0097103405230483,1.2347583758252698
2010-11-26,1.0749075192796125,0.9348754199140493,1.0680462639057577,1.0093482698206757,1.2305835643096068
2010-11-29,1.0741745804929614,0.9329168649266676,1.0674532151869318,1.0091940065622587,1.2230005913451734
2010-11-30,1.0720187120311002,0.9249421062586748,1.0659332326537974,1.0086055794036746,1.2130238228706371
2010-12-01,1.0732201294332264,0.9429834042122495,1.0671278300249465,1.0086055794036746,1.2417267175155988
2010-12-02,1.0725096503320128,0.954545263796729,1.0664213840678096,1.0086055794036746,1.2544163740480725
2010-12-03,1.0720911297380613,0.9567810353465869,1.0659511362804273,1.0086055794036746,1.260844912113525
2010-12-06,1.0730452645879556,0.9549746099705726,1.0669572726007779,1.0086055794036746,1.2599153355236203
2010-12-07,1.0729347939540812,0.9562406302597358,1.0668474287292182,1.0086055794036746,1.260241365559393
2010-12-08,1.0728241191806505,0.9534248996448811,1.0667373818763013,1.0086055794036746,1.2672257241636846
2010-12-09,1.073794386002022,0.9555275820829088,1.0677021438258572,1.0086055794036746,1.275201418511618
2010-12-10,1.073794386002022,0.9583728041672755,1.0678109443954384,1.0086055794036746,1.2822512891900324
2010-12-13,1.0741763544991156,0.952111521996426,1.0678109443954384,1.0086055794036746,1.2757548884788108
2010-12-14,1.0741763544991156,0.9519857352527339,1.0678109443954384,1.0086055794036746,1.2783644010057644
2010-12-15,1.0741763544991156,0.9515709007223623,1.0678109443954384,1.0086055794036746,1.2722508818291123
2010-12-16,1.0741763544991156,0.961423067148581,1.0678109443954384,1.0086055794036746,1.2866634796338432
2010-12-17,1.0741763544991156,0.9629859663023353,1.0678109443954384,1.0086055794036746,1.2928261976452227
2010-12-20,1.0741763544991156,0.961476774685938,1.0678109443954384,1.0086055794036746,1.295428556639849
2010-12-21,1.0741763544991156,0.9685583753668097,1.0678109443954384,1.0086055794036746,1.3046963970508363
2010-12-22,1.0741763544991156,0.9697601527609684,1.0678109443954384,1.0086055794036746,1.3068146616874188
2010-12-23,1.0741763544991156,0.9673655391979425,1.0678109443954384,1.0086055794036746,1.3007468113039093
2010-12-27,1.0741763544991156,0.9696542016094184,1.0678109443954384,1.0086055794036746,1.2984299227944747
2010-12-28,1.0741763544991156,0.9704981853007039,1.0678109443954384,1.0086055794036746,1.2971475565536121
2010-12-29,1.0741763544991156,0.975099545103085,1.0678109443954384,1.0086055794036746,1.3010810425893427
2010-12-30,1.0741763544991156,0.9723445625392814,1.0678109443954384,1.0086055794036746,1.2994517919708746
2010-12-31,1.0741763544991156,0.9708172712775559,1.0678109443954384,1.0086055794036746,1.2941972280180354
2011-01-03,1.0741763544991156,0.9827811059280569,1.0678109443954384,1.0086055794036746,1.3126888565032933
2011-01-04,1.0741763544991156,0.9861442452340654,1.0678109443954384,1.0086055794036746,1.3093294823172386
2011-01-05,1.0741763544991156,0.995517748206495,1.0678109443954384,1.0086055794036746,1.3216033053671932
2011-01-06,1.0741763544991156,0.9941348266170951,1.0678109443954384,1.0086055794036746,1.325258456610049
2011-01-07,1.0739503686905008,0.9935844288848389,1.0675862977452804,1.0086055794036746,1.3248925505436433
2011-01-10,1.0742643869177988,0.9947033543076461,1.0678984551470367,1.0086055794036746,1.3298704001498525
2011-01-11,1.0737817639808196,0.9976332571547089,1.067418692162156,1.0086055794036746,1.3319349045619957
2011-01-12,1.0746503394346907,0.9986382084307648,1.0682821205664328,1.0086055794036746,1.3449023278965533
2011-01-13,1.0742273232131754,0.9993049279511601,1.0678616110764418,1.0086055794036746,1.3458059808568603
2011-01-14,1.0741625785709275,1.007989258864357,1.067797250101362,1.0086055794036746,1.3620093065261625
2011-01-18,1.0741625785709275,1.0050628980697434,1.067797250101362,1.0086055794036746,1.3677487478422408
2011-01-19,1.0741625785709275,0.9848043603037467,1.067797250101362,1.0086055794036746,1.3477597203267329
2011-01-20,1.0741625785709275,0.978405238480332,1.067797250101362,1.0086055794036746,1.3422224460020435
2011-01-21,1.073949896654535,0.9760404717137613,1.067797250101362,1.0084058776343232,1.3397903708335273
2011-01-24,1.0773293055361357,0.9889481803785001,1.067797250101362,1.0115790384956924,1.356374492033342
2011-01-25,1.077747197484649,0.9918074746695943,1.067797250101362,1.0119714261651822,1.35894130482769
2011-01-26,1.077900046926603,1.008951679686967,1.067797250101362,1.012114947083746,1.3710674743020494
2011-01-27,1.0782702235711519,1.0162078705661866,1.067797250101362,1.012462531552341,1.3828299652787597
2011-01-28,1.0781567500017035,0.9868326649376408,1.067797250101362,1.0123559833653684,1.3502212419004997
2011-01-31,1.0781567500017035,0.9945719994056688,1.067797250101362,1.0123559833653684,1.3589133116138816
2011-02-01,1.0781567500017035,1.0137210053890546,1.067797250101362,1.0123559833653684,1.3814333642093246
2011-02-02,1.0781567500017035,1.017291250005448,1.067797250101362,1.0123559833653684,1.3806581699409668
2011-02-03,1.078076475594614,1.0132168238459653,1.0677177470132038,1.0123559833653684,1.3822096659946983
2011-02-04,1.078183230632844,1.0215531440587438,1.0678234762926024,1.0123559833653684,1.3943388912775208
2011-02-07,1.0785774435325566,1.0168597637872672,1.0682139013864183,1.0123559833653684,1.3937279672265346
2011-02-08,1.079127625418594,1.0187997730441192,1.0687587968341028,1.0123559833653684,1.4014817134899669
2011-02-09,1.078446494829147,1.0126902927984758,1.0680842109073623,1.0123559833653684,1.3958757662784034
2011-02-10,1.078207382046982,1.0115305487726927,1.0678473956471883,1.0123559833653684,1.4005404919192133
2011-02-11,1.0770237946070702,1.0152941371401347,1.0666751807409696,1.0123559833653684,1.4104770144334264
2011-02-14,1.077340555106189,1.0199095641374867,1.066988897637793,1.0123559833653684,1.4182176793224623
2011-02-15,1.0769396353036411,1.0106269992654426,1.0665918300846093,1.0123559833653684,1.4114751083750685
2011-02-16,1.0766800635990068,1.0267303182594993,1.0663347524821065,1.0123559833653684,1.4260068974244058
2011-02-17,1.0766568168552368,1.028349850559829,1.0663117291053374,1.0123559833653684,1.4320525668525874
2011-02-18,1.0769172338092843,1.033987296970811,1.0665696438356502,1.0123559833653684,1.43533368232026
2011-02-22,1.0758034741201699,1.0021584051821235,1.0654665857382928,1.0123559833653684,1.395116291117902
2011-02-23,1.0744138421998566,0.9879729124744961,1.0640903061359424,1.0123559833653684,1.374553756737423
2011-02-24,1.074170871449735,0.9944752147362754,1.0638496699772073,1.0123559833653684,1.3890524283029781
2011-02-25,1.0763120505288635,1.0109515872376984,1.06597027547605,1.0123559833653684,1.4147629674845066
2011-02-28,1.075269726400517,1.0118161531569878,1.0649379665488363,1.0123559833653684,1.4157342652127758
2011-03-01,1.0758772190241706,0.9934637622573055,1.065539622062279,1.0123559833653684,1.3917089258645579
2011-03-02,1.0753383485458496,0.9954097327018203,1.0650059293363272,1.0123559833653684,1.3984875848960652
2011-03-03,1.0763636659894584,1.017546847690855,1.066021394988019,1.0123559833653684,1.427393199370239
2011-03-04,1.0760695621829202,1.0129143077598155,1.0657301170862987,1.0123559833653684,1.4232182060010836
2011-03-07,1.0746826501209408,0.9935314159064547,1.0657301170862987,1.011051189722197,1.4041931912104082
2011-03-08,1.076360224183081,0.9967071762301163,1.066112948474191,1.0122662457704616,1.410735471288475
2011-03-09,1.0759235858484686,0.9902299063454117,1.065779239318478,1.0121724622605741,1.4029015976776231
2011-03-10,1.07326717946118,0.9774182388609269,1.0642031008193311,1.011170316067342,1.3795434545015055
2011-03-11,1.0733512769261755,0.9817915959571251,1.0648575699844527,1.0106276930521876,1.387645573110408
2011-03-14,1.072306535857933,0.9763271079979725,1.0640060431859286,1.0104521648617555,1.3790014083563353
2011-03-15,1.0693607668384746,0.9643134250369246,1.0612192334106363,1.010322861257587,1.3655297296736812
2011-03-16,1.0651871935432322,0.949417445414223,1.0578602350608655,1.0095776049270468,1.3425318212220807
2011-03-17,1.0649216109862276,0.958272001570167,1.0578276914136409,1.0093569457762777,1.3537046335919543
2011-03-18,1.0643976624839755,0.9600990142178827,1.0573320118390048,1.009333302488258,1.3579837899804603
2011-03-21,1.0750654131990838,0.9740558310871369,1.066756848795311,1.0104521932257742,1.379176190637236
2011-03-22,1.0727620626662908,0.9685755919100875,1.0649816307412412,1.0099687978920162,1.3752508904883294
2011-03-23,1.07671658880666,0.9704412932839275,1.0666846624095367,1.0120767893866387,1.3843454576244754
2011-03-24,1.0808105512811117,0.98329689803327,1.0684595672618786,1.0142409338310021,1.4090316496331519
2011-03-25,1.0786986186177343,0.9818688386651363,1.0671578778715687,1.013494715562146,1.409393567484696
2011-03-28,1.0793467102900696,0.9839130118074115,1.0675334124731088,1.013746981705717,1.408999051566135
2011-03-29,1.0807157290536897,0.9919387886889403,1.0682200717421289,1.0143807325294616,1.4269921006471828
2011-03-30,1.0803749052666827,0.9961774640921575,1.067883188692849,1.0143807325294616,1.436419161614548
2011-03-31,1.0798138466159082,0.9979337730962857,1.0673286172213052,1.0143807325294616,1.4363512596590118
2011-04-01,1.0794675629896147,0.9945812375628881,1.0669863374615332,1.0143807325294616,1.4414135645821498
2011-04-04,1.0795308874695917,0.9977638693945073,1.0670489297591426,1.0143807325294616,1.4405745669291583
2011-04-05,1.079820304394777,1.001790034038456,1.0673350003328126,1.0143807325294616,1.445269618647078
2011-04-06,1.079820304394777,0.9986270797682502,1.0673350003328126,1.0143807325294616,1.4515629294848666
2011-04-07,1.079820304394777,0.989291539221053,1.0673350003328126,1.0143807325294616,1.4456434281415198
2011-04-08,1.079820304394777,0.9841558094913805,1.0673350003328126,1.0143807325294616,1.437229738456909
2011-04-11,1.079820304394777,0.9852345315574775,1.0673350003328126,1.0143807325294616,1.4342714139678907
2011-04-12,1.079820304394777,0.9782226183946627,1.0673350003328126,1.0143807325294616,1.4208903984047563
2011-04-13,1.0796283150496273,0.9828203900356836,1.0671452308434493,1.0143807325294616,1.4283213149814504
2011-04-14,1.079717419114724,0.9832897565369557,1.0672333046525475,1.0143807325294616,1.4306702260919841
2011-04-15,1.0801241128022037,0.9833859453625025,1.0676352959887863,1.0143807325294616,1.436949846117569
2011-04-18,1.0786168375638292,0.9742414315441494,1.0661454484553547,1.0143807325294616,1.4208196032061342
2011-04-19,1.0777891147307828,0.9783039048611881,1.0653272960769549,1.0143807325294616,1.4282553580379895
2011-04-20,1.0815451624862855,0.9964877746716966,1.069039914941458,1.0143807325294616,1.4625465828962179
2011-04-21,1.0814155763199236,1.0061948553705766,1.0689118271009588,1.0143807325294616,1.473494315945308
2011-04-25,1.0814052720612424,1.006544054009391,1.0689016419841406,1.0143807325294616,1.4729632473793282
2011-04-26,1.082893835422334,1.0081314015941139,1.0703729939943223,1.0143807325294616,1.4867557200018546
2011-04-27,1.0838978207143712,1.019466980923421,1.0713653708163262,1.0143807325294616,1.509973765437704
2011-04-28,1.083940157165882,1.0255090622564356,1.0714072177572511,1.0143807325294616,1.5129087897815945
2011-04-29,1.0851752653958502,1.0240904675819693,1.0726280451835173,1.0143807325294616,1.5078159435422132
2011-05-02,1.0840703404112566,1.0209866505647345,1.0715358957731023,1.0143807325294616,1.5052909542242519
2011-05-03,1.0837283001136149,1.0162113288076047,1.071197810278959,1.0143807325294616,1.4953812720967956
2011-05-04,1.0837283001136149,1.0121767155304275,1.071197810278959,1.0143807325294616,1.4884640138885123
2011-05-05,1.0837283001136149,1.0129896062549486,1.071197810278959,1.0143807325294616,1.4830169913133353
2011-05-06,1.0837283001136149,1.0172791181914898,1.071197810278959,1.0143807325294616,1.494716322453615
2011-05-09,1.0837283001136149,1.0280341125088979,1.071197810278959,1.0143807325294616,1.506612709818517
2011-05-10,1.0837283001136149,1.0323039054285008,1.071197810278959,1.0143807325294616,1.5213440110448186
2011-05-11,1.0837283001136149,1.0251285607878353,1.071197810278959,1.0143807325294616,1.5083529652738867
2011-05-12,1.0837283001136149,1.0361666590945122,1.071197810278959,1.0143807325294616,1.5236566702874959
2011-05-13,1.0837283001136149,1.0281261834273534,1.071197810278959,1.0143807325294616,1.5078747274394768
2011-05-16,1.0837283001136149,1.017576546302338,1.071197810278959,1.0143807325294616,1.48690746358045
2011-05-17,1.0837283001136149,1.0147877530128946,1.071197810278959,1.0143807325294616,1.4845491363644783
2011-05-18,1.0837283001136149,1.0265791936218214,1.071197810278959,1.0143807325294616,1.5034486099756321
2011-05-19,1.0837283001136149,1.0256505647120118,1.071197810278959,1.0143807325294616,1.5059798011760217
2011-05-20,1.0837283001136149,1.0186617270312717,1.071197810278959,1.0143807325294616,1.4995663530938017
2011-05-23,1.0837283001136149,1.0085387290846712,1.071197810278959,1.0143807325294616,1.4761843320757964
2011-05-24,1.0837283001136149,1.0043452899766918,1.071197810278959,1.0143807325294616,1.4708592219574637
2011-05-25,1.0854778089723884,1.0050391843205875,1.0729270906330712,1.0143807325294616,1.4833391437143821
2011-05-26,1.0848914488951276,1.0039009588205594,1.072347510280015,1.0143807325294616,1.4930790035589119
2011-05-27,1.0850723840893295,1.0027491694016246,1.072526353430841,1.0143807325294616,1.4976628513553811
2011-05-31,1.08760694595178,1.0145009709384667,1.0750316096992145,1.0143807325294616,1.5156051849527783
2011-06-01,1.0834849930831216,0.9941651239506708,1.0709573164593709,1.0143807325294616,1.4833468983654112
2011-06-02,1.0832917828961217,0.9943690314337247,1.0707663402440075,1.0143807325294616,1.4842924995477464
2011-06-03,1.0821154301008693,0.9834507909249952,1.0696035888991753,1.0143807325294616,1.465266842264427
2011-06-06,1.0818231977145099,0.9770727553758033,1.0693147354177925,1.0143807325294616,1.4510655397846755
2011-06-07,1.0804195878465095,0.9802584501162956,1.0679273546352381,1.0143807325294616,1.4546840006827237
2011-06-08,1.0770884595203727,0.9682381234688159,1.0646347421157147,1.0143807325294616,1.4385475297594144
2011-06-09,1.0778547622251,0.9643593187642957,1.0656684214436098,1.0141175348407157,1.441547486964673
2011-06-10,1.075884240211882,0.9464135732185195,1.0640339900415827,1.0138189035589082,1.4196849254501398
2011-06-13,1.0714902899625631,0.9435720840838278,1.060633953492832,1.012918008602264,1.4125843805056935
2011-06-14,1.0808539887293402,0.9572416418779518,1.0691991054943903,1.0135900254263894,1.433070522295612
2011-06-15,1.0632069330532956,0.9408626360840444,1.0538425556714843,1.0115990406993065,1.4055330430350756
2011-06-16,1.0584559992059666,0.9353369821759056,1.0504819704689252,1.0103045918032865,1.399242174672986
2011-06-17,1.0527103081356024,0.9267595948893071,1.0450465225053123,1.0100478448832257,1.3951763597176827
2011-06-20,1.0560533089962907,0.9315452041476773,1.0480241776247472,1.0103774330067703,1.4023058017564256
2011-06-21,1.0810448081038186,0.9502672343887083,1.0701613558722944,1.0129460380600832,1.4346815290158268
2011-06-22,1.0736973805768517,0.9460585009051081,1.0634282627227367,1.0124345642611654,1.4287026422407196
2011-06-23,1.077165459364253,0.9508290832726956,1.0660830370450758,1.013177289964947,1.4379387838012245
2011-06-24,1.0716923756192056,0.9479416753352901,1.0622117771671657,1.0117084740762539,1.4210189465747638
2011-06-27,1.0736440402733654,0.9579719733859141,1.063539980925418,1.0122858479748171,1.436748371000323
2011-06-28,1.0765576708107176,0.9730735886284629,1.066353739914437,1.0123548077808877,1.4589060375917822
2011-06-29,1.0778266582311409,0.9763028804600941,1.066740211340192,1.0131812154154005,1.4655243084263336
2011-06-30,1.0795845295841537,0.983779292865006,1.0684085966223915,1.0132490350530994,1.4845121147546876
2011-07-01,1.083036984461949,0.9924438416469878,1.0693256883461402,1.015619608171781,1.5085747136750056
2011-07-05,1.083584197213839,0.9951307527337625,1.0695512824706637,1.015918493947748,1.5135218987043306
2011-07-06,1.0832535829074827,0.995408091833783,1.0692249497719444,1.015918493947748,1.5132740149662425
2011-07-07,1.0832535829074827,1.0014931237781104,1.0692249497719444,1.015918493947748,1.530375795848882
2011-07-08,1.0832535829074827,0.9953637160253693,1.0692249497719444,1.015918493947748,1.518368555381003
2011-07-11,1.0832535829074827,0.9756461328944616,1.0692249497719444,1.015918493947748,1.4911588399016762
2011-07-12,1.0832535829074827,0.9582262959019788,1.0692249497719444,1.015918493947748,1.469949226278847
2011-07-13,1.0810431915739571,0.9599697858431002,1.0682633207135932,1.0147591874543245,1.4742128175468694
2011-07-14,1.07790393481142,0.9499049602643216,1.065820409215012,1.014132971657176,1.4539817133040351
2011-07-15,1.07845241438116,0.9496091175177729,1.0658133398519878,1.0146557286043378,1.4647822340742986
2011-07-18,1.0741147084630762,0.9399623724795729,1.0621361648975656,1.0140752985181614,1.4463818725954074
2011-07-19,1.0846071365427992,0.9577796947472185,1.0710497744518126,1.0154709596623117,1.4790644475808836
2011-07-20,1.081920012628069,0.9436254354482384,1.0684230264279257,1.0154455623072165,1.47057836772845
2011-07-21,1.079049878086873,0.9478236956342312,1.0655886969054398,1.0154455623072165,1.482698142190508
2011-07-22,1.0854521131372015,0.9518426760022521,1.0719110638720692,1.0154455623072165,1.4974175631196922
2011-07-25,1.0798925801244574,0.9406788143052339,1.0664208862085898,1.0154455623072165,1.4840235662287402
2011-07-26,1.0802790552475747,0.9357593033505891,1.0668025400423857,1.0154455623072165,1.4775782718921369
2011-07-27,1.0778046396042138,0.9092495612612483,1.0643589928120332,1.0154455623072165,1.4369022831431575
2011-07-28,1.078944755704578,0.911292151569224,1.0654848859281714,1.0154455623072165,1.436218924405645
2011-07-29,1.0834250983729068,0.9106143211088263,1.0699093361807388,1.0154455623072165,1.4307425675765284
2011-08-01,1.076938326417316,0.9074564816146135,1.0635034869094004,1.0154455623072165,1.4260784210264688
2011-08-02,1.0646153995711982,0.883626010041468,1.051893184787921,1.0149119220401575,1.3778875459722881
2011-08-03,1.0751288433957995,0.8878013595997206,1.0604468122425335,1.0175227813930423,1.3887328069907816
2011-08-04,1.0178419357118234,0.8362685509724197,1.0132894034491045,1.0049873689908062,1.3108104318356488
2011-08-05,1.0119739003092574,0.8267672917842546,1.0145440495896894,0.9961659680198125,1.3028079179816088
2011-08-08,0.9473366473900241,0.7769016627498024,0.9523783490362583,0.980569309172502,1.2216204472462588
2011-08-09,1.0001249456988468,0.8198405249854612,0.9980948769947442,1.0009942345796663,1.2847522436326708
2011-08-10,0.9617648068626394,0.7876926609218228,0.9591652351760034,0.9896478289636207,1.2372122910131118
2011-08-11,1.0116823078263406,0.8187121926303335,1.003128211841784,1.0183223685369571,1.2973859930541376
2011-08-12,1.0216372155131737,0.8340430528771396,1.015042251019963,1.017017047314715,1.3105810611250122
2011-08-15,1.045769184557642,0.8500356852298951,1.0341550320598158,1.0228898329429275,1.3367699678363565
2011-08-16,1.0357414879057798,0.840854288626741,1.026026759597743,1.0206532114075244,1.3202878431901885
2011-08-17,1.035720384849287,0.8393010679149006,1.0270200435356902,1.021169852664418,1.3157138645446878
2011-08-18,1.0273849978594676,0.7933922015176466,1.0190201157679764,1.021169852664418,1.2485894585878217
2011-08-19,1.021217578201354,0.7749995947647186,1.0129029107210905,1.021169852664418,1.2307194999019626
2011-08-22,1.015827819767784,0.7779311279516461,1.009069703472468,1.0196448385954373,1.2317021265503643
2011-08-23,1.053735073151057,0.8160017153824648,1.0445798672468323,1.0218122169232542,1.2871312395311687
2011-08-24,1.0618392507644498,0.8234841753257572,1.050272734622608,1.0241020931372016,1.296590331268567
2011-08-25,1.0439116143645135,0.8056220174676164,1.03468225997877,1.0220135866529108,1.2699717057817264
2011-08-26,1.0528023150558095,0.82645735566942,1.043039237889926,1.0224631331385656,1.300788870704649
2011-08-29,1.061896654926157,0.8511416075808214,1.0511467475736653,1.0233478241290062,1.3441203531635928
2011-08-30,1.061047664656005,0.8574028049163406,1.0503063518938671,1.0233478241290062,1.3477560466539396
2011-08-31,1.061047664656005,0.8594774352610047,1.0503063518938671,1.0233478241290062,1.3474602803216746
2011-09-01,1.061047664656005,0.8481735192856663,1.0503063518938671,1.0233478241290062,1.3318607342671716
2011-09-02,1.061047664656005,0.8271690488055499,1.0503063518938671,1.0233478241290062,1.3022986095134839
2011-09-06,1.061047664656005,0.8252346192626157,1.0503063518938671,1.0233478241290062,1.2986778662677398
2011-09-07,1.061047664656005,0.8505373374715602,1.0503063518938671,1.0233478241290062,1.3429953851921594
2011-09-08,1.061047664656005,0.8437069095753239,1.0503063518938671,1.0233478241290062,1.3345152356445125
2011-09-09,1.061047664656005,0.8208339502066514,1.0503063518938671,1.0233478241290062,1.303690837086261
2011-09-12,1.061047664656005,0.8352460622021157,1.0503063518938671,1.0233478241290062,1.3183207634913676
2011-09-13,1.061047664656005,0.8470216619198401,1.0503063518938671,1.0233478241290062,1.3416680550419968
2011-09-14,1.061047664656005,0.8609831415396969,1.0503063518938671,1.0233478241290062,1.3697097723626637
2011-09-15,1.061047664656005,0.8717415628173182,1.0503063518938671,1.0233478241290062,1.3857050306572998
2011-09-16,1.0570343051677487,0.8693935420488562,1.0463336208815277,1.0233478241290062,1.3883164829950523
2011-09-19,1.0531382726475533,0.8601268081279427,1.042477029100165,1.0233478241290062,1.3803383133512581
2011-09-20,1.0481125130859053,0.848931238586622,1.0375021468526255,1.0233478241290062,1.3697306107387635
2011-09-21,1.0474958847178926,0.8285089469606269,1.0368917608037653,1.0233478241290062,1.3407990776501606
2011-09-22,1.050290385288461,0.8006065915258818,1.0370525147289535,1.0259192485612179,1.2988641681381468
2011-09-23,1.0506248074200433,0.8093212049510088,1.0383234975572464,1.0249885724926657,1.3123911595684152
2011-09-26,1.052413999057259,0.8177461155011492,1.0401291164121025,1.0249516764182984,1.3253380126037606
2011-09-27,1.0544536711880934,0.8266773449980078,1.0408210884257076,1.0262562492796425,1.3430024457764345
2011-09-28,1.046860512050526,0.8066041879997339,1.0350079851455425,1.0245978978093946,1.3129233968208107
2011-09-29,1.0431807559418806,0.7947301487132128,1.0305190690517778,1.025440162345762,1.3021422866389196
2011-09-30,1.0406140883605126,0.774628511194694,1.0279835545961564,1.025440162345762,1.2676089297357802
2011-10-03,1.0290364969899284,0.7478796049319453,1.0165464871338603,1.025440162345762,1.2200581391765786
2011-10-04,1.0433102231155431,0.7690436952240384,1.0284824740312457,1.0276235900603106,1.2564913171724348
2011-10-05,1.0595126906594554,0.7859893459763303,1.0434188440143495,1.0286585496553156,1.2862540334765518
2011-10-06,1.0683073406995016,0.8030075638358434,1.0521842238986292,1.0285557060417119,1.3120860032701196
2011-10-07,1.0428995905369243,0.8026362582883588,1.0439585138344223,1.012134364614119,1.300957598513647
2011-10-10,1.0496945058043166,0.8225886173524061,1.0520854436494123,1.0108496443451065,1.339716322838769
2011-10-11,1.0470274065547882,0.8214965726751345,1.0500218993852983,1.010263908430771,1.3383964973531361
2011-10-12,1.0490775228849314,0.8274902730655819,1.052418407683591,1.0118595219597102,1.3512213585218265
2011-10-13,1.052878474268198,0.8335675639094573,1.0539884043404835,1.0155256274340585,1.3662086001188523
2011-10-14,1.054393414208628,0.8483322921488774,1.0559707892454417,1.014655853748284,1.3871570469588483
2011-10-17,1.0545109590559638,0.8285292285777717,1.0559707892454417,1.0153329722379194,1.3581427933665484
2011-10-18,1.0537928673968908,0.8385487295104849,1.0559707892454417,1.0122228688230348,1.379163865055493
2011-10-19,1.0523451142867402,0.8221659347503933,1.0553527649579004,1.0109101554545032,1.3540124787881918
2011-10-20,1.0547208874556862,0.8196259218640176,1.0563461777927579,1.0122408064902513,1.352146296008007
2011-10-21,1.0581548695005623,0.8264614284075561,1.0589804261756528,1.0130122197750855,1.3735814491758258
2011-10-24,1.0617001383903386,0.8382215798192165,1.0597947365155247,1.0156272788183538,1.4075024534954212
2011-10-25,1.0408387966831032,0.8358219145430562,1.0413036345406865,1.0133916989075606,1.377869544203404
2011-10-26,1.0421444247720038,0.8381222738669423,1.0426098457221522,1.0133916989075606,1.381753579830937
2011-10-27,1.043102559709071,0.857471426040472,1.043568408561593,1.0133916989075606,1.4275868076785936
2011-10-28,1.0452181702896652,0.859284306417125,1.04568496397235,1.0158026511150549,1.4383409390253237
2011-10-31,1.0439386442245286,0.8465999073796213,1.0444048664717935,1.0145591346836706,1.4114543876686625
2011-11-01,1.0426731751883642,0.8272513980877287,1.0431388322780684,1.0133292796750426,1.3701364748692904
2011-11-02,1.0447557428682608,0.8306738021781108,1.0452223300311922,1.0154169280325065,1.3857394946406911
2011-11-03,1.0503309535875136,0.8497873104443044,1.0508000306355403,1.020835575769379,1.427092946332424
2011-11-04,1.0474762185804107,0.8535415207769161,1.0495077208782526,1.0188374118849448,1.4297008011697359
2011-11-07,1.0464373330651624,0.851391714425385,1.0499798740956487,1.0173685750611459,1.427151655405329
2011-11-08,1.0424216949309302,0.8568070782593109,1.0497718327276968,1.0136660662927142,1.4402253112824304
2011-11-09,1.0403436706275448,0.8230950658670548,1.0488927277321294,1.0124942342696686,1.3872062584014933
2011-11-10,1.0420120417763497,0.8298771361664671,1.0488927277321294,1.0141179440268182,1.397130205299841
2011-11-11,1.0428956374069873,0.8490856765248014,1.0488927277321294,1.0149778862811953,1.430600566981917
2011-11-14,1.0382209930174382,0.8405480765344991,1.0488927277321294,1.0104283795890225,1.4164655691598274
2011-11-15,1.039154912664588,0.845634481474656,1.0488927277321294,1.0113372987132576,1.4297154697752232
2011-11-16,1.037160088219837,0.833158811973953,1.0488927277321294,1.0093958746380072,1.4123295326165821
2011-11-17,1.0364223614235495,0.8213735779112837,1.0488927277321294,1.0086778963883227,1.3814021128362732
2011-11-18,1.0358629842374911,0.8160886430501649,1.0488927277321294,1.0081334934264397,1.3722965607705808
2011-11-21,1.0333593338812659,0.8003355432430099,1.0488927277321294,1.0056968644336606,1.3504710110688505
2011-11-22,1.0368123215031362,0.8003953504916597,1.0526315205796213,1.0054725968612956,1.3459688858989238
2011-11-23,1.0355879002368864,0.7829948396999936,1.0510837489119527,1.0057636161551222,1.3136389476504633
2011-11-25,1.0298521624840198,0.7782397256828623,1.0454134203253147,1.005618902099786,1.305392539155147
2011-11-28,1.0410388916746756,0.8026210156450547,1.0532608717817442,1.0110261700628702,1.3489211097864062
2011-11-29,1.0384330273088547,0.803470999287958,1.0499137090405135,1.0099884050535335,1.3438081488881723
2011-11-30,1.0461040975293132,0.8354425047180829,1.0541046340551992,1.0111457838208584,1.4011229567646595
2011-12-01,1.0500857681470395,0.840280193464946,1.0582481937262849,1.0130880473910278,1.4065456035314494
2011-12-02,1.0502363216648989,0.8395923507808813,1.0576988303546628,1.0131559480943482,1.4077004834717972
2011-12-05,1.054563468434834,0.843011014902738,1.062056723890546,1.0135733271746752,1.4234191956389135
2011-12-06,1.053181486169973,0.8409388310633699,1.0606649218789788,1.0135733271746752,1.4236890069500971
2011-12-07,1.0559474652221126,0.8392901551934431,1.0634505547388247,1.0135733271746752,1.4234855532223314
2011-12-08,1.0556055676183362,0.8218822429905721,1.0631062277638805,1.0135733271746752,1.3936172185799873
2011-12-09,1.0556055676183362,0.8325955646517523,1.0631062277638805,1.0135733271746752,1.4179144003635358
2011-12-12,1.0556055676183362,0.8181039070170334,1.0631062277638805,1.0135733271746752,1.3957376960930434
2011-12-13,1.0556055676183362,0.8083244511013834,1.0631062277638805,1.0135733271746752,1.3742178137429284
2011-12-14,1.0556055676183362,0.7954373529464238,1.0631062277638805,1.0135733271746752,1.3558952070728842
2011-12-15,1.0556055676183362,0.7968877785300489,1.0631062277638805,1.0135733271746752,1.359194402203386
2011-12-16,1.0556055676183362,0.7980404174299983,1.0631062277638805,1.0135733271746752,1.371447836370719
2011-12-19,1.0556055676183362,0.7893829581689719,1.0631062277638805,1.0135733271746752,1.3505521890273964
2011-12-20,1.0556055676183362,0.8107864521452243,1.0631062277638805,1.0135733271746752,1.3959229222603171
2011-12-21,1.0556055676183362,0.7993573875984277,1.0631062277638805,1.0135733271746752,1.3853500005810642
2011-12-22,1.0556055676183362,0.8095420992684453,1.0631062277638805,1.0135733271746752,1.4052494501281134
2011-12-23,1.0556055676183362,0.8120250819163973,1.0631062277638805,1.0135733271746752,1.4142923341075366
2011-12-27,1.0556055676183362,0.8109693313128583,1.0631062277638805,1.0135733271746752,1.4194612883995532
2011-12-28,1.0556055676183362,0.7981733658023226,1.0631062277638805,1.0135733271746752,1.399004311096352
2011-12-29,1.0556055676183362,0.8041394345880777,1.0631062277638805,1.0135733271746752,1.4145818295810872
2011-12-30,1.0556055676183362,0.8020057134352854,1.0631062277638805,1.0135733271746752,1.4105649753673315
2012-01-03,1.0556055676183362,0.8135758929756804,1.0631062277638805,1.0135733271746752,1.4282950013533684
2012-01-04,1.0556055676183362,0.8109389337010919,1.0631062277638805,1.0135733271746752,1.4312956647209438
2012-01-05,1.0556055676183362,0.8264978944573483,1.0631062277638805,1.0135733271746752,1.4444844575384264
2012-01-06,1.0556055676183362,0.8272664547647649,1.0631062277638805,1.0135733271746752,1.4480131027070535
2012-01-09,1.0556055676183362,0.833208682168802,1.0631062277638805,1.0135733271746752,1.4569425195141532
2012-01-10,1.0556055676183362,0.8442990557888841,1.0631062277638805,1.0135733271746752,1.4746719020277108
2012-01-11,1.0556055676183362,0.8461081802635766,1.0631062277638805,1.0135733271746752,1.482522721199396
2012-01-12,1.0556055676183362,0.8492886263034085,1.0631062277638805,1.0135733271746752,1.4916310040844833
2012-01-13,1.0556055676183362,0.8347430923467792,1.0631062277638805,1.0135733271746752,1.4772928039078714
2012-01-17,1.0545437015227288,0.8454167534790858,1.062036816523621,1.0135733271746752,1.4920128669809347
2012-01-18,1.054999949427801,0.8665729442000741,1.0624963063218615,1.0135733271746752,1.5221360451905865
2012-01-19,1.054794980012113,0.8782108285152465,1.0622898804853527,1.0135733271746752,1.5366498904215555
2012-01-20,1.0542927134030986,0.8797270821697342,1.0617840449948808,1.0135733271746752,1.5326720274754104
2012-01-23,1.0552590884574133,0.878108441438141,1.0627572866772979,1.0135733271746752,1.5303454236221232
2012-01-24,1.0546786678226574,0.8794803158068444,1.0621727418335984,1.0135733271746752,1.535187145138735
2012-01-25,1.0557145120485854,0.88495577123489,1.063215946304433,1.0135733271746752,1.5588315228215606
2012-01-26,1.054919186845436,0.8796410167499592,1.0624149698767762,1.0135733271746752,1.5582079106484943
2012-01-27,1.0565448744657606,0.8814502268977515,1.0640522089048585,1.0135733271746752,1.5631882566135886
2012-01-30,1.0563547708348415,0.8735969828389714,1.0638607544827237,1.0135733271746752,1.5550833921889282
2012-01-31,1.056877071694959,0.8740735568527043,1.0643867665787095,1.0135733271746752,1.5582877049153299
2012-02-01,1.057154513674897,0.8846533643200997,1.064666179937035,1.0135733271746752,1.5800481331921576
2012-02-02,1.057836971937594,0.887501618864763,1.0653534874423363,1.0135733271746752,1.5887021065447022
2012-02-03,1.057836971937594,0.8981797000418675,1.0653534874423363,1.0135733271746752,1.6119395690324327
2012-02-06,1.057836971937594,0.8974891300559932,1.0653534874423363,1.0135733271746752,1.6075876466360386
2012-02-07,1.057836971937594,0.8976546025304338,1.0653534874423363,1.0135733271746752,1.6074207267950347
2012-02-08,1.057836971937594,0.8984291696667797,1.0653534874423363,1.0135733271746752,1.6122395278037664
2012-02-09,1.057836971937594,0.8996153071585589,1.0653534874423363,1.0135733271746752,1.6160690708748429
2012-02-10,1.057836971937594,0.8875089932974837,1.0653534874423363,1.0135733271746752,1.6011572105998233
2012-02-13,1.057836971937594,0.8954635833903328,1.0653534874423363,1.0135733271746752,1.6171462886713655
2012-02-14,1.057836971937594,0.8973642077586252,1.0653534874423363,1.0135733271746752,1.6217331325154267
2012-02-15,1.057836971937594,0.8957929578659855,1.0653534874423363,1.0135733271746752,1.6176816481704288
2012-02-16,1.057836971937594,0.909410045911537,1.0653534874423363,1.0135733271746752,1.639463811693008
2012-02-17,1.0579035120394529,0.9096530016217299,1.0654205003483423,1.0135733271746752,1.6320344389142931
2012-02-21,1.0582917215921692,0.8957615252349627,1.0658114683441833,1.0135733271746752,1.6201147883600888
2012-02-22,1.0582582052827818,0.8915978295325748,1.06577771388292,1.0135733271746752,1.6163415699687822
2012-02-23,1.0582833601523074,0.8988213451876055,1.0658030474916764,1.0135733271746752,1.627111712326194
2012-02-24,1.0584342362425738,0.8988110948872399,1.0659549956398324,1.0135733271746752,1.6284290688324439
2012-02-27,1.0590023841313478,0.9023636217762212,1.0665271805329164,1.0135733271746752,1.6328267169901864
2012-02-28,1.0586284148595535,0.9053433205127985,1.0661505540030527,1.0135733271746752,1.6429141248525072
2012-02-29,1.0581403771582054,0.8989106950142551,1.065659048524489,1.0135733271746752,1.62763968717043
2012-03-01,1.058309177547186,0.9068006256534341,1.065829048333394,1.0135733271746752,1.6412358223521828
2012-03-02,1.0586317518887585,0.90626832975482,1.0661539147436918,1.0135733271746752,1.6344625912698434
2012-03-05,1.0583821947400567,0.8922852036765365,1.0659025843537182,1.0135733271746752,1.6173461882819293
2012-03-06,1.0583821947400567,0.8818171495996122,1.0659025843537182,1.0135733271746752,1.5957309475831052
2012-03-07,1.0583821947400567,0.8924385270637272,1.0659025843537182,1.0135733271746752,1.6107054538601226
2012-03-08,1.0583821947400567,0.901880516081524,1.0659025843537182,1.0135733271746752,1.6319956629621273
2012-03-09,1.0583821947400567,0.9136956026940022,1.0659025843537182,1.0135733271746752,1.6451145711181876
2012-03-12,1.0583821947400567,0.9107317608849093,1.0659025843537182,1.0135733271746752,1.6436156385098104
2012-03-13,1.0583821947400567,0.927961442991609,1.0659025843537182,1.0135733271746752,1.669592911685139
2012-03-14,1.0583821947400567,0.9249377387122468,1.0659025843537182,1.0135733271746752,1.6623967391126264
2012-03-15,1.0583821947400567,0.9365559320769999,1.0659025843537182,1.0135733271746752,1.6804953487607828
2012-03-16,1.0583821947400567,0.93716714456001,1.0659025843537182,1.0135733271746752,1.6799789430140164
2012-03-19,1.0583821947400567,0.9374266788714282,1.0659025843537182,1.0135733271746752,1.686202053698589
2012-03-20,1.0583821947400567,0.9329584217437757,1.0659025843537182,1.0135733271746752,1.6823516022983407
2012-03-21,1.0583821947400567,0.9366696153358051,1.0659025843537182,1.0135733271746752,1.686129637761743
2012-03-22,1.0583821947400567,0.9311905391183006,1.0659025843537182,1.0135733271746752,1.6806700582374672
2012-03-23,1.0583821947400567,0.9336787584281826,1.0659025843537182,1.0135733271746752,1.6837831392628178
2012-03-26,1.0583821947400567,0.9485288486860395,1.0659025843537182,1.0135733271746752,1.7107535810176353
2012-03-27,1.0583821947400567,0.9484313280317094,1.0659025843537182,1.0135733271746752,1.708571395449523
2012-03-28,1.0572017360882766,0.93932349657122,1.0659025843537182,1.012442845757638,1.6964466181881885
2012-03-29,1.0571628870118592,0.9371142394265344,1.0659025843537182,1.012405641439729,1.695169429385128
2012-03-30,1.0586531276063154,0.9437967304375733,1.0659025843537182,1.0138327895201864,1.699788822315629
2012-04-02,1.0593093863200282,0.947824567213837,1.0659025843537182,1.014461264121565,1.7121544479075543
2012-04-03,1.0584112662387508,0.9405803331163004,1.0659025843537182,1.0136011678694674,1.7067263056241562
2012-04-04,1.0575480161552007,0.9226176337685504,1.0659025843537182,1.0127744653193715,1.681077932182358
2012-04-05,1.0575480161552007,0.9239340951974683,1.0659025843537182,1.0127744653193715,1.684011730870926
2012-04-09,1.0575480161552007,0.9074849537298485,1.0659025843537182,1.0127744653193715,1.6597720898571042
2012-04-10,1.0575480161552007,0.8859384965782401,1.0659025843537182,1.0127744653193715,1.6256698972325025
2012-04-11,1.0580042759568637,0.8965563508806477,1.065961985386271,1.0131549681010723,1.6438840322651977
2012-04-12,1.0602216613389883,0.9127352133750373,1.0661866177271735,1.0150648532445463,1.6662564324864997
2012-04-13,1.0572069638747692,0.9029052612654368,1.0654343843517353,1.0128947224541447,1.645517311275915
2012-04-16,1.056489476382669,0.8940660690365045,1.065733405692288,1.0119230323205572,1.6377461803275513
2012-04-17,1.0582988522319734,0.9098411084786208,1.0666694453310557,1.012767304643602,1.6604604065862447
2012-04-18,1.0559204478354733,0.9048450599569594,1.064466835469401,1.0125825322413022,1.6575954304338663
2012-04-19,1.0556489781530853,0.8947769757328616,1.0632883694769233,1.0134432295664737,1.6511508518135225
2012-04-20,1.0529002935632674,0.8889420579884098,1.0611729185135885,1.012820721977161,1.6441368569225134
2012-04-23,1.0498208009336119,0.8735185880255477,1.0581076486075427,1.012784054239662,1.6251372048564428
2012-04-24,1.0459299835827522,0.8624797078740614,1.0550104309003485,1.0119950511683211,1.6217909524447323
2012-04-25,1.0512035658499104,0.8781937769451288,1.0603813013250027,1.012579767716668,1.6481761003047528
2012-04-26,1.044349484844946,0.8849520173385351,1.0603888903653866,1.0060860596809968,1.6619208178521612
2012-04-27,1.0414973734202186,0.8829718527241939,1.0582846826472274,1.0046748836842585,1.670371610650937
2012-04-30,1.0414274973177464,0.8783640916433987,1.055916475323691,1.0066815176914048,1.6676677486243625
2012-05-01,1.0426868168409023,0.8860285389879123,1.0577017684492631,1.0061675863261457,1.6775838437409845
2012-05-02,1.0422097496290612,0.8885028244290356,1.0567028326193388,1.0061505409112979,1.6842773643884918
2012-05-03,1.0335675001770288,0.8749465546300239,1.0517760441910786,1.0024983955398181,1.662520147985653
2012-05-04,1.0288383524671552,0.8569956845255114,1.0482764110421177,1.0012470751877751,1.6276887746424644
2012-05-07,1.03027303184904,0.8560143181353725,1.0491278563409192,1.001830032997783,1.6364739769348027
2012-05-08,1.0313597715511111,0.8512402872413547,1.0504269139061606,1.0016462786491755,1.6315128495262332
2012-05-09,1.0396943696371452,0.8433840758662838,1.0521887178650082,1.0080607690398846,1.6261232810115738
2012-05-10,1.034779195140395,0.8436820104054872,1.0506226118079312,1.004795567807389,1.627340159628725
2012-05-11,1.0428316310964223,0.8490245792750796,1.0588713583087586,1.0047257324994152,1.6322131651117222
2012-05-14,1.0349891570127738,0.838589204802065,1.0505831419970344,1.005034225167317,1.6146198835532948
2012-05-15,1.032381603276494,0.8359787882379236,1.0478612982811057,1.005105975835307,1.6093926000268954
2012-05-16,1.0325789553160825,0.8249193134275746,1.0480616094487643,1.005105975835307,1.602198431469632
2012-05-17,1.0126889371069696,0.8040625100058906,1.0297565683181056,1.0032999495398025,1.5648764965026911
2012-05-18,0.9978651105971192,0.7853746426607623,1.0125531522585496,1.0009298863259553,1.5410191590945
2012-05-21,1.0285438033445582,0.8030529258214325,1.0432634853811094,1.0046740465235862,1.5742271285644567
2012-05-22,1.0259196447300247,0.7994110137674522,1.040866574867698,1.0022710329260942,1.5713999495596926
2012-05-23,1.0313987023086078,0.8037413305269931,1.046614056618828,1.0051856791392033,1.581796150017527
2012-05-24,1.0247732988175382,0.8052038580858495,1.0353020593263609,1.003816521459857,1.576497369572752
2012-05-25,1.032402650205242,0.8063341867137295,1.0425072659797745,1.0038174763591132,1.5799443104818134
2012-05-29,1.040592053753458,0.8164551016318704,1.0503332788401172,1.0051211985108166,1.5954923624531197
2012-05-30,1.0335100447646617,0.8047997389695841,1.04340830682872,1.0044194079670428,1.5693127557870652
2012-05-31,1.0302197704342524,0.7988113742473464,1.0410364295426482,1.003604064834377,1.5606742039907973
2012-06-01,1.0211481417909192,0.7765289055412077,1.0345745122902823,1.000996368746436,1.5105765179941335
2012-06-04,1.0145922042104458,0.7775447975679153,1.02781178384396,1.0011130462113862,1.5113178527060753
2012-06-05,1.0348100852123703,0.7828145996214396,1.0481792513454506,1.002750235204793,1.5255116981985843
2012-06-06,1.0771714225102984,0.7948593472885292,1.087976665253392,1.0081739945626287,1.5663328477102372
2012-06-07,1.0680372511326681,0.7879925985260867,1.0763303935904702,1.007002046960566,1.553188586879353
2012-06-08,1.0793697330297625,0.7942961050529378,1.0868292626726213,1.0087368335046256,1.5709061067730257
2012-06-11,1.081926032954091,0.784484942307003,1.0890413625632531,1.0065544562844504,1.5445248546225514
2012-06-12,1.0841160317859997,0.7930913827490643,1.0908956693816487,1.0072818413494653,1.5675096056059188
2012-06-13,1.0838733091266266,0.787559538705768,1.0909698123674716,1.0069878609394456,1.5526017746949785
2012-06-14,1.085489372866392,0.7899188327337359,1.092596457050111,1.0069878609394456,1.5614483558586862
2012-06-15,1.0910890988378599,0.7991254637010198,1.096683208462786,1.0091594311329473,1.5849153188560086
2012-06-18,1.0890551335532876,0.8102490203306644,1.0973633158895557,1.0073874974790102,1.6024900219784055
2012-06-19,1.090376340990582,0.817334142658127,1.0975804060567713,1.0086096283086625,1.6216453131483413
2012-06-20,1.0910220811591775,0.8186254301082855,1.0975804060567713,1.009206944782752,1.6224062690891259
2012-06-21,1.090657187784007,0.7963666261463362,1.0975804060567713,1.008869414557941,1.580054124749396
2012-06-22,1.0909971590520833,0.8025970770594023,1.0975804060567713,1.0091838915705462,1.5976822622273816
2012-06-25,1.0909971590520833,0.7918771483820582,1.0975804060567713,1.0091838915705462,1.5650156466634202
2012-06-26,1.0909971590520833,0.793120946066954,1.0975804060567713,1.0091838915705462,1.5696781971297915
2012-06-27,1.0909971590520833,0.7939704266663368,1.0975804060567713,1.0091838915705462,1.5755103285957468
2012-06-28,1.0904583376900066,0.7857191795891593,1.0975804060567713,1.008685476121404,1.5591537728235731
2012-06-29,1.0920871897415059,0.8057264437806966,1.0975804060567713,1.010192181467505,1.609726353544071
2012-07-02,1.0929541255671984,0.8080458380213942,1.0975804060567713,1.0109941062599346,1.6159888465970977
2012-07-03,1.0924789303978684,0.8097231681442815,1.0975804060567713,1.010554545710889,1.63106571826844
2012-07-05,1.0939164003590314,0.8056170400688742,1.0975804060567713,1.0118842206026943,1.6330656318027745
2012-07-06,1.0938448295196712,0.79678979150479,1.0975804060567713,1.0118180168205955,1.6061756702509284
2012-07-09,1.0938448295196712,0.7968618371125945,1.0975804060567713,1.0118180168205955,1.5978764834263297
2012-07-10,1.0938448295196712,0.7895083326264487,1.0975804060567713,1.0118180168205955,1.5800169056257238
2012-07-11,1.0938448295196712,0.7854875046351658,1.0975804060567713,1.0118180168205955,1.5714465907135682
2012-07-12,1.0938448295196712,0.7811275535367965,1.0975804060567713,1.0118180168205955,1.564376550431416
2012-07-13,1.0947241653217181,0.7925880800768361,1.0978674566923348,1.0123667905579266,1.5881604140279482
2012-07-16,1.0932328112797987,0.7920465796966468,1.097085486502373,1.0117087040615134,1.5778677408578483
2012-07-17,1.0929113740675398,0.7937252413527319,1.0977725010909778,1.010777686815033,1.584638708634569
2012-07-18,1.0975455495285602,0.7983249958679575,1.099652588121835,1.0133325016686863,1.6150053103104867
2012-07-19,1.1009731381676773,0.8023288472963485,1.1010182963376527,1.0152385930957066,1.6279480969703088
2012-07-20,1.100314388300255,0.7952216953134248,1.1011390028704195,1.0145198387814882,1.6089081578086
2012-07-23,1.1002868804405475,0.7878670387504763,1.1011390028704195,1.0144944757855185,1.58926653483348
2012-07-24,1.0980525229748015,0.780564922283441,1.1000969231404576,1.0133944196948912,1.5738323931278517
2012-07-25,1.0986673778364762,0.7860528519291609,1.1013903184813094,1.0127704119145415,1.5759685521329714
2012-07-26,1.0975578800060537,0.7950086652238681,1.0997025711905446,1.0131492503208306,1.6080960024496855
2012-07-27,1.101168208082748,0.8095950323459812,1.1033199540558203,1.0137762015118856,1.6408512662957964
2012-07-30,1.0973687330108082,0.8063193271681541,1.1015489390246742,1.0118063468529992,1.6270097065482376
2012-07-31,1.0920624851627847,0.8019504224095225,1.0957086938047762,1.0086594817818975,1.6126697317458536
2012-08-01,1.0855265333779813,0.796140079888247,1.091214545349903,1.0043132383287698,1.599516481324847
2012-08-02,1.0808188798081677,0.7986846671730096,1.088035930635023,1.000590007986322,1.5968255693643807
2012-08-03,1.086263081192215,0.8100552929547644,1.09092676291896,1.0055929045915428,1.634827003992689
2012-08-06,1.0897920802999626,0.8123221431648101,1.095987447291433,1.0062213407357552,1.6454520606768896
2012-08-07,1.090303339709115,0.8199980535740208,1.0977311180039733,1.0057100360836462,1.6682522940125286
2012-08-08,1.0952989892043072,0.8207766458103058,1.1023521305475332,1.0060017320890327,1.661326835243242
2012-08-09,1.0954657296129149,0.8127072812794657,1.1017485115100405,1.0067057386211407,1.6628766725894955
2012-08-10,1.0971753216572402,0.8100590245830129,1.1013703403199688,1.0086223592591326,1.6666041121313593
2012-08-13,1.0975484474167994,0.8047735446766258,1.1003070591175919,1.0093833260614957,1.6618633410966752
2012-08-14,1.1030289757100205,0.803904795083674,1.1039933417065793,1.0134660504078723,1.6600861143263046
2012-08-15,1.1046766051581358,0.8074333563387446,1.104010766099685,1.0149798968671118,1.6727667971159759
2012-08-16,1.102602187147304,0.8148551187692764,1.105400646959108,1.0130739159050257,1.6880112993920011
2012-08-17,1.1008576802519203,0.8078343440493875,1.1059326168723964,1.0114710581813329,1.688299485081312
2012-08-20,1.103730637231199,0.8024540482611733,1.1060322137866845,1.0136705186309656,1.680261857801366
2012-08-21,1.101386387179695,0.8030924858902883,1.1060322137866845,1.0114083292164233,1.6765490107330885
2012-08-22,1.101933689202685,0.8034091089538393,1.1060322137866845,1.0119109192530285,1.6764685519002287
2012-08-23,1.101933689202685,0.803017213271289,1.1060322137866845,1.0119109192530285,1.6671052675385956
2012-08-24,1.1024640833448516,0.8031018611273415,1.1065645806731752,1.0119109192530285,1.670723638221983
2012-08-27,1.1025430305708046,0.8014187671786885,1.1066438215348973,1.0119109192530285,1.6669347911490795
2012-08-28,1.1025036135839346,0.8003926713181622,1.1066042579407573,1.0119109192530285,1.6652080715673077
2012-08-29,1.102040852608336,0.7997233647450989,1.1066042579407573,1.0114861833352113,1.6684021691956068
2012-08-30,1.1008008919892829,0.7940314100334778,1.1063865132674109,1.0105471386977087,1.6507558732598089
2012-08-31,1.101308088756232,0.7970928023633103,1.1065972605304086,1.0108202592820172,1.6603159807378456
2012-09-04,1.0990303752650545,0.7969600970276272,1.1054984964148429,1.0097333568223241,1.6573776976236125
2012-09-05,1.0997022806642307,0.7953974098192991,1.1081484623162712,1.0079302600069577,1.654736165984036
2012-09-06,1.1048617745609814,0.8101213214214693,1.1092816465254514,1.0116284835504614,1.6948279205776957
2012-09-07,1.1023000714298132,0.8114547271944478,1.1093401569819894,1.009229589031113,1.693239358837753
2012-09-10,1.101365749425536,0.8015517161990117,1.1088433413220433,1.0088261359723651,1.6781374803260638
2012-09-11,1.1058759116172732,0.8039100159119285,1.1091398608331144,1.0126875690365613,1.6832887004023267
2012-09-12,1.10697429347537,0.8033961056085706,1.1091398608331144,1.0136933940500776,1.6858925582895214
2012-09-13,1.110460995141149,0.811245407545468,1.1091398608331144,1.0168862834120584,1.708630797808767
2012-09-14,1.1114128075648986,0.8108889018925604,1.1091398608331144,1.0177578898911037,1.7249585167056576
2012-09-17,1.110164056713489,0.8116637157155262,1.1091398608331144,1.0166143669598582,1.7178142119360635
2012-09-18,1.109241028108632,0.8107201454555429,1.1091398608331144,1.0157691187867275,1.7111080471300797
2012-09-19,1.1107385573973316,0.8118229111432239,1.1091398608331144,1.0171404564558124,1.7169784035264817
2012-09-20,1.1105995160925848,0.8078055852797764,1.1091398608331144,1.017013131681468,1.7144794305938666
2012-09-21,1.1105995160925848,0.8050145545965115,1.1091398608331144,1.017013131681468,1.7096766532016292
2012-09-24,1.1105995160925848,0.800217481063634,1.1091398608331144,1.017013131681468,1.6989333656314287
2012-09-25,1.108792063187155,0.7909458276865491,1.1081213977863043,1.01629185465051,1.6718811078760378
2012-09-26,1.1101908648374479,0.788938377954054,1.1095311483615666,1.01628103709163,1.6617191871468087
2012-09-27,1.1137143021968747,0.7984975318082279,1.111797057607615,1.0186674373959026,1.6831077073747187
2012-09-28,1.1114417324810943,0.7959969857629804,1.1097489075116282,1.0165888138529429,1.6740823223100165
2012-10-01,1.1095728982262727,0.7963295046663168,1.1083713778054125,1.016532152047257,1.6747004093097946
2012-10-02,1.1095278286278834,0.7989121046010298,1.1097414870140756,1.015855419153887,1.6844202397467032
2012-10-03,1.1106859495384682,0.8015120101358708,1.109454852946566,1.0160948628293782,1.6893647711134272
2012-10-04,1.1109184550536249,0.8054595951604616,1.1109542467475562,1.0148958307542193,1.7020673171824459
2012-10-05,1.1083576481695938,0.7994368510767554,1.1112789501248226,1.0122597401360014,1.696599511516106
2012-10-08,1.1078100365258294,0.797729373776297,1.110882124983232,1.0121210745540394,1.6881854101662532
2012-10-09,1.1030373204448993,0.783691687185136,1.110882124983232,1.0077606098813043,1.6608397562653545
2012-10-10,1.099675997863917,0.7818260553408272,1.1104992779936278,1.0050369350923996,1.6459862067297588
2012-10-11,1.1015804557993767,0.7808237049431573,1.110329986113822,1.006469008134177,1.6472873395520433
2012-10-12,1.1057156217634307,0.7795198753799227,1.1090050988826488,1.010983861903845,1.6409849102025673
2012-10-15,1.1082268199456824,0.7836087529618759,1.1099433973428652,1.013012868517286,1.655116822296473
2012-10-16,1.1120130123412257,0.7952732135387733,1.1139246448639026,1.0142853700151788,1.6742735237697488
2012-10-17,1.110261953021675,0.8002961035136644,1.1112039032326664,1.013894878936616,1.673670672902545
2012-10-18,1.1030488912146381,0.7948143402563714,1.1082289846526838,1.010066734689756,1.656101191091112
2012-10-19,1.093179306583567,0.7805923335436606,1.1079144260794929,1.0013158088145138,1.618366467618207
2012-10-22,1.0888356076583072,0.7795749276445157,1.1058213398027283,0.9992288241648567,1.6155948255538317
2012-10-23,1.0861597299849415,0.7732999303749322,1.1012228355200675,1.0026683647117696,1.6069806781604843
2012-10-24,1.0906749297589586,0.7756678650754742,1.1032884486488863,1.0078957242880495,1.6035348148014443
2012-10-25,1.0947259745413633,0.7762833278792035,1.1076740849030906,1.0087051303009555,1.6120497982653637
2012-10-26,1.0955437301898023,0.7768959915266002,1.108515979521648,1.006912348824456,1.6154346943727056
2012-10-31,1.092195240125244,0.773775991385337,1.1056613012239995,1.0052929818570504,1.613107695907231
2012-11-01,1.1022014481565439,0.781436723129477,1.1132290526172133,1.0094157324942121,1.640570760504547
2012-11-02,1.0908128967441708,0.7799477527107764,1.103987401056006,1.0057034025426659,1.6213490282715675
2012-11-05,1.0937360651163728,0.7800627709778096,1.1069602313221378,1.0049215436030088,1.6316406226200248
2012-11-06,1.0914794876100367,0.7836455032172482,1.1045445554689126,1.0039652335193334,1.640716277147101
2012-11-07,1.0830504508369525,0.7699590905631221,1.0976534312794657,1.0028949362643231,1.6056298490668475
2012-11-08,1.0786797581532501,0.7641190365795163,1.093776768196043,1.002389711872267,1.5815692517462399
2012-11-09,1.0819401647573275,0.7676510356828441,1.0983490005759655,1.0017623422146777,1.5846009418291422
2012-11-12,1.0724607437292772,0.7734731384009139,1.0910286521768373,1.0003229261417415,1.5861604437651944
2012-11-13,1.0691777450210687,0.7713295863725482,1.087241521019588,1.0009473344836521,1.5800666048259964
2012-11-14,1.055657722805575,0.7595298648722598,1.0719817622805226,0.9967121457946341,1.5577863448096425
2012-11-15,1.0483073230817854,0.7592032310442024,1.0647472482859175,0.9942458204022858,1.5525393038929705
2012-11-16,1.0507434214154912,0.7667484023014215,1.0712453180156682,0.9922862793474746,1.5654201054610037
2012-11-19,1.0774511092367793,0.774782438796478,1.0948016081884795,0.9966482089371079,1.5927275742494356
2012-11-20,1.0825833682175954,0.7774628935163936,1.098818024808001,0.9974250992240877,1.5981699646939758
2012-11-21,1.084461028512119,0.7792218674571821,1.1027465809406256,0.9956399599075005,1.6033939090353122
2012-11-23,1.0913549406324392,0.7848047532519085,1.1067221375814609,0.9958637909852895,1.6204249702073392
2012-11-26,1.0894999816934114,0.784629254817383,1.1065495388020534,0.9959606318948966,1.6236123318107851
2012-11-27,1.0896604269284145,0.7828486145992741,1.1070333852265677,0.9960685405669474,1.623115869539741
2012-11-28,1.0925330073268242,0.792486745100121,1.108219391898602,0.9956284339042403,1.6377556864849645
2012-11-29,1.0936650293859513,0.7973681307390925,1.1068118227660393,0.9960763364025687,1.6521446116334386
2012-11-30,1.0976503441554937,0.795358909596502,1.1076173824244495,0.9965712000741044,1.656693310453109
2012-12-03,1.0966436223405642,0.7939354741570599,1.1049615523692211,0.9956571840829584,1.6515096076163411
2012-12-04,1.09716265593519,0.7950725762521266,1.105400456422012,0.9961794707697831,1.6545780474903125
2012-12-05,1.096732012841233,0.7962137716066157,1.1049665799406718,0.996331148344245,1.6534404254500297
2012-12-06,1.096620041722652,0.7973997141496013,1.10479926989643,0.996331148344245,1.6583653771771127
2012-12-07,1.0963115333160431,0.7970392041279687,1.1044884604552285,0.996331148344245,1.6601691059739063
2012-12-10,1.0982430477044105,0.7984637752714961,1.1064343811979414,0.996331148344245,1.6644350015043474
2012-12-11,1.098215591628218,0.8002692451951566,1.108619761117113,0.996331148344245,1.6843454447752915
2012-12-12,1.098215591628218,0.7987056410737279,1.109162942201289,0.996331148344245,1.6850268846276408
2012-12-13,1.098215591628218,0.7913834716793866,1.1088858173457046,0.996331148344245,1.6735331460358784
2012-12-14,1.098215591628218,0.7887082484397916,1.1088858173457046,0.996331148344245,1.6710729672436961
2012-12-17,1.0995998027440206,0.7955316087648893,1.1102834774101098,0.996331148344245,1.6892035819377835
2012-12-18,1.0993483481409816,0.8027932340432855,1.1100295796826127,0.996331148344245,1.7128508298002807
2012-12-19,1.0987219806792068,0.7987059141392953,1.1093971264556657,0.996331148344245,1.7054450260286191
2012-12-20,1.0981806797437696,0.7964207756837908,1.1088505662585624,0.996331148344245,1.7065832763641084
2012-12-21,1.0988714639484816,0.7893638516423046,1.1095480620993525,0.996331148344245,1.6937545008402368
2012-12-24,1.0986503905062155,0.7883841530236416,1.1093248407149638,0.996331148344245,1.688890159416404
2012-12-26,1.0986503905062155,0.7840705936957018,1.1093248407149638,0.996331148344245,1.6720694503606737
2012-12-27,1.0986503905062155,0.7815939427052038,1.1093248407149638,0.996331148344245,1.673224565458505
2012-12-28,1.0993212201776097,0.7772745118082467,1.1093248407149638,0.9969395024691051,1.6601126057462359
2012-12-31,1.1000111854018784,0.7827651347470165,1.1093248407149638,0.9975652100191625,1.6891469954148821
2013-01-02,1.100996043734682,0.7960291775082762,1.1093248407149638,0.9984583467641707,1.734219572630858
2013-01-03,1.101740961779487,0.793014948723836,1.1093248407149638,0.9991338892819875,1.7314044403754405
2013-01-04,1.1040944734876939,0.793663197484144,1.1093248407149638,1.0012682143076208,1.738014437004641
2013-01-07,1.1039255127842933,0.7940015011655015,1.1093248407149638,1.0011149892115405,1.7335357266821911
2013-01-08,1.1039255127842933,0.7908009952602765,1.1093248407149638,1.0011149892115405,1.725867769104369
2013-01-09,1.1039255127842933,0.7957542573329239,1.1093248407149638,1.0011149892115405,1.7338554242909052
2013-01-10,1.1039255127842933,0.7986368325538798,1.1093248407149638,1.0011149892115405,1.7447854914138938
2013-01-11,1.1039255127842933,0.7992789859662947,1.1093248407149638,1.0011149892115405,1.7493343383046436
2013-01-14,1.1039255127842933,0.7991370339178618,1.1093248407149638,1.0011149892115405,1.7492036116893175
2013-01-15,1.1039255127842933,0.7962513379278582,1.1093248407149638,1.0011149892115405,1.7470011453730152
2013-01-16,1.1039255127842933,0.7941721170166135,1.1093248407149638,1.0011149892115405,1.744786759709814
2013-01-17,1.1039255127842933,0.798769381650316,1.1093248407149638,1.0011149892115405,1.7618372015077908
2013-01-18,1.1039255127842933,0.7983294854862091,1.1093248407149638,1.0011149892115405,1.7580016039268862
2013-01-22,1.104766246916087,0.7997171941354526,1.1101696868989093,1.0011149892115405,1.7624443071131182
2013-01-23,1.1046203185752634,0.8028136628958951,1.1100230448188366,1.0011149892115405,1.7735705838879963
2013-01-24,1.1043211296774327,0.8264610602513119,1.109722392580451,1.0011149892115405,1.7926504414537439
2013-01-25,1.1048557834784205,0.8373362771919602,1.1102596613868603,1.0011149892115405,1.8183519630248617
2013-01-28,1.1077792462720906,0.8368149997307799,1.1131974229118609,1.0011149892115405,1.8216860649006725
2013-01-29,1.1084089934054246,0.8288071921094506,1.113830250154538,1.0011149892115405,1.8180964573577856
2013-01-30,1.1082348410413794,0.8262346455225094,1.1136552460068239,1.0011149892115405,1.812806945737574
2013-01-31,1.1080723232084342,0.8322202235779603,1.113491933294999,1.0011149892115405,1.8163198264574758
2013-02-01,1.1078448720756306,0.8383992214436095,1.1132633696928849,1.0011149892115405,1.836182556765231
2013-02-04,1.1078525696680757,0.8242607653298973,1.1132711049344515,1.0011149892115405,1.8110057614174813
2013-02-05,1.1078525696680757,0.8323194343764063,1.1132711049344515,1.0011149892115405,1.8340371020515196
2013-02-06,1.1078525696680757,0.831137720701416,1.1132711049344515,1.0011149892115405,1.835858978772338
2013-02-07,1.1078525696680757,0.8261887649388507,1.1132711049344515,1.0011149892115405,1.8291993263760566
2013-02-08,1.1078525696680757,0.8349884660079449,1.1132711049344515,1.0011149892115405,1.8443353178950341
2013-02-11,1.1078525696680757,0.830119069903926,1.1132711049344515,1.0011149892115405,1.84360714204441
2013-02-12,1.1078525696680757,0.829056457338232,1.1132711049344515,1.0011149892115405,1.8472490389314735
2013-02-13,1.1078525696680757,0.8307636203496956,1.1132711049344515,1.0011149892115405,1.8491930821653704
2013-02-14,1.1079415988308325,0.8298751935970504,1.1133605695411215,1.0011149892115405,1.8559693769726624
2013-02-15,1.1080839820134722,0.8271748165871686,1.1135036491235508,1.0011149892115405,1.8538496089064622
2013-02-19,1.108200169167165,0.8323828555963732,1.1136204045515852,1.0011149892115405,1.8695679933698444
2013-02-20,1.1075172075899677,0.8219644427107695,1.1129341025918378,1.0011149892115405,1.8408930016002738
2013-02-21,1.1076476174955017,0.8166449181742015,1.1130651503355566,1.0011149892115405,1.8219055559709194
2013-02-22,1.1077499984627441,0.8262194286030028,1.1131680320507298,1.0011149892115405,1.847234851905981
2013-02-25,1.1077499984627441,0.817101062318706,1.1131680320507298,1.0011149892115405,1.8182850548096103
2013-02-26,1.1077499984627441,0.8224618785424337,1.1131680320507298,1.0011149892115405,1.8286179278524375
2013-02-27,1.1077499984627441,0.8309908919052792,1.1131680320507298,1.0011149892115405,1.8549999768375764
2013-02-28,1.1077499984627441,0.8345026559551582,1.1131680320507298,1.0011149892115405,1.8583610681465994
2013-03-01,1.1077499984627441,0.8361165827019369,1.1131680320507298,1.0011149892115405,1.8642341403265787
2013-03-04,1.1077499984627441,0.8394814655650371,1.1131680320507298,1.0011149892115405,1.8729870766386267
2013-03-05,1.108991741400809,0.8507342487270405,1.114415848385279,1.0011149892115405,1.8995224053012427
2013-03-06,1.1082869477251323,0.8505708087932755,1.1137076075457,1.0011149892115405,1.900793827920075
2013-03-07,1.1089274631138604,0.848077234089591,1.114351255711584,1.0011149892115405,1.9005323104245937
2013-03-08,1.109074258392265,0.8548042282301271,1.1144987689694514,1.0011149892115405,1.9148905796335407
2013-03-11,1.1098642217918733,0.8514721762973859,1.115292596100261,1.0011149892115405,1.9138701523083121
2013-03-12,1.1095487869976115,0.8496618765358259,1.114975618506349,1.0011149892115405,1.9155432194649007
2013-03-13,1.1095487869976115,0.8496629096071888,1.114975618506349,1.0011149892115405,1.9169776209410743
2013-03-14,1.1095487869976115,0.8514379612376585,1.114975618506349,1.0011149892115405,1.923917109620884
2013-03-15,1.1095487869976115,0.8410708006610261,1.114975618506349,1.0011149892115405,1.9072744598741347
2013-03-18,1.111944310895486,0.8348568245888932,1.114975618506349,1.0032764037516493,1.8951939267288374
2013-03-19,1.1116191006044955,0.8310066612857847,1.114975618506349,1.0029829755574393,1.892584419929713
2013-03-20,1.1131379403495738,0.8382530330925685,1.114975618506349,1.0043533823866178,1.9139033166873534
2013-03-21,1.112118789768642,0.8319585962245233,1.114975618506349,1.0034338311827493,1.8990444101399053
2013-03-22,1.1124157893427522,0.8387798312894026,1.114975618506349,1.0037018056322873,1.9152810773874933
2013-03-25,1.11245844474051,0.8338417359135184,1.114975618506349,1.0037402924104861,1.9129408393420118
2013-03-26,1.1127189480015682,0.8416863755942868,1.1152367112114245,1.0037402924104861,1.9299972749518002
2013-03-27,1.1146610266311967,0.8507238906575709,1.1171831842068838,1.0037402924104861,1.9353691464024563
2013-03-28,1.1135715735376621,0.8543858677811632,1.1160912659940818,1.0037402924104861,1.949387322525599
2013-04-01,1.1134627400710544,0.8474406974376839,1.1159821862686155,1.0037402924104861,1.9336162072845384
2013-04-02,1.1132228617996405,0.8486332203283286,1.1157417652216088,1.0037402924104861,1.9372270651991408
2013-04-03,1.1140927883029508,0.8350473038480812,1.1166136601185994,1.0037402924104861,1.9099477626800352
2013-04-04,1.115358515161955,0.8406796970206101,1.1178822509537452,1.0037402924104861,1.922092451887103
2013-04-05,1.1160506756747999,0.836060060257226,1.11857597762692,1.0037402924104861,1.910800994023906
2013-04-08,1.1167347750616916,0.8348487450770373,1.11926162493413,1.0037402924104861,1.9257644541793653
2013-04-09,1.1182611136891416,0.8421494902267369,1.1207914172272597,1.0037402924104861,1.9350448335579393
2013-04-10,1.1181954843486437,0.855577090412963,1.1207256393864247,1.0037402924104861,1.9681023896321437
2013-04-11,1.1181954843486437,0.8555775877434186,1.1207256393864247,1.0037402924104861,1.974929115242059
2013-04-12,1.1178417828555325,0.856791394438755,1.1203711375684802,1.0037402924104861,1.974493626438743
2013-04-15,1.1157573701957206,0.8298831001668745,1.1182820084818308,1.0037402924104861,1.9219707340599401
2013-04-16,1.1159426069937186,0.8487569897025561,1.11846766441747,1.0037402924104861,1.956588409712586
2013-04-17,1.115757952565371,0.831473571948145,1.1182825921692163,1.0037402924104861,1.9218835176718292
2013-04-18,1.1145847708442203,0.8170792616863806,1.1171067558749759,1.0037402924104861,1.9010298409739286
2013-04-19,1.1143667159454764,0.8508739714259081,1.1165475759432217,1.0040463559962345,1.9324466334746664
2013-04-22,1.1151013259711404,0.8576308723492897,1.1161199922337892,1.0050927420958444,1.949935946109853
2013-04-23,1.114777931695456,0.8779669413564724,1.1147520298473692,1.0060331346187597,1.981485164056989
2013-04-24,1.1112161195957504,0.8748144756755898,1.1112822386829047,1.0059501629358103,1.98500827839107
2013-04-25,1.1112543378557485,0.8870257719495165,1.1109203219670576,1.0063123734685744,2.00023462209793
2013-04-26,1.113483739413449,0.8857533445551221,1.1129823422216945,1.0064633865875978,1.994252802858797
2013-04-29,1.1173597017310364,0.8898878699046082,1.1168565592092403,1.0064633865875978,2.011877590090861
2013-04-30,1.1181723206310612,0.8938097764447535,1.117668812190285,1.0064633865875978,2.022095655154809
2013-05-01,1.1169778653614701,0.8937812084012691,1.116474894779036,1.0064633865875978,2.0075027348374945
2013-05-02,1.118538721889916,0.9105384707277995,1.1180350484601458,1.0064633865875978,2.0376163384804697
2013-05-03,1.1211693292520375,0.9262211387358462,1.1206644712704885,1.0064633865875978,2.0671057550213585
2013-05-06,1.1212843953280593,0.9275539856251785,1.1207794855327249,1.0064633865875978,2.0725234690157652
2013-05-07,1.1212843953280593,0.9172483334982904,1.1207794855327249,1.0064633865875978,2.075295535816145
2013-05-08,1.1212843953280593,0.9226635672494845,1.1207794855327249,1.0064633865875978,2.0847808312506366
2013-05-09,1.1212843953280593,0.9375393015862274,1.1207794855327249,1.0064633865875978,2.0940424313503
2013-05-10,1.1212843953280593,0.9479051584809458,1.1207794855327249,1.0064633865875978,2.1170646711922845
2013-05-13,1.1212843953280593,0.9605959980053591,1.1207794855327249,1.0064633865875978,2.121076351508516
2013-05-14,1.1212843953280593,0.9737067717057227,1.1207794855327249,1.0064633865875978,2.1435971354065733
2013-05-15,1.1212843953280593,0.9729055238763316,1.1207794855327249,1.0064633865875978,2.157946137331756
2013-05-16,1.1212843953280593,0.9605775747426666,1.1207794855327249,1.0064633865875978,2.145337688859932
2013-05-17,1.1212843953280593,0.9708410282534636,1.1207794855327249,1.0064633865875978,2.173547042615277
2013-05-20,1.1212843953280593,0.9718791794130132,1.1207794855327249,1.0064633865875978,2.1662058337141015
2013-05-21,1.1212843953280593,0.9722120791441901,1.1207794855327249,1.0064633865875978,2.1690735241974366
2013-05-22,1.1212843953280593,0.9563470156190381,1.1207794855327249,1.0064633865875978,2.140502616100542
2013-05-23,1.1212843953280593,0.9562699578792018,1.1207794855327249,1.0064633865875978,2.13905363360799
2013-05-24,1.1212843953280593,0.9575817751963872,1.1207794855327249,1.0064633865875978,2.1404179369474736
2013-05-28,1.1212843953280593,0.9627298569982474,1.1207794855327249,1.0064633865875978,2.1575561646618873
2013-05-29,1.1199173568262097,0.9529839725292433,1.1194130626027436,1.0064633865875978,2.1423827060889513
2013-05-30,1.1225922700690187,0.9547247026882439,1.121978764697667,1.0065604952757878,2.158277136354018
2013-05-31,1.1212101055793509,0.9421493680558842,1.1209081724599421,1.0062816522077065,2.1308252813728865
2013-06-03,1.1212262601529364,0.9374388024993469,1.12063159375719,1.006544446033801,2.1290221430728025
2013-06-04,1.120286302470678,0.9273236161148604,1.1197115555163921,1.0065270022869175,2.1211441811228173
2013-06-05,1.1190300542959908,0.9150181793777629,1.1191931266970963,1.0058643437714794,2.0946587081853023
2013-06-06,1.1199597030729476,0.920811789508841,1.1201705166198448,1.0058215586201482,2.112018312941919
2013-06-07,1.1217926526226865,0.9351017139938551,1.122003811191458,1.0058215586201482,2.145907951207283
2013-06-10,1.12187031515533,0.9390608012108063,1.122081488342765,1.0058215586201482,2.146674272468571
2013-06-11,1.121245080279721,0.9147075881794074,1.1214561357772237,1.0058215586201482,2.1121363686075987
2013-06-12,1.1197330250559607,0.8988245276622226,1.1199437959345402,1.0058215586201482,2.086499021141582
2013-06-13,1.1228857800144154,0.9132133189352862,1.1230971443460034,1.0058215586201482,2.118166034079455
2013-06-14,1.121658651966779,0.909612706531473,1.1218697853121846,1.0058215586201482,2.1074615180750356
2013-06-17,1.1209068011126322,0.9170569540044626,1.1211177929347804,1.0058215586201482,2.128370193138579
2013-06-18,1.1224755020686725,0.9271025197355645,1.1226867891723489,1.0058215586201482,2.1474438771190947
2013-06-19,1.1223987219345262,0.9153898822217977,1.1219216849306257,1.0064382192032177,2.126625868709026
2013-06-20,1.121818404493595,0.8926347520419995,1.1216083570196402,1.006198933129388,2.0724461174876425
2013-06-21,1.1197862484166947,0.9011807869498394,1.1206399705672996,1.0052449628791524,2.07957619107923
2013-06-24,1.1166164395250668,0.8884160802000821,1.1193647889461735,1.0035432621548483,2.057809161461648
2013-06-25,1.1227166688162442,0.8976378364305584,1.1216937475489384,1.0069377776322803,2.081038183610165
2013-06-26,1.1275613711745474,0.9057460621603264,1.125753770896304,1.0076382168101816,2.105160146769634
2013-06-27,1.1314377285555208,0.9137605128929023,1.128089837260014,1.0090113362765463,2.1257135912461034
2013-06-28,1.1307546547740428,0.9120000856828149,1.1285792134537018,1.0079644551966445,2.1217745371247
2013-07-01,1.1317102012433207,0.9166544346258333,1.1294599301509625,1.008029645789338,2.135939495191156
2013-07-02,1.1314965526884653,0.9138775709489253,1.1294451865531383,1.0078525046069056,2.1301706708692354
2013-07-03,1.1314611454118344,0.9154669798452305,1.1294098434687387,1.0078525046069056,2.1391702517274926
2013-07-05,1.1316501889878823,0.9254703374807579,1.129598544314984,1.0078525046069056,2.1606028645026942
2013-07-08,1.132356872240355,0.922129163282973,1.1303039463739002,1.0078525046069056,2.1632344820285927
2013-07-09,1.1322820004149006,0.9332905545967324,1.1302292102886096,1.0078525046069056,2.177985209734369
2013-07-10,1.1329506224998642,0.9446462363390589,1.1302292102886096,1.0084476500236121,2.1911496845184613
2013-07-11,1.1339316507054593,0.9612197500031459,1.1302292102886096,1.0093208704172392,2.2308391324071875
2013-07-12,1.133805072411597,0.9716385477170868,1.1302292102886096,1.0092082021504545,2.2457149224215343
2013-07-15,1.1335064489982294,0.9698472698535157,1.1302292102886096,1.0089423952622532,2.244728831609291
2013-07-16,1.1328889408444995,0.9660130783517592,1.1302292102886096,1.0083927467302412,2.234204169446719
2013-07-17,1.1319500646042022,0.9749739373503322,1.1302292102886096,1.007557046109766,2.2484650767348406
2013-07-18,1.1327577452999966,0.9746819818967507,1.1302292102886096,1.0082759686148317,2.2501647804022173
2013-07-19,1.1288875493706194,0.9822332118838522,1.1343188794253425,1.0048310788618258,2.2448830560328883
2013-07-22,1.1298770373499267,0.9819593050937409,1.1353131280522482,1.005245632830236,2.247847847801541
2013-07-23,1.1293576324003125,0.9752704003471413,1.1347912241294502,1.0050818623095112,2.23844590324716
2013-07-24,1.1280206590395754,0.96954805390127,1.1335081498291992,1.0036708965146297,2.2236160833560232
2013-07-25,1.1257470724624856,0.9897098181480096,1.1312235029179734,1.0025429560279395,2.247107110416252
2013-07-26,1.127203261291243,0.9928820700096406,1.1314092193433305,1.0034724946823126,2.2470391173403845
2013-07-29,1.1281918009626992,0.9933488762464506,1.1311125609673347,1.0046156374434032,2.239678539532139
2013-07-30,1.1274444842252944,0.9924439478343534,1.1311125609673347,1.003950177829285,2.2496613587281424
2013-07-31,1.1277061853105974,0.9891532677538706,1.131255341837448,1.0040564844589581,2.253591390113725
2013-08-01,1.1283543261489153,1.0113838844487768,1.131905522527384,1.0040564844589581,2.2908307740199874
2013-08-02,1.1285253921802345,1.0137804932375787,1.132077126943727,1.0040564844589581,2.298891033581066
2013-08-05,1.1285225280242461,1.0123874032987998,1.1320742537735664,1.0040564844589581,2.3012091284848193
2013-08-06,1.1284221842225597,0.9998753080451807,1.1319735941663418,1.0040564844589581,2.2809300923066735
2013-08-07,1.1284628971557178,0.9948313021716788,1.1320144352326735,1.0040564844589581,2.2690285514472395
2013-08-08,1.1284628971557178,1.0030621583101924,1.1320144352326735,1.0040564844589581,2.287567679374292
2013-08-09,1.1284628971557178,0.998811987811121,1.1320144352326735,1.0040564844589581,2.2819437404697207
2013-08-12,1.1284628971557178,0.9969193011380141,1.1320144352326735,1.0040564844589581,2.283195674309498
2013-08-13,1.1284628971557178,1.0006100854967166,1.1320144352326735,1.0040564844589581,2.2930657659883305
2013-08-14,1.1284628971557178,0.9940452317514412,1.1320144352326735,1.0040564844589581,2.282476402569837
2013-08-15,1.1284628971557178,0.9751378678781569,1.1320144352326735,1.0040564844589581,2.2402469664340456
2013-08-16,1.1284628971557178,0.9749267295642418,1.1320144352326735,1.0040564844589581,2.233223767620875
2013-08-19,1.1291760901398162,0.9714807049350989,1.1327298728027886,1.0040564844589581,2.2255628488366876
2013-08-20,1.1306361505845235,0.9834016589094573,1.1341945284010246,1.004671026587731,2.2406855780097383
2013-08-21,1.1278842657649386,0.9783916118644842,1.1314339827528517,1.0039848587786089,2.2302515925959003
2013-08-22,1.1307465832512062,0.9909922118238427,1.1343053086252757,1.0044605138838134,2.257617776665468
2013-08-23,1.1330710394242096,0.9927591418090714,1.1366370804084134,1.0048594035792346,2.270770357114809
2013-08-26,1.1347835622917832,0.9892937470230156,1.138354992988123,1.0044814885745004,2.2711827703621736
2013-08-27,1.132932994586167,0.9666697260886526,1.1364986011108065,1.0040213795410475,2.2258223753400395
2013-08-28,1.1328606231815097,0.9704678604111246,1.1364260019363217,1.0040213795410475,2.2349036596889182
2013-08-29,1.1328606231815097,0.9738747627079446,1.1364260019363217,1.0040213795410475,2.245353294065671
2013-08-30,1.1325224555759987,0.9647837418940882,1.1360867700378416,1.0040213795410475,2.2321910306150983
2013-09-03,1.1320004656060685,0.9712733639604783,1.1355631372427386,1.0040213795410475,2.247611965768409
2013-09-04,1.135785550134957,0.991202748034946,1.1393601343226403,1.0040213795410475,2.2801224746546147
2013-09-05,1.1374013015435267,0.9899151548145438,1.1409809708808103,1.0040213795410475,2.2884027553260107
2013-09-06,1.1388320183231657,0.9861699041242484,1.1424161904625645,1.0040213795410475,2.2861855644959905
2013-09-09,1.1416548895533194,0.9998281906763166,1.1452479459322313,1.0040213795410475,2.3173781330485275
2013-09-10,1.1416959375390072,1.0142905514654537,1.145289123105582,1.0040213795410475,2.34528569718721
2013-09-11,1.1414024963930673,1.014453785277883,1.144994758431358,1.0040213795410475,2.351556548875374
2013-09-12,1.1414024963930673,1.0141490834407443,1.144994758431358,1.0040213795410475,2.340577292985105
2013-09-13,1.1416077640760802,1.0162650327288625,1.1452006721400345,1.0040213795410475,2.347998383835085
2013-09-16,1.141618414389887,1.0183947256482462,1.1452113559728834,1.0040213795410475,2.3528228940035927
2013-09-17,1.1414494868767155,1.022071829266622,1.1450418968051075,1.0040213795410475,2.3682370989909143
2013-09-18,1.141226669796484,1.0338271570008026,1.1448183784671326,1.0040213795410475,2.4021178385954416
2013-09-19,1.1408406458178872,1.03411553065746,1.1444311395803082,1.0040213795410475,2.4026762185250052
2013-09-20,1.1415078068966051,1.0320634836359013,1.1451004003718128,1.0040213795410475,2.3971359214943164
2013-09-23,1.140919828192854,1.0238492754659942,1.1445105711608274,1.0040213795410475,2.379848238401443
2013-09-24,1.1398522208558668,1.0303569639367287,1.1434396038125203,1.0040213795410475,2.382843438234297
2013-09-25,1.1403878642814587,1.0282453492902142,1.1439769330339202,1.0040213795410475,2.3782869938529214
2013-09-26,1.1405555166666117,1.0326462796487623,1.14414511306055,1.0040213795410475,2.3968943026689806
2013-09-27,1.1402096602496714,1.0272185801748812,1.1437981681521432,1.0040213795410475,2.385901545508916
2013-09-30,1.1402096602496714,1.0260852298093115,1.1437981681521432,1.0040213795410475,2.3828246853879076
2013-10-01,1.1402096602496714,1.0331518365590366,1.1437981681521432,1.0040213795410475,2.4020732405699343
2013-10-02,1.1406910848403629,1.0336023840566857,1.1442811078992208,1.0040213795410475,2.4022120204108828
2013-10-03,1.140842754420813,1.024898332110759,1.1444332548195033,1.0040213795410475,2.37803871721309
2013-10-04,1.1400357788307336,1.0358733482909028,1.1436237394874949,1.0040213795410475,2.4010980247675073
2013-10-07,1.1394223129210492,1.0257750124871994,1.1430083428563462,1.0040213795410475,2.3804536678937804
2013-10-08,1.1390607592520083,1.0088554887316425,1.1426456512928953,1.0040213795410475,2.335266294583588
2013-10-09,1.1391958219924072,0.9986870554477137,1.1427811391074958,1.0040213795410475,2.318790337539793
2013-10-10,1.1431997693796119,1.023752728316214,1.1458296468955647,1.0048718781972545,2.3722883120822384
2013-10-11,1.144639639510605,1.0294315313087297,1.1457996212392967,1.006163855094239,2.3879966657271434
2013-10-14,1.1459756794377125,1.0334569825128048,1.1466582691991123,1.0065842574283324,2.409388324778584
2013-10-15,1.143685584041791,1.0210637823336988,1.1457130214186588,1.0054024968897135,2.39017706455488
2013-10-16,1.144101167728354,1.0320642559172197,1.145805236614485,1.0056869103306334,2.420566202908894
2013-10-17,1.1437507367729598,1.0365627128053858,1.145805236614485,1.0053788747873131,2.4340840235105627
2013-10-18,1.1437507367729598,1.0384067083278026,1.145805236614485,1.0053788747873131,2.4602174768685896
2013-10-21,1.1437507367729598,1.038826971251671,1.145805236614485,1.0053788747873131,2.4627075403702987
2013-10-22,1.1437507367729598,1.0340888158105603,1.145805236614485,1.0053788747873131,2.4670981846455597
2013-10-23,1.1426498777273866,1.023517393114662,1.145805236614485,1.004411198533254,2.448568072273102
2013-10-24,1.1442874316682357,1.0359127685906302,1.145805236614485,1.00585063991285,2.4639868402786225
2013-10-25,1.1462359068493455,1.040341300290167,1.145805236614485,1.0075633870369851,2.468153550967748
2013-10-28,1.1458927227645643,1.0371810814527955,1.145805236614485,1.0072617216321822,2.4670401321047617
2013-10-29,1.1460652968086904,1.04111418245364,1.145805236614485,1.0074134175329783,2.4833922739644634
2013-10-30,1.1463808086087306,1.035230690928018,1.145805236614485,1.007690758467771,2.463310442511363
2013-10-31,1.1463808086087306,1.0276156988286183,1.145805236614485,1.007690758467771,2.462798976866063
2013-11-01,1.1463808086087306,1.021324479565637,1.145805236614485,1.007690758467771,2.4643650904679464
2013-11-04,1.1463808086087306,1.0229607887275474,1.145805236614485,1.007690758467771,2.474230735830369
2013-11-05,1.1463808086087306,1.0273965600358523,1.145805236614485,1.007690758467771,2.478024082120162
2013-11-06,1.1441594267616588,1.0218836735918564,1.1435849700732261,1.007690758467771,2.4665110767065284
2013-11-07,1.1427246583953394,1.0017389483953452,1.142150922071801,1.007690758467771,2.427148937199442
2013-11-08,1.1438500715583702,1.0167513529662922,1.14327577019022,1.007690758467771,2.4574487374466925
2013-11-11,1.1429847243879738,1.0185740268261183,1.1424108574911553,1.007690758467771,2.4634456488337535
2013-11-12,1.1403181534403048,1.0148823238261973,1.1397456253687237,1.007690758467771,2.4625717920831316
2013-11-13,1.142513488616748,1.0156514462435555,1.1419398583168008,1.007690758467771,2.4836942071577948
2013-11-14,1.1439282818317,1.0157079043327535,1.1433539411959324,1.007690758467771,2.483272993990707
2013-11-15,1.1467162891038556,1.0212745446571894,1.1461405486724061,1.007690758467771,2.4981955047228905
2013-11-18,1.1436017602484572,1.0083845455406812,1.143027583551825,1.007690758467771,2.466824722672926
2013-11-19,1.1461550792846704,0.9994790131598749,1.1424211545341425,1.0095435071077994,2.4512744371033204
2013-11-20,1.1438477966575247,0.9981983719468802,1.142377417348362,1.0074150943858653,2.4439734326109304
2013-11-21,1.1468866506395052,1.01270307045636,1.144945453359659,1.010091488378167,2.478166642097754
2013-11-22,1.1465603430158184,1.0166329186913123,1.1449572764393763,1.0094322421347486,2.493784005463222
2013-11-25,1.146305298150648,1.0169381969751332,1.1449572764393763,1.0080983940734387,2.4903048016930702
2013-11-26,1.1455841548882144,1.024765469787219,1.1449572764393763,1.0074756896738224,2.508513636270122
2013-11-27,1.1455671382522679,1.025923447616483,1.1449402691151527,1.0074756896738224,2.5189270406251394
2013-11-29,1.146984584418782,1.0282370016735642,1.1463569396368132,1.0074756896738224,2.5176064029576537
2013-12-02,1.1467249956507475,1.022618029195318,1.146097492919106,1.0074756896738224,2.5105337567172086
2013-12-03,1.148280899713554,1.0123573175365916,1.1476525455711093,1.0074756896738224,2.511767274066828
2013-12-04,1.1511545771239202,1.0069889613305993,1.1494166121699942,1.0084483896890402,2.505330467202078
2013-12-05,1.151431763828818,1.006552994880562,1.1501106596148056,1.0080822869567212,2.5006977140171425
2013-12-06,1.1486941422293202,1.0085615589330759,1.146939202231079,1.0084653010467626,2.5192639201649207
2013-12-09,1.146916354732559,1.0058687016497703,1.145093862973341,1.0085270851838077,2.5175267191655637
2013-12-10,1.1475922956844344,1.0004334815730762,1.1447660571171474,1.0094101766243202,2.512514272051685
2013-12-11,1.1417727465120868,0.9847159574468093,1.13900004394703,1.0093756081689764,2.4812981021808307
2013-12-12,1.138867445239469,0.9872341727659599,1.1361017979630548,1.0093756081689764,2.473550889694346
2013-12-13,1.1486812312242176,1.0034977441589568,1.1458917519640257,1.0093756081689764,2.4885755263256213
2013-12-16,1.1482197055500531,1.0066776753182722,1.1437395087198103,1.0093348823063792,2.5018357481578546
2013-12-17,1.1505669480135805,1.0111957091408352,1.144551324732895,1.0113706077948295,2.506608813474556
2013-12-18,1.15172123284635,1.0240490054774658,1.146243315142301,1.0112607607198714,2.5390842999142396
2013-12-19,1.1522337573667707,1.0239277361719052,1.1470412700855819,1.0107244621765112,2.5362454471966505
2013-12-20,1.1525294955104395,1.0315474501231283,1.1472497463975022,1.0108941791070913,2.5588540507636117
2013-12-23,1.1537984018392367,1.0366602697610925,1.1472497463975022,1.0119564724120047,2.5793514827204844
2013-12-24,1.1537886201402459,1.0380458573346196,1.1472497463975022,1.0119478932238302,2.5887910474985385
2013-12-26,1.1544928666826177,1.0412374727569527,1.1472497463975022,1.0125655633866515,2.5990505618798507
2013-12-27,1.1539707333517875,1.0388965295573678,1.1472497463975022,1.0121076183914484,2.595872675239512
2013-12-30,1.1539321327561534,1.0439134517051833,1.1472497463975022,1.0120648491141722,2.6028573221529294
2013-12-31,1.1539321327561534,1.042980277270064,1.1472497463975022,1.012048106915774,2.614946905868947
2014-01-02,1.1539321327561534,1.0391047076776665,1.1472497463975022,1.012048106915774,2.5881453627249864
2014-01-03,1.1538542447397941,1.0390250694124479,1.1472497463975022,1.0119797957757424,2.5821528371576044
2014-01-06,1.1528727422995915,1.042095883493992,1.1472497463975022,1.0111189759247796,2.5814723365610064
2014-01-07,1.1533715622920873,1.0526539912571689,1.1472497463975022,1.01155646251066,2.6069018262904207
2014-01-08,1.1520964850414108,1.0545512595219961,1.1472497463975022,1.0104381649253105,2.616141453808882
2014-01-09,1.153683964740091,1.055978548414989,1.1472497463975022,1.0118304528928699,2.6146090726422737
2014-01-10,1.1555468349099094,1.060488453604185,1.1485001593344186,1.012361453700943,2.636851585421737
2014-01-13,1.1454017573344633,1.046572504408715,1.1399177530772706,1.01103854796797,2.5933667859001455
2014-01-14,1.147384043922618,1.0572919807641405,1.1396077694633997,1.0123996003255562,2.650594310795763
2014-01-15,1.1465968799684954,1.0632172784823282,1.1387808991686237,1.0128403843829603,2.664900033019438
2014-01-16,1.14619368542261,1.0672515628343888,1.13801869560667,1.01228495061213,2.6683392035470064
2014-01-17,1.144319843038535,1.0625133440024523,1.1374289929514032,1.0109363447105213,2.663669683066463
2014-01-21,1.1455188276139456,1.0698271867316806,1.1381896448649425,1.0113195136217064,2.6837523973819364
2014-01-22,1.1473976853664571,1.0725877666424193,1.1405203197632385,1.0108563163761155,2.692340769061253
2014-01-23,1.145911074848155,1.0657622090846797,1.139415100344543,1.010376211471242,2.6769416612816834
2014-01-24,1.1449598974201611,1.0369021738408248,1.1379014230129383,1.0100243500701949,2.613664746934741
2014-01-27,1.1435275221731294,1.0250740255665662,1.138152244751783,1.008006244326664,2.5938317941380613
2014-01-28,1.1441915481672262,1.0324751241141816,1.1383004475947738,1.0085249960009424,2.6200279063384735
2014-01-29,1.1418674660673662,1.0208233948820908,1.1378446941714837,1.0068236524790202,2.5941442637799557
2014-01-30,1.1445569030765574,1.0377590336102824,1.1388732533199555,1.008234288622344,2.6447131947812674
2014-01-31,1.1412770489547013,1.0329955936571318,1.1382118236515943,1.0059306397571166,2.6277711099673464
2014-02-03,1.1357958052735946,1.0001167088833984,1.1365921381475523,1.0025721221414021,2.5610771775952843
2014-02-04,1.1368495087735402,1.0087513533879302,1.1354681753743707,1.004544342221308,2.58676608085416
2014-02-05,1.13776802100843,1.0035577465856658,1.1373091789885164,1.0036757916819363,2.582980927709743
2014-02-06,1.1459256034820062,1.0147578491081939,1.1440002549046726,1.0049144057639992,2.6196022467075086
2014-02-07,1.1506429122985826,1.0308615529846314,1.1462806820656104,1.0070480527136616,2.6671269324368607
2014-02-10,1.1503921265460009,1.042077388647751,1.1455030582770114,1.0072074605857086,2.6821369132171573
2014-02-11,1.1512954261761903,1.0505566690381989,1.1467435896333429,1.0079915287853087,2.7143687367877565
2014-02-12,1.150989099302524,1.0495821121264002,1.146827537941335,1.0084779445876408,2.7190499746185797
2014-02-13,1.151809098973483,1.0688813859434145,1.1474613140453926,1.0084779445876408,2.7492342306722897
2014-02-14,1.151809098973483,1.0687896306056461,1.1474613140453926,1.0084779445876408,2.759598923030325
2014-02-18,1.151809098973483,1.0814429482467676,1.1474613140453926,1.0084779445876408,2.7763367454416508
2014-02-19,1.151809098973483,1.074451691121366,1.1474613140453926,1.0084779445876408,2.761204145244515
2014-02-20,1.151809098973483,1.078702597259468,1.1474613140453926,1.0084779445876408,2.7811784039139007
2014-02-21,1.151809098973483,1.0762247014669075,1.1474613140453926,1.0084779445876408,2.7788701745541298
2014-02-24,1.151809098973483,1.088427150893956,1.1474613140453926,1.0084779445876408,2.8016477043622996
2014-02-25,1.151809098973483,1.0929253159482784,1.1474613140453926,1.0084779445876408,2.7959403657420805
2014-02-26,1.151539081221904,1.0975257171821893,1.147192315541805,1.0084779445876408,2.8070899839551897
2014-02-27,1.152911430600002,1.1036978834743048,1.1485594846517946,1.0084779445876408,2.819709051013514
2014-02-28,1.1541326944596848,1.0920416197118155,1.1497761385525813,1.0084779445876408,2.8153370632679735
2014-03-03,1.1536410731569438,1.0843170932569355,1.1492863729945921,1.0084779445876408,2.794804449888231
2014-03-04,1.1548021482027473,1.1103552875568614,1.1504430652788868,1.0084779445876408,2.846490155261319
2014-03-05,1.1548543325581337,1.1092406666428305,1.1504950526516708,1.0084779445876408,2.8475964918991115
2014-03-06,1.1548543325581337,1.1023107206117935,1.1504950526516708,1.0084779445876408,2.8434277695252477
2014-03-07,1.1548543325581337,1.1023291111247717,1.1504950526516708,1.0084779445876408,2.844534461697734
2014-03-10,1.1548543325581337,1.1035624950678282,1.1504950526516708,1.0084779445876408,2.8351209487326083
2014-03-11,1.1548543325581337,1.0975153632089778,1.1504950526516708,1.0084779445876408,2.823082960298172
2014-03-12,1.1548543325581337,1.1046815394336407,1.1504950526516708,1.0084779445876408,2.8368487870066432
2014-03-13,1.1548543325581337,1.0851912274896107,1.1504950526516708,1.0084779445876408,2.7940761248746484
2014-03-14,1.1562002930931812,1.0825339954544546,1.1518359325297471,1.0084779445876408,2.788320313119065
2014-03-17,1.1558641990859198,1.0879240734920725,1.1515011071914523,1.0084779445876408,2.8126891308077986
2014-03-18,1.1553572106855834,1.1028161810479125,1.150996032542733,1.0084779445876408,2.84329009775954
2014-03-19,1.1555276303987578,1.0964157443327243,1.1511658089650523,1.0084779445876408,2.8268506504655697
2014-03-20,1.1548478849648716,1.100518385391338,1.1504886293964254,1.0084779445876408,2.8376502183375942
2014-03-21,1.1551627288774238,1.078625271034873,1.1508022848536867,1.0084779445876408,2.8078029126964585
2014-03-24,1.1551627288774238,1.061507000189618,1.1508022848536867,1.0084779445876408,2.7779922337666014
2014-03-25,1.1513913942699507,1.058756709996098,1.1470451860703443,1.0084779445876408,2.7800484233330507
2014-03-26,1.1502643346453956,1.0381228115996237,1.1459223808077776,1.0084779445876408,2.7457365155687805
2014-03-27,1.1501464255124427,1.03454531041403,1.1458049167516624,1.0084779445876408,2.736475051030631
2014-03-28,1.1470861481946018,1.0292776112658581,1.1427561911984414,1.0084779445876408,2.745594773781978
2014-03-31,1.1564236659880596,1.0432683092304906,1.1520584622490455,1.0084779445876408,2.7714994372219537
2014-04-01,1.1662259913176107,1.0654496584408681,1.1610177351961783,1.0091835379175018,2.8188138443819426
2014-04-02,1.1666325113288822,1.0701548560873686,1.161596767800149,1.0090320079139923,2.8327739626917423
2014-04-03,1.1642721821939164,1.0467501499816667,1.1606631249607309,1.0078015535536724,2.804342901999074
2014-04-04,1.158839558548672,1.014680786288825,1.1570946897223073,1.0061975047221583,2.7372104316227626
2014-04-07,1.1561504577620996,0.9979745473378095,1.1553482104103021,1.0049853175046428,2.703789900885371
2014-04-08,1.167142710245947,1.0095008687279545,1.165612719513237,1.0072306971859448,2.728336314957658
2014-04-09,1.1829599805411923,1.031658287746199,1.181409255174443,1.0078282995684997,2.777939598950165
2014-04-10,1.1578277979334575,0.9945447273327268,1.1563100179864456,1.0052161595447462,2.6848928594722916
2014-04-11,1.1479157510740445,0.9815778687324818,1.1464109646878922,1.0022057495770818,2.6488927880267994
2014-04-14,1.153349905962079,0.9865461145493033,1.1522077338857581,1.003891639139173,2.664640746192762
2014-04-15,1.159750097327294,0.990793787744748,1.1545229820023932,1.007445232318778,2.675479988079054
2014-04-16,1.1659527896206021,1.0043874446890089,1.160460884582232,1.0076518949951538,2.7038768989524846
2014-04-17,1.1720697143823522,1.008935679207357,1.1652179762264847,1.008807647722157,2.7192943464074713
2014-04-21,1.1705754585356312,1.0187827443578052,1.1651213250222134,1.0087556681685972,2.7417756954455648
2014-04-22,1.1762235634484657,1.0317325432983353,1.1695750416967692,1.0091579202539875,2.7751013995689395
2014-04-23,1.1762748561847363,1.025039918401222,1.1693969492656464,1.0093555931406855,2.7560868712937827
2014-04-24,1.1782591937969917,1.0233615916627101,1.1698223577666098,1.0106911554245348,2.7659160186869203
2014-04-25,1.1781696441014047,0.9940244054941488,1.1698223577666098,1.0106143411838506,2.704902620480123
2014-04-28,1.1779645388186801,0.9814608371974257,1.1698223577666098,1.0104384052808915,2.7008599253770504
2014-04-29,1.177045676176334,0.9911346508642193,1.1694349288562418,1.0099848633364181,2.7228812140232583
2014-04-30,1.1774792309043352,0.9973100751426359,1.169398901076572,1.0103879981054291,2.738969532100967
2014-05-01,1.1764186096088425,1.0001018697996527,1.1699576484264567,1.008995114436773,2.749100589695104
2014-05-02,1.1761340621233134,1.0016652781884827,1.1683500737130514,1.0101374675979213,2.7441567018016277
2014-05-05,1.1752394079870565,1.0065813978423117,1.1676897805661075,1.0099399619682146,2.751859641515336
2014-05-06,1.1730100762428763,0.9883036163588297,1.1657858286395693,1.009670925861136,2.7128768295636543
2014-05-07,1.1714332436124748,0.98996593463843,1.164218707289217,1.009670925861136,2.7083269837542048
2014-05-08,1.172439863021371,0.9795884211687038,1.1650424470817653,1.0098241520397937,2.7021815610762334
2014-05-09,1.1760832840417093,0.981376630976747,1.1677905539634519,1.0105802585077996,2.710750110031492
2014-05-12,1.1805904330354304,1.0039480492573158,1.168846455374795,1.0135393900651597,2.763926552331401
2014-05-13,1.181388101683086,0.9975809644814164,1.1688718680038128,1.0142021542905149,2.756311093825639
2014-05-14,1.182155882097942,0.9905008526963399,1.1688718680038128,1.0148612810835305,2.7398861913715975
2014-05-15,1.1819734145390601,0.9817386746912272,1.1688718680038128,1.0147046357008298,2.716938479573138
2014-05-16,1.1817347915673209,0.9915174097598579,1.1688718680038128,1.0144997818245665,2.744719400928996
2014-05-19,1.18257389241318,0.9971488432295332,1.1688718680038128,1.015220136028511,2.763938964702005
2014-05-20,1.181538970364974,0.9883428038763392,1.1688718680038128,1.014331672559717,2.7432521935093286
2014-05-21,1.1817494564296105,1.0011425177938362,1.1688718680038128,1.014512371366399,2.7705468510599784
2014-05-22,1.182169015393327,1.009545991613377,1.1688718680038128,1.0148725558004956,2.790267142990167
2014-05-23,1.1820005427142057,1.0173742729454456,1.1688718680038128,1.0147279247907024,2.809693830258776
2014-05-27,1.1820005427142057,1.0237930141751563,1.1688718680038128,1.0147279247907024,2.844990940704662
2014-05-28,1.1820005427142057,1.020745924398947,1.1688718680038128,1.0147279247907024,2.8401382849532206
2014-05-29,1.1820005427142057,1.0293478290399019,1.1688718680038128,1.0147279247907024,2.8616280433736137
2014-05-30,1.1820005427142057,1.0270530948163457,1.1688718680038128,1.0147279247907024,2.8597182519735047
2014-06-02,1.1820005427142057,1.0281039404222156,1.1688718680038128,1.0147279247907024,2.8578600285177314
2014-06-03,1.1820005427142057,1.0277152622324295,1.1688718680038128,1.0147279247907024,2.859624576594413
2014-06-04,1.1820005427142057,1.031427847825623,1.1688718680038128,1.0147279247907024,2.872241676153778
2014-06-05,1.1820005427142057,1.035271463736702,1.1688718680038128,1.0147279247907024,2.8948752994135725
2014-06-06,1.1820005427142057,1.0374014033461005,1.1688718680038128,1.0147279247907024,2.91514415504637
2014-06-09,1.1820005427142057,1.0364903352338348,1.1688718680038128,1.0147279247907024,2.9202953365438513
2014-06-10,1.1820005427142057,1.036089646700518,1.1688718680038128,1.0147279247907024,2.919453594084677
2014-06-11,1.182619503606754,1.0331175618797808,1.1688718680038128,1.0152592924841382,2.920277188813431
2014-06-12,1.1822925446511507,1.0268857086250633,1.1688718680038128,1.0149786036261201,2.892291186307793
2014-06-13,1.1835792848921962,1.0274215220397624,1.1695663069972382,1.015480239453726,2.905422645425754
2014-06-16,1.184538045684233,1.0260352728391136,1.17056141695534,1.0154388234001277,2.9153394803881865
2014-06-17,1.1853228536290128,1.026473586185351,1.171265282550266,1.0155010063099308,2.926010896300949
2014-06-18,1.18724157769356,1.0357007280042878,1.1730353455008813,1.01561016799327,2.9481985615860924
2014-06-19,1.1878220986041224,1.0357172179171477,1.1736089200451747,1.01561016799327,2.9479989896082888
2014-06-20,1.1876891659229478,1.038091147291921,1.173477578002814,1.01561016799327,2.950870405561858
2014-06-23,1.1876891659229478,1.0359474658284589,1.173477578002814,1.01561016799327,2.950269824205787
2014-06-24,1.1876891659229478,1.0540271924034734,1.173477578002814,1.01561016799327,2.9473867898846917
2014-06-25,1.1876891659229478,1.0607856123567154,1.173477578002814,1.01561016799327,2.9651697948385465
2014-06-26,1.1876891659229478,1.0612034806310597,1.173477578002814,1.01561016799327,2.9672505219567156
2014-06-27,1.1876891659229478,1.0608378806445515,1.173477578002814,1.01561016799327,2.975428393721781
2014-06-30,1.1876891659229478,1.0684357527823727,1.173477578002814,1.01561016799327,2.993052188494361
2014-07-01,1.1876891659229478,1.084579037194234,1.173477578002814,1.01561016799327,3.0267644104281644
2014-07-02,1.1876891659229478,1.0818840795344045,1.173477578002814,1.01561016799327,3.0245901624728226
2014-07-03,1.1876891659229478,1.090844327783972,1.173477578002814,1.01561016799327,3.0409038172159084
2014-07-07,1.1876891659229478,1.0805021542580797,1.173477578002814,1.01561016799327,3.015441539204572
2014-07-08,1.1876891659229478,1.0684870036239993,1.173477578002814,1.01561016799327,2.979954284811191
2014-07-09,1.1876891659229478,1.0746004244766543,1.173477578002814,1.01561016799327,2.9997929148724114
2014-07-10,1.1876891659229478,1.0686833219009833,1.173477578002814,1.01561016799327,2.9898349962633595
2014-07-11,1.1876891659229478,1.0703048128521642,1.173477578002814,1.01561016799327,2.995382889517841
2014-07-14,1.186607967836833,1.0735637672157323,1.1724093172593144,1.01561016799327,3.0107605906417394
2014-07-15,1.1858360063006732,1.0648612430833777,1.171764992572499,1.01550760313706,2.993246677756298
2014-07-16,1.1866969249882684,1.0648134857291454,1.17245516697088,1.0156467249994785,2.9997873765583614
2014-07-17,1.184513612945402,1.0481040361333323,1.170459259763079,1.0141204846093697,2.95583543021652
2014-07-18,1.1862738112661537,1.0684102862867164,1.1721985731833955,1.014342680474115,2.993839211477766
2014-07-21,1.1855051311731113,1.0665848032611116,1.1714390135440091,1.0145639324980376,2.997319533031112
2014-07-22,1.1843565989039742,1.0721701900764913,1.1703621509242967,1.0145700493741971,3.010296430759252
2014-07-23,1.1845916968216257,1.0782100811804036,1.1705944709070073,1.0145700493741971,3.0127896494401027
2014-07-24,1.1850822128309808,1.0785285043520902,1.171031239223931,1.0145700493741971,3.027019978165959
2014-07-25,1.1832923539059035,1.0702869427245991,1.1692626018312033,1.0145700493741971,3.0015304240952214
2014-07-28,1.184669611188463,1.0651011726865385,1.1706235296089251,1.0145700493741971,2.9938870946261824
2014-07-29,1.1852006321843869,1.0608890290245838,1.1703164975456102,1.0145700493741971,2.9857515425349
2014-07-30,1.1871299816304945,1.067658797224461,1.1725425453777898,1.0145700493741971,3.006775842172608
2014-07-31,1.183669333404875,1.049495622213821,1.1690665278860866,1.0145700493741971,2.949706662370541
2014-08-01,1.1863661442347893,1.0493725650059964,1.1717300684411371,1.0145700493741971,2.9438788757688163
2014-08-04,1.1861953426497756,1.0552708470538854,1.1715613740175221,1.0145700493741971,2.9639323606342365
2014-08-05,1.1829434159252323,1.0456934376076215,1.1683495659749281,1.0145700493741971,2.9458254873554726
2014-08-06,1.1831777459454331,1.044590249752387,1.168872938018671,1.0145700493741971,2.9476450746435114
2014-08-07,1.1812442953228415,1.036116027469286,1.1667950524035278,1.0148205103587342,2.9363717162619016
2014-08-08,1.1887367690319726,1.0529667902702513,1.1735422619548186,1.01538899190402,2.9767875562251915
2014-08-11,1.1905048568853873,1.05518381358916,1.174798296653148,1.0158124837169948,2.9936257793649066
2014-08-12,1.1899874761020555,1.0512035723071727,1.174343146266995,1.0157645771312451,2.9853487780565318
2014-08-13,1.193700359220053,1.0616636336911407,1.177292514759619,1.0163827692654357,3.0163202963150133
2014-08-14,1.194848826999798,1.0628219290379726,1.1784094367902596,1.0163963749150506,3.0301419664007794
2014-08-15,1.196338971733949,1.066934657969067,1.1794134325178496,1.0167980024618217,3.048137767408714
2014-08-18,1.197592000952585,1.0764752992438749,1.1806487341561924,1.0167980024618217,3.073504880855723
2014-08-19,1.197592000952585,1.0832470347754675,1.1806487341561924,1.0167980024618217,3.0924049380604277
2014-08-20,1.197592000952585,1.0877906920917184,1.1806487341561924,1.0167980024618217,3.09785032787215
2014-08-21,1.197592000952585,1.0914455330849777,1.1806487341561924,1.0167980024618217,3.1032780882962108
2014-08-22,1.197592000952585,1.0907877829230528,1.1806487341561924,1.0167980024618217,3.1057536138839392
2014-08-25,1.197592000952585,1.096031424654105,1.1806487341561924,1.0167980024618217,3.1167012030372763
2014-08-26,1.197592000952585,1.097981082302696,1.1806487341561924,1.0167980024618217,3.13104247892381
2014-08-27,1.197592000952585,1.0933845655042442,1.1806487341561924,1.0167980024618217,3.1287456405190954
2014-08-28,1.197592000952585,1.0950930963806302,1.1806487341561924,1.0167980024618217,3.12406113081957
2014-08-29,1.197592000952585,1.0989130600265282,1.1806487341561924,1.0167980024618217,3.1451328546042463
2014-09-02,1.197592000952585,1.099550538218531,1.1806487341561924,1.0167980024618217,3.154591413960463
2014-09-03,1.197592000952585,1.1024638400945004,1.1806487341561924,1.0167980024618217,3.156796250455975
2014-09-04,1.197592000952585,1.0943714114934406,1.1806487341561924,1.0167980024618217,3.1512529658608464
2014-09-05,1.197592000952585,1.0971538954831996,1.1806487341561924,1.0167980024618217,3.1640865414107258
2014-09-08,1.197592000952585,1.0948971474443465,1.1806487341561924,1.0167980024618217,3.1655985034774865
2014-09-09,1.197592000952585,1.0821883164270998,1.1806487341561924,1.0167980024618217,3.138655361033132
2014-09-10,1.1981547566959165,1.0841314163217934,1.181203528155714,1.0167980024618217,3.157595026328175
2014-09-11,1.1975605378649492,1.084600765292366,1.180617716201363,1.0167980024618217,3.1675304099549733
2014-09-12,1.196903668536878,1.074756349120486,1.1799701401152862,1.0167980024618217,3.145243301716427
2014-09-15,1.1963715184394306,1.066613754838818,1.179445518759739,1.0167980024618217,3.1114269084780943
2014-09-16,1.1971024261473124,1.0798457145062625,1.180166085747001,1.0167980024618217,3.144414236507847
2014-09-17,1.1975623441166623,1.083820207181417,1.1806194968986259,1.0167980024618217,3.1531745884459608
2014-09-18,1.199465249280962,1.0914295163756018,1.181972234030002,1.017248643538817,3.1802442504784683
2014-09-19,1.1972271454972743,1.0847742878584277,1.1806109133550764,1.016522143485231,3.171624964040027
2014-09-22,1.1961834149865005,1.0649705008373134,1.1793523944759534,1.0167195517342182,3.1292418740143675
2014-09-23,1.195514701891505,1.0541735079027852,1.178175365410588,1.0171658825350973,3.108054525976594
2014-09-24,1.196538935260696,1.0655950966607812,1.1781071990876535,1.0180961698226094,3.145533923216056
2014-09-25,1.1942927334680926,1.0465303461880957,1.1760786505747285,1.0179379797503159,3.089096644926297
2014-09-26,1.1936337241796386,1.056516844872313,1.1754296917952252,1.0179379797503159,3.1184073606662293
2014-09-29,1.192421237877818,1.059142728454713,1.1742356970452574,1.0179379797503159,3.1203877460161316
2014-09-30,1.1897364367556087,1.0518180450744619,1.1715918416550464,1.0179379797503159,3.1052133600109055
2014-10-01,1.187864398419765,1.0357284558893949,1.1697483536573845,1.0179379797503159,3.0537447823857726
2014-10-02,1.1884299990404208,1.0295844280726014,1.1699667949296224,1.0182325781684363,3.055175552858234
2014-10-03,1.191780515778978,1.037061890819422,1.169944305621607,1.0211228333955122,3.0899318021724915
2014-10-06,1.1890312188142829,1.0319359777390615,1.1690044631571928,1.0195875144011395,3.0746621608611187
2014-10-07,1.1804850481648919,1.012332282585066,1.1646581605828965,1.016049999145174,3.027322517706277
2014-10-08,1.1894127877017182,1.030442480776091,1.1691409847543837,1.0198233295085812,3.0892957406644466
2014-10-09,1.1735311068181693,0.9979248434890396,1.155666520717946,1.0179596619912394,3.01966967162484
2014-10-10,1.1473114479837956,0.9558632547496949,1.1334496499703264,1.0147854173495254,2.919803000031137
2014-10-13,1.119977311894615,0.9317962641543935,1.110075913184816,1.0101320646536516,2.865288693842169
2014-10-14,1.1282118324339745,0.9396772434443794,1.1187062240692744,1.0103139114635702,2.8820599331484784
2014-10-15,1.1402796767676366,0.9451752658188086,1.1298874627838171,1.0103986409261096,2.8824810748892284
2014-10-16,1.1644351721840376,0.9530746393069893,1.1515549582901594,1.014724624007991,2.8873635141281264
2014-10-17,1.17104599277151,0.9658816242310727,1.1605541211780077,1.018661544307016,2.921230516984586
2014-10-20,1.175143231651211,0.9794857033648688,1.1647886291969431,1.0218459153006016,2.9620575514872436
2014-10-21,1.1871994281782718,1.0089758440448067,1.1753722004040228,1.0274546637051207,3.044797466243608
2014-10-22,1.1841296472430767,0.9932085528360287,1.1734547724694346,1.0253059180342237,3.012806101537256
2014-10-23,1.1917741062288951,1.0097233737705935,1.178249811652252,1.0288713209219251,3.061533358152494
2014-10-24,1.1903950879456107,1.0216110594191894,1.1780657370059666,1.0287341952024402,3.089405018613684
2014-10-27,1.1903243483338644,1.0194056365154682,1.1780657370059666,1.0285345551822458,3.0837577729056522
2014-10-28,1.1935424660271094,1.0367515012095192,1.1794079064571603,1.0300855600575427,3.1356174064262414
2014-10-29,1.1945269430140104,1.032734586233353,1.1811370800435437,1.0298294250105178,3.124069587441677
2014-10-30,1.1950315673929524,1.0303865923999578,1.1802157283054953,1.0306960176496307,3.136792342216229
2014-10-31,1.1973412163311057,1.0583683380918627,1.1823088266494457,1.0317971222429405,3.1987222729970513
2014-11-03,1.1962658923029972,1.0626690107299708,1.1826034906910607,1.0319030650737198,3.2053561443515055
2014-11-04,1.195279428720722,1.05767389595396,1.1822168180928474,1.0319030650737198,3.1960083948879867
2014-11-05,1.195279428720722,1.0524427673472907,1.1822168180928474,1.0319030650737198,3.194403258202893
2014-11-06,1.195279428720722,1.059326976227966,1.1822168180928474,1.0319030650737198,3.2074821692192237
2014-11-07,1.195279428720722,1.062208270539563,1.1822168180928474,1.0319030650737198,3.2174687449645196
2014-11-10,1.195279428720722,1.06671182995012,1.1822168180928474,1.0319030650737198,3.234290044250455
2014-11-11,1.195279428720722,1.0604114647669902,1.1822168180928474,1.0319030650737198,3.232986533353854
2014-11-12,1.195279428720722,1.0627332934193123,1.1822168180928474,1.0319030650737198,3.2362920164452054
2014-11-13,1.195279428720722,1.0589436691596237,1.1822168180928474,1.0319030650737198,3.240207785079801
2014-11-14,1.195279428720722,1.0564592223064193,1.1822168180928474,1.0319030650737198,3.2473181147001844
2014-11-17,1.195279428720722,1.0501749100973161,1.1822168180928474,1.0319030650737198,3.2342626866541258
2014-11-18,1.195279428720722,1.0629126526127275,1.1822168180928474,1.0319030650737198,3.2603241267380394
2014-11-19,1.195279428720722,1.0552819235792978,1.1822168180928474,1.0319030650737198,3.2472195448897345
2014-11-20,1.195279428720722,1.0618500071487587,1.1822168180928474,1.0319030650737198,3.2598822633479587
2014-11-21,1.195279428720722,1.0696343206303947,1.1822168180928474,1.0319030650737198,3.2878795006013917
2014-11-24,1.195279428720722,1.0778531194908358,1.1822168180928474,1.0319030650737198,3.3084405876097307
2014-11-25,1.195279428720722,1.0758863670375318,1.1822168180928474,1.0319030650737198,3.312278144564187
2014-11-26,1.1952631551319812,1.0821046429899286,1.182200722350013,1.0319030650737198,3.3328893004344455
2014-11-28,1.1944854027547271,1.0791436611892615,1.1814314696392176,1.0319030650737198,3.3349434423019972
2014-12-01,1.193661712064308,1.0583698301766933,1.180616780652089,1.0314002003097922,3.299369962345114
2014-12-02,1.195495107256022,1.0664214374464698,1.1824301395853845,1.0329843712259479,3.3264334823138366
2014-12-03,1.195971868389594,1.0771175697689577,1.182901690435151,1.0333963233927101,3.3569819067085747
2014-12-04,1.1955849812556538,1.0777325264625324,1.182519031397057,1.0327386608744715,3.3509510382857592
2014-12-05,1.1955849812556538,1.077439095117591,1.182519031397057,1.0327857960044062,3.3574310406263717
2014-12-08,1.1955849812556538,1.0670257621473362,1.182519031397057,1.032502455847206,3.328267490364032
2014-12-09,1.197711072825241,1.0737731109544306,1.1846218879760089,1.032502455847206,3.3445066765277214
2014-12-10,1.1957644944190733,1.0529193336883755,1.1826965827509615,1.032502455847206,3.2866464003789115
2014-12-11,1.1959548005406884,1.0620114594063317,1.1828848091122235,1.032502455847206,3.3085013532767475
2014-12-12,1.1946469668785984,1.0463487624038612,1.1815912681096434,1.032502455847206,3.273301086349649
2014-12-15,1.1936512250820244,1.0342595234248066,1.180606408276786,1.032502455847206,3.2429083253462148
2014-12-16,1.188547813969344,1.0202191958621152,1.1755587697898506,1.032502455847206,3.211319512343942
2014-12-17,1.1990828520436794,1.0407267991512763,1.1837697090023047,1.0404068358197078,3.2768838530143536
2014-12-18,1.2083215594135517,1.0638183722947274,1.1901718700727981,1.0460603884887851,3.3494364229288136
2014-12-19,1.2112103827988485,1.0664895203478786,1.1917293508472662,1.0483306825596939,3.3600769700615976
2014-12-22,1.2141856521841101,1.062608453162189,1.1920800832717575,1.0508583527346553,3.3790928396597235
2014-12-23,1.2151324861717996,1.0525891102422325,1.1925799284603176,1.0508134303844043,3.370312811475629
2014-12-24,1.2151324861717996,1.0559838452760963,1.1925799284603176,1.0504880575512763,3.377313784955959
2014-12-26,1.2151324861717996,1.0633868339164234,1.1925799284603176,1.0504880575512763,3.391215802359375
2014-12-29,1.2151324861717996,1.0641005700558697,1.1925799284603176,1.0504880575512763,3.3928726899265067
2014-12-30,1.2151324861717996,1.0544354354086374,1.1925799284603176,1.0504880575512763,3.3662815067052287
2014-12-31,1.2151324861717996,1.0468406058992488,1.1925799284603176,1.0504880575512763,3.3431719242192064
2015-01-02,1.2151324861717996,1.043490752545581,1.1925799284603176,1.0504880575512763,3.343643980723233
2015-01-05,1.2151324861717996,1.0335459438739734,1.1925799284603176,1.0504880575512763,3.298118255961832
2015-01-06,1.2151324861717996,1.0142677356591074,1.1925799284603176,1.0504880575512763,3.255074580919284
2015-01-07,1.2151324861717996,1.022938405229893,1.1925799284603176,1.0504880575512763,3.293476015598621
2015-01-08,1.2151324861717996,1.045722779078437,1.1925799284603176,1.0504880575512763,3.3630835009156637
2015-01-09,1.2151324861717996,1.041368962346673,1.1925799284603176,1.0504880575512763,3.341363722841684
2015-01-12,1.2151324861717996,1.0340844096429396,1.1925799284603176,1.0504880575512763,3.3157347474930368
2015-01-13,1.2151324861717996,1.0282495481404306,1.1925799284603176,1.0504880575512763,3.308249184430659
2015-01-14,1.2151324861717996,1.0232312123281682,1.1925799284603176,1.0504880575512763,3.296971509742096
2015-01-15,1.2111224238378289,1.0099779402879434,1.1894773751473062,1.049754233349867,3.2565200745899436
2015-01-16,1.2137875335444144,1.0277156565893835,1.1924322892928443,1.0500825035046453,3.3023514424323093
2015-01-20,1.2143300003581976,1.0370335766768504,1.1929652120052205,1.0497724870757712,3.3164809605744456
2015-01-21,1.2239861410168325,1.054617241217767,1.2024514635880543,1.0575160664567191,3.3472261804979846
2015-01-22,1.2293626522808978,1.0722962339522468,1.2077333811047855,1.059306113764277,3.396691617115452
2015-01-23,1.2280980808518043,1.0735972877956417,1.206820758802466,1.058501376185811,3.4051947164483956
2015-01-26,1.2276754203681508,1.0765640700828707,1.2065371241127167,1.0582588931726067,3.422712464922969
2015-01-27,1.2276754203681508,1.0645277975514131,1.2065371241127167,1.0582588931726067,3.38121798795595
2015-01-28,1.2276754203681508,1.0488746983507333,1.2065371241127167,1.0582588931726067,3.3371839752019703
2015-01-29,1.2292644292019703,1.0553811727353386,1.2080987731583344,1.0582588931726067,3.355742579002092
2015-01-30,1.2263127064515233,1.0303184402319499,1.2057838339189004,1.0577456092202202,3.314223443179216
2015-02-02,1.2316463757498264,1.040589249948533,1.208064909530083,1.0603451002517783,3.3467592750335347
2015-02-03,1.2348113694475287,1.056759389561085,1.2098511802995877,1.0615020475293693,3.3971473445064673
2015-02-04,1.2348822864447089,1.0602660599740352,1.20992066379712,1.0615020475293693,3.392560398780285
2015-02-05,1.2361174005273858,1.070955325683228,1.2102363822533548,1.0622867589415927,3.4400958462724414
2015-02-06,1.2364555953835321,1.0676999946189332,1.210722431228708,1.0621507644988009,3.419201932291561
2015-02-09,1.2361193078259354,1.0627718367277423,1.2103931425014414,1.0621507644988009,3.403384308891526
2015-02-10,1.2361193078259354,1.0835672052713992,1.2103931425014414,1.0621507644988009,3.455099913500374
2015-02-11,1.2361193078259354,1.089046127222358,1.2103931425014414,1.0621507644988009,3.4648761171330817
2015-02-12,1.2361193078259354,1.1106068194819128,1.2103931425014414,1.0621507644988009,3.5042407774257183
2015-02-13,1.2361193078259354,1.1146977363794581,1.2103931425014414,1.0621507644988009,3.5227578106554085
2015-02-17,1.2361193078259354,1.1194629569013985,1.2103931425014414,1.0621507644988009,3.5263990826605704
2015-02-18,1.2361193078259354,1.1197280115668924,1.2103931425014414,1.0621507644988009,3.5352248075860055
2015-02-19,1.2361193078259354,1.1273309505890479,1.2103931425014414,1.0621507644988009,3.554541929152481
2015-02-20,1.2361193078259354,1.1313953098482479,1.2103931425014414,1.0621507644988009,3.577072298241807
2015-02-23,1.2361193078259354,1.1332836840970162,1.2103931425014414,1.0621507644988009,3.5648938009069533
2015-02-24,1.2361193078259354,1.1362984222804275,1.2103931425014414,1.0621507644988009,3.579449074712129
2015-02-25,1.2361193078259354,1.135886900614909,1.2103931425014414,1.0621507644988009,3.5861435241765527
2015-02-26,1.2361193078259354,1.134167067248042,1.2103931425014414,1.0621507644988009,3.5899916455854335
2015-02-27,1.2361193078259354,1.1346718085334286,1.2103931425014414,1.0621507644988009,3.5871425190283084
2015-03-02,1.2361193078259354,1.155817254836183,1.2103931425014414,1.0621507644988009,3.6287696261790736
2015-03-03,1.2361193078259354,1.146227868625292,1.2103931425014414,1.0621507644988009,3.599438984177875
2015-03-04,1.2361193078259354,1.1400452809289432,1.2103931425014414,1.0621507644988009,3.577257625409809
2015-03-05,1.2374252552004765,1.1516109128412748,1.2116719104460927,1.0621507644988009,3.597960609433502
2015-03-06,1.2373186213742071,1.1314731339478183,1.211567495887354,1.0621507644988009,3.5505059693065246
2015-03-09,1.2378068487208251,1.1342169913425229,1.2120455622265711,1.0621507644988009,3.557144040617388
2015-03-10,1.2373979802557957,1.1157434420221313,1.2116452031486702,1.0621507644988009,3.4974306396245316
2015-03-11,1.236634624796053,1.118738013124838,1.2108977346738117,1.0621507644988009,3.493265966310346
2015-03-12,1.2406858657960018,1.1252499753268852,1.21486466108125,1.0621507644988009,3.526025670235216
2015-03-13,1.2402813567305886,1.1232885902726044,1.214468570674963,1.0621507644988009,3.5155770067653425
2015-03-16,1.2409964648778864,1.145546151013029,1.2151687959624058,1.0621507644988009,3.5656373540172686
2015-03-17,1.240370785083932,1.1450928471506046,1.2145561378417784,1.0621507644988009,3.560118713129992
2015-03-18,1.2403939305454914,1.1517677935132202,1.2145788015990502,1.0621507644988009,3.5885718252820062
2015-03-19,1.2403939305454914,1.1553358377767176,1.2145788015990502,1.0621507644988009,3.5953456321986406
2015-03-20,1.2403939305454914,1.157885021157806,1.2145788015990502,1.0621507644988009,3.619632906943239
2015-03-23,1.2403939305454914,1.150047250742112,1.2145788015990502,1.0621507644988009,3.597269750565327
2015-03-24,1.2403939305454914,1.1455607842188795,1.2145788015990502,1.0621507644988009,3.584462301949058
2015-03-25,1.2403939305454914,1.1181927203563682,1.2145788015990502,1.0621507644988009,3.4892013157302113
2015-03-26,1.241459868690527,1.1149547223824976,1.215622555396045,1.0621507644988009,3.482763806752273
2015-03-27,1.243182128366653,1.1211058943382615,1.2167601709139237,1.0626302791169362,3.510418785855721
2015-03-30,1.2430668388484916,1.1352608601084078,1.216520664289775,1.06274090126661,3.552325439078773
2015-03-31,1.239422609488584,1.1241831993664035,1.2145972983991715,1.061305557527449,3.518747135227591
2015-04-01,1.240578505045395,1.113217273619115,1.2157127407078914,1.061320674971885,3.495635612767448
2015-04-02,1.2406485936623373,1.1159092321171475,1.2153575162961616,1.0616907480295135,3.505882973094367
2015-04-06,1.2392725136061642,1.1192128747411614,1.2147699340333304,1.0610264510130518,3.530434295730767
2015-04-07,1.239375213377053,1.1217156641684844,1.2148706032505836,1.0610264510130518,3.531669108371966
2015-04-08,1.2388368935149212,1.1321405308656995,1.2143429269112547,1.0610264510130518,3.5565867903557087
2015-04-09,1.2386559460038293,1.1358834875446613,1.2141655570481298,1.0610264510130518,3.5762289859425587
2015-04-10,1.2390534013187235,1.1408250523888546,1.2145551539780661,1.0610264510130518,3.5949774379366906
2015-04-13,1.2388715040888878,1.1375702107978896,1.214376853173794,1.0610264510130518,3.577678854881477
2015-04-14,1.2390435621338816,1.1380094988245664,1.2145455093310735,1.0610264510130518,3.5711229861623672
2015-04-15,1.2393696280646491,1.145947393011257,1.2148651283695497,1.0610264510130518,3.596742704606209
2015-04-16,1.2397282368291196,1.1474018875234815,1.215216646813134,1.0610264510130518,3.6066807740548197
2015-04-17,1.2395414218531122,1.1274927167686444,1.2150335254951112,1.0610264510130518,3.547125010183376
2015-04-20,1.240420534349009,1.1419865378007334,1.215895256403304,1.0610264510130518,3.587363727208376
2015-04-21,1.2414985442191802,1.1601016916552167,1.2169519521376948,1.0610264510130518,3.6213517605802665
2015-04-22,1.2491324187334778,1.1649946170968044,1.2244348916351322,1.0610264510130518,3.639855882016091
2015-04-23,1.2504708518738235,1.1692114838724486,1.2244348916351322,1.0621633304531508,3.6515406892639635
2015-04-24,1.2496658284616275,1.1555622104644858,1.2244348916351322,1.0614795349473944,3.650920204320025
2015-04-27,1.2507524933856238,1.1435542664281824,1.2244348916351322,1.0624025597688278,3.632643117496584
2015-04-28,1.2500996104029838,1.138207258472231,1.2248849639016817,1.0614574808216386,3.631252030881578
2015-04-29,1.2498582242095528,1.1369378332851727,1.2255355141191668,1.060688768171746,3.6229912373792854
2015-04-30,1.2473137373492904,1.1202489884095324,1.2237448792255325,1.0600791729944496,3.576922036549471
2015-05-01,1.2512532471502744,1.1342494793236348,1.2270224850115026,1.0605880687796068,3.625386694056544
2015-05-04,1.250371321016856,1.1398528663175194,1.2264647342395663,1.0603226269559887,3.6405284542265957
2015-05-05,1.2483023823040313,1.1222875089006907,1.226107732092732,1.0588767952333384,3.578921902837695
2015-05-06,1.2487959154979669,1.119157233361038,1.2263074929861228,1.0591229213024682,3.562225829322563
2015-05-07,1.2499287248077398,1.123383864823364,1.227073140838177,1.0594224084217256,3.5803423404825017
2015-05-08,1.2465668188757593,1.1339304933782282,1.2233649536584221,1.059774453630715,3.617138177111515
2015-05-11,1.249238862653185,1.133071156249336,1.2252727334006064,1.0603934357070721,3.6160058756329496
2015-05-12,1.2469328357365477,1.1265853501445509,1.2230723374541457,1.060340305983233,3.599192520687874
2015-05-13,1.2446101169662511,1.1229054352115178,1.220794064724278,1.060340305983233,3.5981554576360764
2015-05-14,1.246249940751566,1.1357861570433319,1.2224025099048346,1.060340305983233,3.63698480528641
2015-05-15,1.2490289904401382,1.140003807686778,1.225128381500393,1.060340305983233,3.648956896247758
2015-05-18,1.250036272339743,1.1472649162155157,1.2261163887066489,1.060340305983233,3.6688664701566607
2015-05-19,1.2480520868970626,1.1425845424264083,1.2241701713501318,1.060340305983233,3.6565091404020627
2015-05-20,1.2463671579919429,1.137845870554021,1.222517484152099,1.060340305983233,3.6526687404379703
2015-05-21,1.246397762721131,1.1418105767612872,1.222547503249032,1.060340305983233,3.6700801517248145
2015-05-22,1.2470256359903535,1.136997018881357,1.2231633619424633,1.060340305983233,3.6629497191115186
2015-05-26,1.2462266125290973,1.1287378461044093,1.2223796280761061,1.060340305983233,3.6286467145583514
2015-05-27,1.2492380789557593,1.1410095724174287,1.225333469033744,1.060340305983233,3.679440654937451
2015-05-28,1.2506986097792132,1.1354761872909611,1.2267660520863113,1.060340305983233,3.6762876105313023
2015-05-29,1.248303067354485,1.124160806733532,1.2244163492082472,1.060340305983233,3.658739230018973
2015-06-01,1.2492087584362412,1.1271715915207179,1.2253047095726772,1.060340305983233,3.669271176285493
2015-06-02,1.252538284902079,1.1252541381057366,1.2285705243787988,1.060340305983233,3.6608601667473986
2015-06-03,1.2539745764839074,1.1257462402318819,1.2299793320161525,1.060340305983233,3.668302847878409
2015-06-04,1.2480837217062095,1.1162599287400565,1.2242012008160819,1.060340305983233,3.638650639302054
2015-06-05,1.2481411842097687,1.1177806153131875,1.2242575637544295,1.060340305983233,3.651480384804719
2015-06-08,1.24706654412628,1.1083990211666381,1.223203487286824,1.060340305983233,3.6097196303953907
2015-06-09,1.2464920821050862,1.1075061004590603,1.2226400177984091,1.060340305983233,3.6137854248443415
2015-06-10,1.2471470470300903,1.1198436424304703,1.2232824497392618,1.060340305983233,3.652813950499329
2015-06-11,1.250348816377537,1.1229530489856498,1.2264229521043772,1.060340305983233,3.659225270559276
2015-06-12,1.2504389902011956,1.1130752496654361,1.2265114004202116,1.060340305983233,3.638021058218858
2015-06-15,1.24815499184125,1.1077923980050723,1.2242711071720271,1.060340305983233,3.6199244069416214
2015-06-16,1.2493575839668196,1.1138393674658538,1.2249976928637727,1.0607326441092855,3.640760321448867
2015-06-17,1.249838326696256,1.1174072963731938,1.224862635823022,1.0612577521610207,3.6500504357810577
2015-06-18,1.2498506040527897,1.131861282920775,1.2248996877734186,1.0612360741392564,3.6974883924380193
2015-06-19,1.2498506040527897,1.1287987443933065,1.2248996877734186,1.0612360741392564,3.686734518048227
2015-06-22,1.250259226731593,1.1344238062670124,1.2248996877734186,1.0615830317084662,3.7079144057459015
2015-06-23,1.2502279606351259,1.1297394590564345,1.2248996877734186,1.0615564839679916,3.7080582391950676
2015-06-24,1.2502279606351259,1.1178354194782232,1.2248996877734186,1.0615564839679916,3.674899693364943
2015-06-25,1.2499117412831657,1.1116085472593298,1.2248996877734186,1.0612879851709731,3.667657707402169
2015-06-26,1.2385678243688196,1.1057722468976048,1.2248996877734186,1.051655974903101,3.6381695012417876
2015-06-29,1.2344447813397657,1.0806300882972442,1.2237192874891898,1.0491685892418299,3.548714544800507
2015-06-30,1.2331546872678933,1.0844560349278494,1.2220810537768279,1.0494766805776867,3.566650813957432
2015-07-01,1.235299234217049,1.0914455558889786,1.224400947047833,1.0493095619109059,3.5839080491095525
2015-07-02,1.2370003661055748,1.0908963228630482,1.225205012707295,1.0500654842998849,3.5924378887879524
2015-07-06,1.2320201387169327,1.082898419174181,1.2226815684540833,1.0480005915679966,3.568341434201533
2015-07-07,1.2412719944463144,1.0846299602607428,1.2322637291259415,1.0476573673234748,3.577611000436363
2015-07-08,1.219100758264427,1.065402976877912,1.2121830458729441,1.0460167997040817,3.5052912827533156
2015-07-09,1.2047737597931276,1.0721724259386771,1.1995875139281438,1.03978998253042,3.5070511969125246
2015-07-10,1.218064562308629,1.0847180807621988,1.212405887120861,1.0411332941214233,3.5523239492156353
2015-07-13,1.2326972654382338,1.0985572312760639,1.22643358841389,1.0455486281217117,3.6006526241066066
2015-07-14,1.2471787212467942,1.1062794048442268,1.227975729664258,1.0566624961191224,3.6297782723349834
2015-07-15,1.2360680828919126,1.1044648887164368,1.2259109344059353,1.0490971057181986,3.6148153912253513
2015-07-16,1.2377812022327228,1.1068774212046677,1.2264307992599026,1.0504245198422808,3.6457486795181873
2015-07-17,1.2357481202999627,1.108733889054168,1.2264626529023328,1.0482240561051435,3.661020145399654
2015-07-20,1.2331929164367847,1.10966874331705,1.2263027892626417,1.046193234030498,3.6646980131496436
2015-07-21,1.2349851875636393,1.107405205008512,1.2274279020537644,1.0467944592651217,3.659080702681423
2015-07-22,1.2265114793444998,1.1053665150774965,1.223778581599404,1.0427242711279903,3.6305261421532204
2015-07-23,1.229342151956915,1.1030058916776482,1.2284887923814043,1.0410556468110308,3.624569906116733
2015-07-24,1.2161003017168135,1.0810461963911127,1.2193526090407485,1.037584179755146,3.57650462814302
2015-07-27,1.2113413753154885,1.0688454876101958,1.218273083742559,1.0344424356551403,3.545540978366868
2015-07-28,1.228693091166328,1.0819911722506683,1.228243383775274,1.0408030616595203,3.602271999582578
2015-07-29,1.2419787979161683,1.0918770133376254,1.2306570757350166,1.0500117945447291,3.63175918558982
2015-07-30,1.242577590441621,1.0906798134692341,1.2319745899426744,1.0492797262636606,3.651435692716072
2015-07-31,1.242028734955571,1.0905139985611143,1.232673024979622,1.0489220777562078,3.650614515099813
2015-08-03,1.236606934187554,1.0861055692121793,1.2315564887618204,1.049197956162628,3.6565420010951932
2015-08-04,1.2380985148716943,1.0857455752471807,1.2321928733004226,1.0499475622335366,3.6569065262985356
2015-08-05,1.2450089001730524,1.0941644929155254,1.2344364466010305,1.0538960507944048,3.707584939163999
2015-08-06,1.2409953512625422,1.0703891555536162,1.2311093588330566,1.053339084706832,3.655023749998161
2015-08-07,1.2401947605898431,1.07086256408376,1.2298402418805408,1.0537454132483193,3.6504292920989445
2015-08-10,1.2454374952953902,1.0808225848869877,1.2326819825761528,1.055765115999416,3.683008584760773
2015-08-11,1.2394427781374235,1.0696961941404737,1.2294746609622427,1.0534303576607174,3.6441978399943955
2015-08-12,1.2387984701116665,1.0671523722929857,1.228923916826459,1.0533546306975732,3.6462732949692285
2015-08-13,1.239173551127318,1.0677759852367346,1.228923916826459,1.0536735633845724,3.6360738688843055
2015-08-14,1.2421093124038665,1.070428567326824,1.228923916826459,1.0561698513683606,3.647267563966175
2015-08-17,1.2401028658281348,1.079142453082384,1.228923916826459,1.0544637628940958,3.6743741962851764
2015-08-18,1.2384920481517963,1.0762661138167122,1.228923916826459,1.05309407904356,3.645201474290845
2015-08-19,1.238600657692491,1.0668644215887328,1.228923916826459,1.053186430112268,3.6189044853453702
2015-08-20,1.235646729953231,1.0316483988848486,1.2264327213309245,1.0528096468916754,3.498013931829551
2015-08-21,1.2309696005176152,1.00130683129206,1.222930949957336,1.0518306205631551,3.385084454830619
2015-08-24,1.2373463322495661,0.9645377628375912,1.2456568525114287,1.047760634919039,3.2666413979447193
2015-08-25,1.2270731345476147,0.960208632335623,1.2327425185912886,1.0415498964845924,3.236361865178805
2015-08-26,1.2711346767632683,1.0003811474287958,1.283159294996157,1.0596613240392665,3.3699796638928006
2015-08-27,1.3224160049022606,1.0245319623154392,1.3195358098524435,1.0839432572406853,3.46577781292086
2015-08-28,1.3217424170901033,1.0242873097828324,1.3184496865608766,1.0846671860227688,3.4723542789038295
2015-08-31,1.3160162572749168,1.009828475193737,1.3124627231380661,1.0837189724409868,3.4360643521142573
2015-09-01,1.3123389985899838,0.9838298818288096,1.307616508821443,1.0824325952664475,3.3282965797319553
2015-09-02,1.314914741770601,1.0081367447324598,1.309749860298767,1.0827911302435045,3.3985035561444046
2015-09-03,1.314643762396403,1.0076325010250855,1.3094140451703815,1.082845610941715,3.402887734689004
2015-09-04,1.3142023609469076,0.9958849366217626,1.3097867261812692,1.0821738415836075,3.358813503203302
2015-09-08,1.3177085454195583,1.028723708737701,1.3125358988983238,1.0835720346928164,3.459034871353981
2015-09-09,1.3179602402171455,1.016092687243166,1.310813695685073,1.0844484610206895,3.4134206256699477
2015-09-10,1.31455038355664,1.0308553686934356,1.3090994733174022,1.0831431695954274,3.433121611066031
2015-09-11,1.3143310929864065,1.035428441465267,1.3082672995443574,1.0837330215266792,3.445642537421679
2015-09-14,1.312559710073085,1.030749278603759,1.3077889340073585,1.0824931429287876,3.4313410842521623
2015-09-15,1.3132875791792669,1.043238134534752,1.3081075322486546,1.083516045566969,3.4722725228868265
2015-09-16,1.319359698605485,1.0520083706580803,1.3111276653161503,1.0872264641826117,3.506583426976373
2015-09-17,1.317465144678663,1.0533241679934942,1.310260205951984,1.0864809135825992,3.508342999504258
2015-09-18,1.3143036368758463,1.0334490764202728,1.3085157484792052,1.0843751731521647,3.4539124431120687
2015-09-21,1.3142410617691678,1.0272858872379538,1.3096937041198304,1.0843235451339233,3.4513190999237655
2015-09-22,1.3156844700868362,1.0141715257359432,1.3092266521359306,1.0855144390038676,3.3975937757897183
2015-09-23,1.3129886596040077,1.0095708787434055,1.3074326881706404,1.0847776651558247,3.383625766483155
2015-09-24,1.315272912244184,1.0010370924418128,1.3073832745537781,1.0867058895936954,3.3778388726166595
2015-09-25,1.3171020762912606,0.9860687148614868,1.3070297603988257,1.0885110264233977,3.3618296441944815
2015-09-28,1.3029656041890263,0.9503057378631636,1.2984791569940264,1.0839490761399617,3.261781159397279
2015-09-29,1.3032242381459915,0.9481535415240392,1.2999923348988995,1.0808577281697382,3.254321476250324
2015-09-30,1.3297782667087459,0.9701817978289544,1.3215292553068796,1.0858589576789062,3.3344169569546036
2015-10-01,1.3251334612787053,0.973412970734817,1.318081929261632,1.0848987014201419,3.328250956230821
2015-10-02,1.3534027873492185,0.9935970234097734,1.3351142752473273,1.0940239171570685,3.396975952210248
2015-10-05,1.3627361765466635,0.998593105544447,1.341540888257856,1.0963024503843866,3.4548042789508613
2015-10-06,1.3590608371789068,0.975672005457904,1.3391226210561145,1.096473420826223,3.4310197952696364
2015-10-07,1.3624019111535375,0.9833134623067185,1.341820746768587,1.096473420826223,3.4592641317165795
2015-10-08,1.359481473406083,0.9852405967434257,1.338944426699524,1.096473420826223,3.482541259550388
2015-10-09,1.363064916707327,0.9848453123729676,1.342473736609554,1.096473420826223,3.489923471758639
2015-10-12,1.362525303676913,0.9885309214064194,1.3419422752591927,1.096473420826223,3.4931569698243794
2015-10-13,1.363854475498886,0.9696014462581791,1.3432513679080964,1.0960344483671745,3.454081700124577
2015-10-14,1.3576625198503647,0.9607382302598041,1.3377395371951963,1.095699075896746,3.459380192453387
2015-10-15,1.378712780171484,0.9827857414619807,1.3551027667647133,1.0984659920344075,3.519168722950353
2015-10-16,1.3798953604836328,0.9847521536527888,1.3569879867826438,1.0978800060752922,3.5273825237360534
2015-10-19,1.3791079819854628,0.9849653672039898,1.3574512490513397,1.096878742255635,3.5369810617500335
2015-10-20,1.3738133041665994,0.9843224342596621,1.3533350262171375,1.0967992587572803,3.5108955661603516
2015-10-21,1.3832501639521158,0.9704653158383721,1.3585891875182277,1.0967992587572803,3.501919578356165
2015-10-22,1.3832501639521158,0.9880590475579052,1.3585891875182277,1.0967992587572803,3.583917617107704
2015-10-23,1.3832501639521158,0.9811740802059613,1.3585891875182277,1.0967992587572803,3.6159440094598265
2015-10-26,1.3826037017636463,0.9866487562434082,1.3579542506410942,1.0967992587572803,3.6143875771402487
2015-10-27,1.3807923420483792,0.9803862152251492,1.3561751843608223,1.0967992587572803,3.5883714095079493
2015-10-28,1.383139934211843,0.9852204566885903,1.3584809229850432,1.0967992587572803,3.6276144874486596
2015-10-29,1.3813403081670919,0.977617516046323,1.3567133811840797,1.0967992587572803,3.5972099097389854
2015-10-30,1.386712794066605,0.9752800900984334,1.3573108809975463,1.1005820380985567,3.599082434189001
2015-11-02,1.3859468711159417,0.9877418103224139,1.3580510406556479,1.0993739917132637,3.641529134253062
2015-11-03,1.3874096620974,0.9885755597860766,1.357836222564283,1.100708220978107,3.6638625484846785
2015-11-04,1.3896071841110698,0.9872590657832858,1.3586980902891563,1.1017529764943883,3.649927593289229
2015-11-05,1.382717126141541,0.9841718717480665,1.35523360561588,1.0990994911484542,3.6364866841754098
2015-11-06,1.3832830101734037,0.9908946057911936,1.359054363107062,1.0964506546915893,3.657175278624817
2015-11-09,1.3796830146441805,0.9827744752070046,1.3583100047780874,1.094197670133393,3.6222776389675855
2015-11-10,1.3728970515109238,0.9797549745081501,1.3574504918333563,1.0895082527006452,3.6097845492765925
2015-11-11,1.3718711098534182,0.9729974698336398,1.3582036051315105,1.0880896234844772,3.605173797153807
2015-11-12,1.3721854578295427,0.9630549484162011,1.3589220737733054,1.0877633637675472,3.564020003781726
2015-11-13,1.3723173104776536,0.946784939375875,1.3583220493860568,1.0883481822181007,3.515914037292339
2015-11-16,1.3847552722039056,0.9577310270376402,1.3619630286319908,1.0952950823519554,3.5722814533452776
2015-11-17,1.3781329494191916,0.9577636393742301,1.3628377094967814,1.089353625444842,3.5726618435731288
2015-11-18,1.3827888111234603,0.9734896416650735,1.3670813592784217,1.089641813961985,3.628439309677744
2015-11-19,1.3775812177940665,0.9765617796791608,1.368401228598647,1.0844862033590816,3.6337867400977326
2015-11-20,1.388104089684685,0.9805192130341523,1.3779058781376896,1.0852375918138335,3.654356567438773
2015-11-23,1.3868532136577816,0.9817680005215378,1.3783724638599473,1.0838921583327608,3.6502423192211224
2015-11-24,1.3891175166389698,0.9845375747866564,1.3783724638599473,1.085661819477307,3.6698178457318145
2015-11-25,1.3894846895222208,0.9842770887986723,1.3783724638599473,1.0859487826576848,3.678774969361125
2015-11-27,1.390243661315052,0.9885707828984344,1.3783724638599473,1.0865419554365658,3.6948358255093297
2015-11-30,1.3863164183552885,0.9746537129413045,1.3783724638599473,1.0834726271139756,3.6785064586855434
2015-12-01,1.395447845287581,0.9810056600571219,1.3783724638599473,1.0906092742723263,3.729595147456351
2015-12-02,1.400247004404153,0.9729849254570893,1.3783724638599473,1.0943600467995243,3.7031382786614797
2015-12-03,1.4040595627925683,0.9500959819650229,1.3783724638599473,1.097339743641045,3.6386493119248846
2015-12-04,1.403365271216159,0.969115701461222,1.3783724638599473,1.096797121546756,3.7074804408847997
2015-12-07,1.403365271216159,0.9618827562916151,1.3783724638599473,1.096797121546756,3.685147438840413
2015-12-08,1.403365271216159,0.9612042641670286,1.3783724638599473,1.096797121546756,3.6745174331624924
2015-12-09,1.403365271216159,0.9438194702748586,1.3783724638599473,1.096797121546756,3.627255831175515
2015-12-10,1.403365271216159,0.9479958898418319,1.3783724638599473,1.096797121546756,3.6542069602556215
2015-12-11,1.4045232346486143,0.9277276271186992,1.3783724638599473,1.0977021253868986,3.574998758166056
2015-12-14,1.4029648199065345,0.9310841619000764,1.3770115949283601,1.0975679124238247,3.5879812263119466
2015-12-15,1.4077966489437002,0.940837132565944,1.378167509576084,1.100238184816131,3.634480701521252
2015-12-16,1.417877078482478,0.9568594892892248,1.3854937467384272,1.104713349687044,3.70467992352165
2015-12-17,1.4115063616343286,0.9413691782159113,1.3836636481903355,1.1002926643458872,3.655681310713523
2015-12-18,1.4062517077697791,0.9271155845188968,1.3807118255638822,1.0981936825026046,3.6005681552892206
2015-12-21,1.408253196005371,0.9298447660064775,1.3819514578562557,1.0995446064551873,3.6445032943245947
2015-12-22,1.4098270329546023,0.9367856366337136,1.3835603065240127,1.0994832411790576,3.6820577206285114
2015-12-23,1.4153075217108817,0.9446876723780813,1.3880483977730302,1.1001907336402503,3.712343072565178
2015-12-24,1.4154121980370014,0.945282323773231,1.3885216594166228,1.099896988672014,3.7158180389938384
2015-12-28,1.4120249942221716,0.9421104226894493,1.385976433140678,1.0992810035633938,3.710148946655324
2015-12-29,1.4131720633691616,0.955196163918677,1.3870461624478918,1.0993255617609812,3.7552313229001797
2015-12-30,1.4119987929005207,0.9463963877316367,1.3858945827194036,1.0993255617609812,3.7267418742918057
2015-12-31,1.4119987929005207,0.938125769140096,1.3858945827194036,1.0993255617609812,3.6899894680959084
2016-01-04,1.4119987929005207,0.9132643043645983,1.3858945827194036,1.0993255617609812,3.619818276653127
2016-01-05,1.4119987929005207,0.914327153878496,1.3858945827194036,1.0993255617609812,3.6143273235096705
2016-01-06,1.413864830126386,0.9015685239229373,1.3876642971446667,1.0993746025436795,3.5638722119144903
2016-01-07,1.4030150705873048,0.8764375586740932,1.379386056951072,1.0962269231190822,3.465947370744905
2016-01-08,1.3826276462325287,0.863743445295975,1.3626842800385244,1.0938605674485788,3.4249365636598763
2016-01-11,1.3885115525070366,0.860026317239259,1.3693625971722772,1.0953476883380766,3.4284744456528577
2016-01-12,1.4035129584495132,0.8656015433286004,1.3829872354764834,1.1017156775882944,3.4613308284405075
2016-01-13,1.355434828482972,0.8344180932354311,1.337007486550605,1.0848347482482528,3.348685309604372
2016-01-14,1.3901033328904013,0.8568813658643155,1.365953889347297,1.096790671539463,3.411467844180822
2016-01-15,1.3398037591849266,0.8344189421188658,1.316455748774596,1.074135985499604,3.308850512431564
2016-01-19,1.3181389169844118,0.8355162067912951,1.301635247488473,1.071188344154195,3.306828263834859
2016-01-20,1.3190217730120273,0.8365667779835986,1.3101327636225544,1.0713291230893223,3.292462209063403
2016-01-21,1.343733749251798,0.83806709997042,1.326934426194598,1.0908751694650283,3.331494259610746
2016-01-22,1.3652952886186982,0.8530916906254503,1.3444679377311222,1.0994755514074133,3.3936079417571317
2016-01-25,1.3573940993255766,0.8427114221735442,1.3338871248007693,1.0917877495885802,3.3430098621086595
2016-01-26,1.3593616316992592,0.8490147934895749,1.336683449276402,1.0932815713117745,3.3769407110280145
2016-01-27,1.3473365342476407,0.835989580611464,1.333603439275443,1.0871121657681122,3.320972026564097
2016-01-28,1.3417197549092443,0.830041364145269,1.332103225074205,1.0848546215440376,3.3333304465046907
2016-01-29,1.359437427212753,0.8586928877174757,1.338034817287437,1.094238356684879,3.4358750474578295
2016-02-01,1.3694039683959505,0.8619594088208633,1.343419882357721,1.0978567449012173,3.4528424288672683
2016-02-02,1.350549262365405,0.8417675319509937,1.3365506671186014,1.0873301117998653,3.3719615877772915
2016-02-03,1.3544295961798114,0.8463294251493361,1.3429653070681116,1.0861083800641371,3.388007835232693
2016-02-04,1.3552932305969094,0.8414506711886809,1.3459905487144141,1.0867263612001878,3.39902244233145
2016-02-05,1.339015300262627,0.8061039101726717,1.3298243494831776,1.0863121173527903,3.270719504655667
2016-02-08,1.311154719287337,0.7815477666524933,1.3059903033289888,1.0831791217986484,3.1770977805585328
2016-02-09,1.3142473012813118,0.7779947788591584,1.3086420684308002,1.083534629247206,3.167812316026319
2016-02-10,1.3337753006827884,0.7831093942513726,1.3253238915856715,1.0856541547238274,3.1802883401718347
2016-02-11,1.3346353226540517,0.7825508207950792,1.325687697963309,1.087532543728322,3.1662643130251578
2016-02-12,1.351023907591692,0.7933936333779592,1.3433887685389703,1.0867175554751238,3.2234710665111264
2016-02-16,1.3825514703927055,0.811780897253601,1.3730634503390748,1.0895745945998387,3.3112584130993694
2016-02-17,1.4055143620085877,0.833962567545172,1.3908349303137553,1.0949282054528413,3.3942567942910467
2016-02-18,1.4043065180667964,0.8261718157115996,1.391467481065946,1.0941886613207936,3.367051093888602
2016-02-19,1.4095005607934512,0.8321093479126876,1.392648717431724,1.0973068134759507,3.388660041096997
2016-02-22,1.4106938114725458,0.8497355354766515,1.3935838897441486,1.0974989197469396,3.4404536220469035
2016-02-23,1.4103402525909379,0.8383408463155462,1.393549050146905,1.0972512936395333,3.400114726686475
2016-02-24,1.4103402525909379,0.8469484045272698,1.393549050146905,1.0972512936395333,3.428035395382832
2016-02-25,1.4103402525909379,0.8566142712849598,1.393549050146905,1.0972512936395333,3.474283463292683
2016-02-26,1.4103402525909379,0.8553807285034861,1.393549050146905,1.0972512936395333,3.4735188056231943
2016-02-29,1.4103402525909379,0.8516611911330635,1.393549050146905,1.0972512936395333,3.46548499449238
2016-03-01,1.4103402525909379,0.874684849291401,1.393549050146905,1.0972512936395333,3.565991181318427
2016-03-02,1.4103402525909379,0.879377111285423,1.393549050146905,1.0972512936395333,3.579737884059295
2016-03-03,1.4103402525909379,0.8834170433007602,1.393549050146905,1.0972512936395333,3.5965991269786093
2016-03-04,1.4103402525909379,0.8829264849591845,1.393549050146905,1.0972512936395333,3.6040643112461086
2016-03-07,1.4103402525909379,0.887772942399367,1.393549050146905,1.0972512936395333,3.615133710040776
2016-03-08,1.4103402525909379,0.8747640402517485,1.393549050146905,1.0972512936395333,3.55882844121112
2016-03-09,1.4103402525909379,0.8755190742393516,1.393549050146905,1.0972512936395333,3.577171074120785
2016-03-10,1.4103402525909379,0.8765940362111945,1.393549050146905,1.0972512936395333,3.5760762468353344
2016-03-11,1.4103402525909379,0.8963350479046392,1.393549050146905,1.0972512936395333,3.6448397768080474
2016-03-14,1.4103402525909379,0.897826092209705,1.393549050146905,1.0972512936395333,3.642306076929135
2016-03-15,1.4103402525909379,0.8945772040896546,1.393549050146905,1.0972512936395333,3.621556403869777
2016-03-16,1.4103402525909379,0.90267043967234,1.393549050146905,1.0972512936395333,3.6509664795413297
2016-03-17,1.4103402525909379,0.901645137743422,1.393549050146905,1.0972512936395333,3.6675838129940685
2016-03-18,1.4103402525909379,0.9058295451262108,1.393549050146905,1.0972512936395333,3.688211108122985
2016-03-21,1.4103402525909379,0.9042609504165355,1.393549050146905,1.0972512936395333,3.6969735233878644
2016-03-22,1.4103402525909379,0.9094993195241353,1.393549050146905,1.0972512936395333,3.697337837321411
2016-03-23,1.4103402525909379,0.9022517356200275,1.393549050146905,1.0972512936395333,3.6539293283386822
2016-03-24,1.4103402525909379,0.9004414193779161,1.393549050146905,1.0972512936395333,3.652181789615755
2016-03-28,1.4103402525909379,0.8999523078590183,1.393549050146905,1.0972512936395333,3.6490602469547353
2016-03-29,1.4103402525909379,0.9181834273035911,1.393549050146905,1.0972512936395333,3.704724641398598
2016-03-30,1.4103402525909379,0.9188635429858226,1.393549050146905,1.0972512936395333,3.7266908917718875
2016-03-31,1.4103402525909379,0.9194169395793095,1.393549050146905,1.0972512936395333,3.7293796383154545
2016-04-01,1.4103402525909379,0.9238264890927104,1.393549050146905,1.0972512936395333,3.761129598164142
2016-04-04,1.4103402525909379,0.9213201182969667,1.393549050146905,1.0972512936395333,3.750697010133551
2016-04-05,1.4103402525909379,0.9123939586310222,1.393549050146905,1.0972512936395333,3.7220112136555104
2016-04-06,1.4103402525909379,0.9258183033590103,1.393549050146905,1.0972512936395333,3.777676701655362
2016-04-07,1.4103402525909379,0.9125458068237775,1.393549050146905,1.0972512936395333,3.7188765107270134
2016-04-08,1.4103402525909379,0.9133238305450805,1.393549050146905,1.0972512936395333,3.726008541861692
2016-04-11,1.4103402525909379,0.9058959685207991,1.393549050146905,1.0972512936395333,3.7060089384845902
2016-04-12,1.4103402525909379,0.9102013354921706,1.393549050146905,1.0972512936395333,3.72086416546026
2016-04-13,1.4103402525909379,0.9215896886700814,1.393549050146905,1.0972512936395333,3.774233755828944
2016-04-14,1.4103402525909379,0.9195932802189525,1.393549050146905,1.0972512936395333,3.7706051077665244
2016-04-15,1.4103402525909379,0.9180915124792051,1.393549050146905,1.0972512936395333,3.765719897553206
2016-04-18,1.4103402525909379,0.9252979612335389,1.393549050146905,1.0972512936395333,3.79259420249583
2016-04-19,1.4103402525909379,0.9203165993455437,1.393549050146905,1.0972512936395333,3.761304214872915
2016-04-20,1.4103402525909379,0.9184003836080735,1.393549050146905,1.0972512936395333,3.766983526964778
2016-04-21,1.4103402525909379,0.9163857855384984,1.393549050146905,1.0972512936395333,3.7567944400612774
2016-04-22,1.4107593562883354,0.9137135795865197,1.3939631640873875,1.0972512936395333,3.774543929927316
2016-04-25,1.4124040748251951,0.9133172146449599,1.3955883009652361,1.0972512936395333,3.7640450088190525
2016-04-26,1.4118317364807,0.911640496522764,1.3950227767558345,1.0972512936395333,3.782056255315834
2016-04-27,1.412568801824564,0.9088322179710239,1.3957510667609951,1.0972512936395333,3.80339056304207
2016-04-28,1.4134544889148954,0.9041745188123753,1.398648699510705,1.095661339440572,3.758368313117534
2016-04-29,1.421896304715892,0.896628667297659,1.407805908613412,1.0950316495198003,3.726098243242379
2016-05-02,1.4235312679558274,0.9084193471995581,1.4094997550555723,1.0949732462602138,3.76342115902915
2016-05-03,1.4229397516310518,0.8980777889760062,1.4077550488770476,1.0958736339697606,3.7126280199281956
2016-05-04,1.4226226230330554,0.8885668879359946,1.4073914489365786,1.0953037310295728,3.6689138023214944
2016-05-05,1.422259712470073,0.8857769464528136,1.4071004841974188,1.0954986268459799,3.673138206349873
2016-05-06,1.4205364144545385,0.8862791430071448,1.4053955540423884,1.0954986268459799,3.6821036365513695
2016-05-09,1.42142043073905,0.8894885529545073,1.4062701479938784,1.0954986268459799,3.6877617551844417
2016-05-10,1.4223260550772958,0.8999814219541796,1.4071661196885514,1.0954986268459799,3.737494977985017
2016-05-11,1.4197518422116162,0.8898636822058016,1.4045494548418007,1.0954986268459799,3.6997452553498444
2016-05-12,1.4169869919433549,0.8846839023878168,1.4018803457984077,1.0954986268459799,3.6679200319386602
2016-05-13,1.4166251985766458,0.881595665420471,1.4023406292045082,1.0951483174172185,3.658199656516376
2016-05-16,1.4241503787753518,0.8934864129273419,1.40820536490503,1.098418306582781,3.700102970445749
2016-05-17,1.4226567952217961,0.8848640616582738,1.4075065170465824,1.0975833059702695,3.6644711656638975
2016-05-18,1.4280506186801545,0.8851874946702412,1.4101476620361442,1.1000509206127995,3.6840238992713754
2016-05-19,1.426418670833638,0.883080681927971,1.408892930030183,1.0995441820055138,3.672548388229442
2016-05-20,1.4301262802056016,0.8941629065072108,1.4118245061233508,1.1003435991349804,3.724543103706196
2016-05-23,1.4307233223540639,0.8914046018271755,1.4124139077363793,1.1003435991349804,3.7233196904149874
2016-05-24,1.433204293409555,0.9085694359199205,1.4148631290279574,1.1003435991349804,3.794178767508922
2016-05-25,1.4334453191679994,0.9149384145269611,1.4151010703042548,1.1003435991349804,3.8184373753214125
2016-05-26,1.4324345760673605,0.9134811509845522,1.4141032619997516,1.1003435991349804,3.8352052245210073
2016-05-27,1.4328438222832207,0.9182500571799507,1.414507270963566,1.1003435991349804,3.8556403584719168
2016-05-31,1.4328438222832207,0.91969323349742,1.414507270963566,1.1003435991349804,3.8626613481977623
2016-06-01,1.4328438222832207,0.9192861785636297,1.414507270963566,1.1003435991349804,3.875474572347531
2016-06-02,1.4328438222832207,0.9229434669738487,1.414507270963566,1.1003435991349804,3.8913242708427953
2016-06-03,1.4328438222832207,0.9176776080331491,1.414507270963566,1.1003435991349804,3.8733130531949325
2016-06-06,1.4328438222832207,0.9201548218673454,1.414507270963566,1.1003435991349804,3.8964234717655026
2016-06-07,1.4328438222832207,0.9146010580643328,1.414507270963566,1.1003435991349804,3.89087900661335
2016-06-08,1.4328438222832207,0.9183610005066838,1.414507270963566,1.1003435991349804,3.8998640494182673
2016-06-09,1.4328438222832207,0.9157157292942216,1.414507270963566,1.1003435991349804,3.889632576403635
2016-06-10,1.4328438222832207,0.9010404884063794,1.414507270963566,1.1003435991349804,3.8302212739023314
2016-06-13,1.4328438222832207,0.8945830870777487,1.414507270963566,1.1003435991349804,3.8100886059259627
2016-06-14,1.4316462370492709,0.8942174437166758,1.414507270963566,1.0994239209215548,3.813689079773623
2016-06-15,1.4313123923527482,0.8919241421734707,1.413958850903212,1.099593805713055,3.813555793593207
2016-06-16,1.433624882125239,0.8949725755882946,1.4161707133128003,1.099650256983796,3.825079165270798
2016-06-17,1.4332855561739046,0.8864155633206259,1.414878956512467,1.1003930231913954,3.8125146124010114
2016-06-20,1.437796972332244,0.8941802534900826,1.416790072729241,1.1023702939421869,3.8495190752246717
2016-06-21,1.4339907150549667,0.8950486168439887,1.4160284302000883,1.1000446221680749,3.8584009383000835
2016-06-22,1.4361870611199405,0.8888922148246436,1.418197264654809,1.1000446221680749,3.8418854572001564
2016-06-23,1.4380060079082868,0.9027942762761233,1.4199934271670753,1.1000446221680749,3.9094358490948387
2016-06-24,1.4344506661343766,0.8688864757583072,1.4164826198946991,1.1000446221680749,3.7438643927540465
2016-06-27,1.4322392061423275,0.8528349125498554,1.4142988608311884,1.1000446221680749,3.6545653920651207
2016-06-28,1.447485306793799,0.872548711519234,1.428893970442138,1.100402424463569,3.7306464767375798
2016-06-29,1.4724133287268826,0.8878837185548789,1.4447417639032585,1.1071486119614602,3.79999335098666
2016-06-30,1.4838957520065665,0.9010459933264443,1.4521952772114772,1.110070716914351,3.8586798882033855
2016-07-01,1.4851404626927847,0.9000899348151956,1.4539098342025456,1.109691236096538,3.863898507001955
2016-07-05,1.474586389865217,0.8961776305609186,1.449112428871155,1.105466875164812,3.8340974325094934
2016-07-06,1.469994901275382,0.9003192656044582,1.446784500404478,1.103800609905749,3.854243005356747
2016-07-07,1.469994901275382,0.9045468935883451,1.446784500404478,1.103800609905749,3.8690223549624343
2016-07-08,1.469994901275382,0.9212089080344963,1.446784500404478,1.103800609905749,3.9380780870547003
2016-07-11,1.469994901275382,0.9233196163216913,1.446784500404478,1.103800609905749,3.9644303310948357
2016-07-12,1.469994901275382,0.9293376897479318,1.446784500404478,1.103800609905749,3.991767867289741
2016-07-13,1.469994901275382,0.9266820641807259,1.446784500404478,1.103800609905749,3.9837771027929825
2016-07-14,1.469994901275382,0.93046425419197,1.446784500404478,1.103800609905749,4.002292624303814
2016-07-15,1.469994901275382,0.9276573872467804,1.446784500404478,1.103800609905749,3.9945662882274067
2016-07-18,1.469994901275382,0.9329272844565472,1.446784500404478,1.103800609905749,4.016595998719801
2016-07-19,1.469994901275382,0.933735535642786,1.446784500404478,1.103800609905749,4.002670042971236
2016-07-20,1.469994901275382,0.9442506766844881,1.446784500404478,1.103800609905749,4.053236581400072
2016-07-21,1.469994901275382,0.9335278553161577,1.446784500404478,1.103800609905749,4.036360287373525
2016-07-22,1.469994901275382,0.9394616042965129,1.446784500404478,1.103800609905749,4.074074821298904
2016-07-25,1.469994901275382,0.9472521088283054,1.446784500404478,1.103800609905749,4.089017297486094
2016-07-26,1.469994901275382,0.9587209527077805,1.446784500404478,1.103800609905749,4.123421762021396
2016-07-27,1.469994901275382,0.9551707871465155,1.446784500404478,1.103800609905749,4.126400620764227
2016-07-28,1.469994901275382,0.9637948537326985,1.446784500404478,1.103800609905749,4.145283406691407
2016-07-29,1.469994901275382,0.9683395435283033,1.446784500404478,1.103800609905749,4.150115925800265
2016-08-01,1.469994901275382,0.9683244334098482,1.446784500404478,1.103800609905749,4.154891718700976
2016-08-02,1.469994901275382,0.9570147166739301,1.446784500404478,1.103800609905749,4.116451732170271
2016-08-03,1.469994901275382,0.9627932330618905,1.446784500404478,1.103800609905749,4.125886611625878
2016-08-04,1.469994901275382,0.9696693727012927,1.446784500404478,1.103800609905749,4.1441448011204685
2016-08-05,1.469994901275382,0.9881578873329451,1.446784500404478,1.103800609905749,4.198042819365358
2016-08-08,1.469994901275382,0.9852765986294028,1.446784500404478,1.103800609905749,4.187497803998327
2016-08-09,1.469994901275382,0.9889679488172227,1.446784500404478,1.103800609905749,4.201548961150139
2016-08-10,1.469994901275382,0.9809945538279299,1.446784500404478,1.103800609905749,4.178910521836285
2016-08-11,1.469994901275382,0.9840280631994408,1.446784500404478,1.103800609905749,4.197600178514319
2016-08-12,1.4702933731497456,0.9856412476485727,1.4470782595741603,1.103800609905749,4.2067969218708585
2016-08-15,1.4715422858050409,0.9936824365405413,1.448307452594131,1.103800609905749,4.238198139633123
2016-08-16,1.4712774135059563,0.9852744120301048,1.4480467624811453,1.103800609905749,4.209318010357298
2016-08-17,1.4717558545010136,0.9848757550848553,1.448517649159328,1.103800609905749,4.211602197926079
2016-08-18,1.471850945861193,0.9905880424656409,1.448611239079885,1.103800609905749,4.236086707526408
2016-08-19,1.4719935609409591,0.9914191628773952,1.4487516023469622,1.103800609905749,4.252585310798566
2016-08-22,1.4719935609409591,0.9944179330587457,1.4487516023469622,1.103800609905749,4.250074951781066
2016-08-23,1.4719935609409591,0.9964239137902305,1.4487516023469622,1.103800609905749,4.261939938200863
2016-08-24,1.4719935609409591,0.9864845572901504,1.4487516023469622,1.103800609905749,4.226167934693259
2016-08-25,1.4719935609409591,0.9836188798438718,1.4487516023469622,1.103800609905749,4.228640348468066
2016-08-26,1.4722679653444604,0.9835211471060865,1.4490216740577442,1.103800609905749,4.2336918420456
2016-08-29,1.4722937935560148,0.9826326295190727,1.4490470944562215,1.103631418691322,4.2423137416396415
2016-08-30,1.4710716174068055,0.9798026480697434,1.4478442157877949,1.1027152754573113,4.231771336153133
2016-08-31,1.4698385795083886,0.978357766871972,1.4466306468711319,1.1017909902561605,4.220930692766499
2016-09-01,1.4702651378387088,0.9754593818781545,1.447050470082961,1.1021107383779731,4.238386427034261
2016-09-02,1.4689515802806576,0.9779265738722572,1.4457938291290013,1.1020643646011843,4.252018301260521
2016-09-06,1.4699504076844832,0.9788280982796497,1.4466290445416792,1.1021229725521322,4.2646772615280515
2016-09-07,1.4683281764546996,0.9757637465783761,1.4457100055868022,1.1016068494818714,4.256783614538045
2016-09-08,1.462820512206468,0.9695229530700559,1.4408654687732652,1.101166204297106,4.23694296985489
2016-09-09,1.458824915181577,0.940775609673983,1.4371147014649615,1.1010249262514669,4.118922188499038
2016-09-12,1.470211629801869,0.9570054799595864,1.4454812983272252,1.1032614700022163,4.187242894811142
2016-09-13,1.4613012711625293,0.9446676841509953,1.4390814901007882,1.1013962747051345,4.129772965372795
2016-09-14,1.4644364133736312,0.9493638164835996,1.4409451258718926,1.1023329328731966,4.139851652377485
2016-09-15,1.4705241988148703,0.9599895041114798,1.44561604066576,1.1033421417191365,4.196810415588237
2016-09-16,1.4697630292288495,0.958835503626183,1.44627824625773,1.1022656148368688,4.187596883472076
2016-09-19,1.4705893832148584,0.9619343417807492,1.4472109711225978,1.1022281028191983,4.187930365927923
2016-09-20,1.4647671736064833,0.9628566764613821,1.4458617595381384,1.0988373430131602,4.185276316263453
2016-09-21,1.4711931541897858,0.9763260110525372,1.4472962342020808,1.1025677944009549,4.24392873111565
2016-09-22,1.4835616499378559,0.9833491667854576,1.4489817705219434,1.1105531509495994,4.276741082529064
2016-09-23,1.4619210495581572,0.9768205414538864,1.4479500554762657,1.0951443415509086,4.235352683598287
2016-09-26,1.4588366047876937,0.96805702239117,1.445445279734857,1.0947813580280297,4.204571431266423
2016-09-27,1.4599866603435891,0.9787900822466186,1.4458355219688455,1.095301604804781,4.2404569257439695
2016-09-28,1.4567448143687522,0.980024410274546,1.4440964870608517,1.0941869450118165,4.250371585186208
2016-09-29,1.4516593981329866,0.9797359727166463,1.4403036001618563,1.0932410557770467,4.226093053287078
2016-09-30,1.4543812640194205,0.9919883376448408,1.4427429048062765,1.093439368195929,4.261418008394909
2016-10-03,1.4554932736850128,0.9855866920129471,1.4412289979299582,1.0961912642450788,4.243493963186264
2016-10-04,1.451571882231483,0.9760635673748318,1.4371837143368702,1.0951226251611408,4.216880074266346
2016-10-05,1.4519012169521188,0.9801328244525382,1.4382787912960155,1.0945366481775551,4.238292855609911
2016-10-06,1.4561259310642296,0.9792560855787467,1.4379740302528148,1.0979534342999344,4.241855320423491
2016-10-07,1.4509104138326712,0.9724907763584809,1.4371124600456493,1.094678655759145,4.220101953680769
2016-10-10,1.453680637324962,0.9806195248709069,1.437274202880733,1.0966455229924452,4.232573915844467
2016-10-11,1.452469068210258,0.9609318063862854,1.434221638663984,1.0980606423120856,4.1477817558593095
2016-10-12,1.4537007049737378,0.9581418862283442,1.4332317085619724,1.0997496593143048,4.1425765439318685
2016-10-13,1.4596995863294817,0.9540997889663785,1.4370020675926565,1.101394838584914,4.128564335743004
2016-10-14,1.458989338922357,0.9581383735239216,1.4351406397958293,1.1022856291560292,4.134157954136148
2016-10-17,1.4606966738028686,0.9537633514511095,1.435840801469923,1.1038019259545142,4.1214806384668385
2016-10-18,1.4693786134700566,0.9627378436194467,1.4444109013624136,1.1054608847742458,4.161004702727446
2016-10-19,1.47089692052481,0.9656841742068795,1.4459034093119625,1.1047080112343823,4.16901855888764
2016-10-20,1.4696658145006323,0.9605856443602697,1.4460722564948445,1.1043901425434308,4.166258923178046
2016-10-21,1.469788746567439,0.9574334451669307,1.4443097669020564,1.1043901425434308,4.167687914263849
2016-10-24,1.4687054320829098,0.9659014451638914,1.442529531154486,1.1043901425434308,4.206780529170526
2016-10-25,1.4626584749031126,0.9586390738293675,1.4365903454505742,1.1043901425434308,4.190771163052812
2016-10-26,1.4636993291154048,0.9532355904867524,1.4344479292586882,1.1059664225148291,4.176212446174215
2016-10-27,1.457236850211971,0.9429764407915049,1.4291784549794937,1.1056954317126442,4.141160338347502
2016-10-28,1.4651896040608248,0.9372871168018255,1.4333005135551244,1.1104019717659568,4.144154389532513
2016-10-31,1.4587265178680713,0.93728363961947,1.428997418240516,1.1093267325587974,4.138963654589656
2016-11-01,1.4599269862297464,0.9310085857146118,1.4291071281986005,1.1096354693588273,4.109654598162134
2016-11-02,1.4673419680367,0.9160985039476028,1.4251678596282666,1.118773900222352,4.080202891654949
2016-11-03,1.4589272240333993,0.912426381023188,1.4138739219968472,1.1206583688381266,4.050752175336548
2016-11-04,1.461064405429215,0.9126534668936043,1.414781478338747,1.1215708562949078,4.051982383889323
2016-11-07,1.4775490953017518,0.9338362172678756,1.4293828680359977,1.1226498756033392,4.145827391619727
2016-11-08,1.4790720880167672,0.9386947882144328,1.4311860332823618,1.1223908319466342,4.172151685957362
2016-11-09,1.4813565790922878,0.9475837595286629,1.438034333190854,1.1187537145873812,4.188345482457987
2016-11-10,1.4758489160652253,0.9277752168260539,1.431754713648138,1.116391162803804,4.139862063396509
2016-11-11,1.4783053093727332,0.9366063008068396,1.4341377168528122,1.1158505008084147,4.1742912627046795
2016-11-14,1.4800037900089624,0.9294353957596617,1.4358620539870404,1.1156495874816457,4.165284689759408
2016-11-15,1.4909379128222982,0.9423367367813132,1.4461421756583719,1.115904351679874,4.216005476075542
2016-11-16,1.4909999737941773,0.9495945364102357,1.4442581587103493,1.1174045887193402,4.236736458426271
2016-11-17,1.4936258586464144,0.9617708370275795,1.446755704463409,1.1173842599262467,4.2755955876951415
2016-11-18,1.4936673369030244,0.9667307291804373,1.4467235071579958,1.1174401570857144,4.2699636943534305
2016-11-21,1.5023170026487842,0.9745779503653198,1.455166306709585,1.1174426830291548,4.310399216744198
2016-11-22,1.5034748502880135,0.9750159896373672,1.456287814933175,1.1174426830291548,4.322991049703835
2016-11-23,1.50326660944961,0.9799730899559093,1.4560861097995772,1.1174426830291548,4.3281000116495445
2016-11-25,1.5053473447624033,0.9807869797186679,1.4581015405741866,1.1174426830291548,4.342516939309371
2016-11-28,1.5043197130373849,0.9706771260001065,1.4571061613970115,1.1174426830291548,4.3210340908308575
2016-11-29,1.5042634259701104,0.9703996606788364,1.457051640917208,1.1174426830291548,4.327100078985323
2016-11-30,1.502658374902019,0.9686761481311981,1.4554969648863059,1.1174426830291548,4.2854484734578415
2016-12-01,1.5028219981599118,0.9466496663115102,1.4556554527763181,1.1174426830291548,4.197024602838754
2016-12-02,1.5026395879449534,0.9536758384753995,1.4554787675638503,1.1174426830291548,4.201961315017419
2016-12-05,1.5068983964684313,0.9638829445504171,1.459603912030142,1.1174426830291548,4.240760560231095
2016-12-06,1.5074730155106064,0.9686252532374454,1.4601604964713037,1.1174426830291548,4.2752130067916285
2016-12-07,1.5076739310912677,0.9808410115972623,1.4603551062526987,1.1174426830291548,4.340054786669587
2016-12-08,1.5111255192512008,0.9805200751320258,1.4636983652227542,1.1174426830291548,4.359338579021634
2016-12-09,1.5106886877506633,0.9877519567342697,1.4632752438175045,1.1174426830291548,4.369955208943512
2016-12-12,1.509607423447818,0.989345584206338,1.4622279153379798,1.1174426830291548,4.359266963433475
2016-12-13,1.5118330583233386,1.003125903798132,1.4643836979565517,1.1174426830291548,4.399335414978601
2016-12-14,1.5093303380627658,0.9988324223710472,1.46195952636568,1.1174426830291548,4.370580808458214
2016-12-15,1.5102562649696607,1.010472934911811,1.4628563927627278,1.1174426830291548,4.399124450918856
2016-12-16,1.5098102121194292,1.0018918181187706,1.4624243394227707,1.1174426830291548,4.386828550705593
2016-12-19,1.506340726640496,1.0037543840047232,1.4590637448467523,1.1174426830291548,4.398943082602391
2016-12-20,1.5075183771706067,1.0073398890563008,1.4602044344412082,1.1174426830291548,4.414989069308568
2016-12-21,1.5058264453671173,1.0043904153209458,1.4585656044543631,1.1174426830291548,4.401731630009553
2016-12-22,1.5034630047711586,1.0000735570813972,1.4562763411916264,1.1174426830291548,4.3965562763834445
2016-12-23,1.5047522667291073,1.0037809919676688,1.4575251392538342,1.1174426830291548,4.408051349831904
2016-12-27,1.5062134444467357,1.0073227470129118,1.4589404574450406,1.1174426830291548,4.43100712177087
2016-12-28,1.5049195626467875,0.9948512166742542,1.4576871845360408,1.1174426830291548,4.379726004769014
2016-12-29,1.5050432307101866,0.9936671240629691,1.45780697123802,1.1174426830291548,4.377513031599178
2016-12-30,1.503560881911043,0.9832430627400333,1.456371146426411,1.1174426830291548,4.338682589583863
2017-01-03,1.5048118148399328,0.9954812995362005,1.4575828184283017,1.1174426830291548,4.375710668309088
2017-01-04,1.510226698587783,1.0004739191910523,1.4628277543311294,1.1174426830291548,4.419382218525495
2017-01-05,1.5113181875858397,0.9970710106593292,1.4638849866005612,1.1174426830291548,4.424173309159453
2017-01-06,1.5110665797693417,1.0005919054652095,1.4636412755752402,1.1174426830291548,4.447042014850124
2017-01-09,1.5098015601612123,1.0024175334806846,1.4624159590090087,1.1174426830291548,4.455098763906879
2017-01-10,1.5102107865973349,1.0087185990522778,1.4628123417435517,1.1174426830291548,4.4868556285244425
2017-01-11,1.5102107865973349,1.017224898705253,1.4628123417435517,1.1174426830291548,4.52461017651147
2017-01-12,1.5102107865973349,1.011306560654752,1.4628123417435517,1.1174426830291548,4.506238681822516
2017-01-13,1.5102107865973349,1.0127781875891366,1.4628123417435517,1.1174426830291548,4.545942659212589
2017-01-17,1.5102107865973349,1.0060716376160423,1.4628123417435517,1.1174426830291548,4.525883409694014
2017-01-18,1.5102107865973349,1.0090641762949757,1.4628123417435517,1.1174426830291548,4.5562985022546725
2017-01-19,1.5102107865973349,1.0055426562170455,1.4628123417435517,1.1174426830291548,4.554146554795303
2017-01-20,1.5102107865973349,1.007797349658571,1.4628123417435517,1.1174426830291548,4.570610676156088
2017-01-23,1.5102107865973349,1.0034747176156875,1.4628123417435517,1.1174426830291548,4.556420618949789
2017-01-24,1.5106480831869362,1.0137094930854789,1.4632990714778071,1.1173944367430684,4.598272401988497
2017-01-25,1.5128648677168268,1.0220714444300312,1.4629188305592298,1.1193245023462357,4.6456186204735275
2017-01-26,1.508203257288814,1.0224122245434506,1.462074843857157,1.1165212733886551,4.634319765706113
2017-01-27,1.5086948444335608,1.0254221230099043,1.4622944370167634,1.1167175013403887,4.643323953082943
2017-01-30,1.5072753449303122,1.0148943972954811,1.4617678122072717,1.1160689752697743,4.610193083886361
2017-01-31,1.5067855164935373,1.0151245633907404,1.4616112681056461,1.1158258019587075,4.607012595170698
2017-02-01,1.5063907148438016,1.0239511260711613,1.4616112681056461,1.1155334379409962,4.629371246340989
2017-02-02,1.5069492660267148,1.0242355595589474,1.4615902575504467,1.1156297291596777,4.628110742232659
2017-02-03,1.5110110097899598,1.0298293637644231,1.4651124756680625,1.1162872026585124,4.663226487181947
2017-02-06,1.5114312832285413,1.0298936430177779,1.465822458371054,1.1159514034095734,4.667523650779569
2017-02-07,1.513885780428339,1.0310066362602066,1.4684133608157501,1.116178163733421,4.679733744980445
2017-02-08,1.5183846534232668,1.0308638754258066,1.4725559778827333,1.116346245513953,4.700067399024265
2017-02-09,1.518667444314502,1.0340066021531908,1.4726485923971857,1.1164281424349294,4.719813513238332
2017-02-10,1.5211281709091562,1.0306482130152548,1.4750347537450557,1.1164281424349294,4.732429330304635
2017-02-13,1.524671081413553,1.0349881125222269,1.478470306529717,1.1164281424349294,4.755576713740693
2017-02-14,1.5249694936779115,1.0368265594994213,1.4788639258478131,1.1164281424349294,4.767599528831162
2017-02-15,1.5275092362313252,1.0485634905240864,1.482672993845492,1.1164281424349294,4.8074516374000655
2017-02-16,1.5276898632176392,1.0455063482291025,1.4829293695793533,1.1164281424349294,4.796503558567335
2017-02-17,1.5276898632176392,1.0488079505734653,1.4829293695793533,1.1164281424349294,4.822968795397549
2017-02-21,1.5276898632176392,1.0565064433182318,1.4829293695793533,1.1164281424349294,4.857924475146321
2017-02-22,1.5276898632176392,1.054601801708363,1.4829293695793533,1.1164281424349294,4.846996141881129
2017-02-23,1.5276898632176392,1.0447318686701068,1.4829293695793533,1.1164281424349294,4.827854996413277
2017-02-24,1.5276898632176392,1.0458847027504683,1.4829293695793533,1.1164281424349294,4.85986160357626
2017-02-27,1.5276898632176392,1.0517916569062478,1.4829293695793533,1.1164281424349294,4.872727835455085
2017-02-28,1.5276898632176392,1.0443286452813318,1.4829293695793533,1.1164281424349294,4.851489644965132
2017-03-01,1.5276898632176392,1.0577344762796181,1.4829293695793533,1.1164281424349294,4.884408983608619
2017-03-02,1.52782912620446,1.0557883799521368,1.4829293695793533,1.1165299151320127,4.865203057687897
2017-03-03,1.5272126918027236,1.0535392123887442,1.4829293695793533,1.1160794279417565,4.867771301662312
2017-03-06,1.52661793285154,1.0480135738522434,1.4829293695793533,1.1156447810627965,4.842695990280758
2017-03-07,1.5263516276412141,1.0425401098846732,1.4829293695793533,1.1154501665415884,4.8281189098152755
2017-03-08,1.5265520208449914,1.0404071063369762,1.4829293695793533,1.1155966128967265,4.82388382970498
2017-03-09,1.5268503627104677,1.039747148425421,1.4829698842405024,1.115784160771034,4.8211892875977025
2017-03-10,1.5279021903262877,1.0501577115674336,1.4815230853939023,1.1176413792869953,4.862437242768454
2017-03-13,1.5276739938464585,1.0543516141248594,1.4820495590628293,1.117077291652721,4.8721541670164354
2017-03-14,1.5267159811576358,1.0495970433714024,1.4817750360355946,1.1165836848724453,4.8567838569673345
2017-03-15,1.5285950995621718,1.0537203808532332,1.4834019322047907,1.1167320637333706,4.898238331656747
2017-03-16,1.528474591987468,1.0497390319746045,1.4833391063866632,1.1166913220144479,4.889698347426386
2017-03-17,1.5277102177968918,1.0517329186292936,1.4833391063866632,1.1161328763393528,4.898142989422547
2017-03-20,1.527090219649383,1.0567288439147262,1.4833391063866632,1.1156799106475332,4.900334972282679
2017-03-21,1.5245842840200383,1.0350144207476926,1.4833391063866632,1.1138490941030612,4.820745197654404
2017-03-22,1.5250096900831789,1.0469409720148963,1.4833391063866632,1.1141598923731348,4.857030350513062
2017-03-23,1.5250495824645567,1.0395420022077075,1.4833391063866632,1.114189037428167,4.843467317206738
2017-03-24,1.5249678011857082,1.0453352137043743,1.4833391063866632,1.1141292886794,4.869296864347992
2017-03-27,1.5249882712626608,1.0430147366002034,1.4833391063866632,1.1141442439540339,4.873880782354251
2017-03-28,1.5257180284165055,1.04520840940466,1.4833391063866632,1.114677398698737,4.892696446729781
2017-03-29,1.5260965213816007,1.0619538601018965,1.4833391063866632,1.1149539226342875,4.929875921734376
2017-03-30,1.5266503441413128,1.0615676280611743,1.4833391063866632,1.1153585411166271,4.9182290107725395
2017-03-31,1.5278514419493077,1.060487673895448,1.4836166692264818,1.116027347365799,4.918535733798505
2017-04-03,1.5253071712877124,1.0539258669130878,1.4837317782743815,1.114082282129204,4.904580341971777
2017-04-04,1.5222884194534154,1.0462799859443603,1.483287209014566,1.1122112014010253,4.901798370313636
2017-04-05,1.5211848623057138,1.0403889593032578,1.4839261072196366,1.1109258586115824,4.87286443112906
2017-04-06,1.5267251267550432,1.0427938767390887,1.4853327615192642,1.113918853200822,4.8940035740965735
2017-04-07,1.5262904123794845,1.0420113737544858,1.4843187214112594,1.1143621548152123,4.893823875364585
2017-04-10,1.5296938732139655,1.0380833456301775,1.4853689772910532,1.116058574059931,4.892030861216071
2017-04-11,1.5293051720533681,1.0343808991866852,1.4857873707050833,1.115460611854808,4.875381595526823
2017-04-12,1.5291385437388239,1.0168209013078218,1.4850794483840963,1.1158705501697888,4.849456775935387
2017-04-13,1.5251749820231433,1.008970632986503,1.4824562497347424,1.1149492278575004,4.823612749939611
2017-04-17,1.5275009875335166,1.0187241682961161,1.4842621375893335,1.1152914077177498,4.860876234778613
2017-04-18,1.5257865003533126,1.0150850352732141,1.4825961822624776,1.1152914077177498,4.852062566585551
2017-04-19,1.5282861041021476,1.0192993350754394,1.4850250299251968,1.1152914077177498,4.868708074586521
2017-04-20,1.5319517816247532,1.0282331511861023,1.4885869434033683,1.1152914077177498,4.908608498119839
2017-04-21,1.531097552557941,1.0256682025450379,1.4877568949313573,1.1152914077177498,4.906660586509268
2017-04-24,1.5329456692720491,1.0359979922888394,1.4895526971514434,1.1152914077177498,4.964188535724951
2017-04-25,1.5332214219556974,1.0441604844244294,1.4898206441256308,1.1152914077177498,4.997782583478301
2017-04-26,1.5332792692227308,1.0361750935909144,1.48987685391464,1.1152914077177498,4.982983893591673
2017-04-27,1.533524990149082,1.049241118462455,1.4901156192381149,1.1152914077177498,5.018161080375611
2017-04-28,1.5312162385286452,1.0436809568604644,1.4878722212676523,1.1152914077177498,5.004717877805593
2017-05-01,1.5305730023554802,1.0466350257163257,1.487247193130094,1.1152914077177498,5.026273990028497
2017-05-02,1.5317323393769782,1.0358507175215048,1.4883737128899885,1.1152914077177498,5.02450388296083
2017-05-03,1.5332965270592827,1.0370001140771405,1.4898936232349742,1.1152914077177498,5.0085058458384335
2017-05-04,1.533259759070835,1.0347262065874803,1.4892965179277746,1.1157116391824589,5.024219538057529
2017-05-05,1.5345841222662453,1.0407294436502896,1.490440157553566,1.1158185808621544,5.06177537425697
2017-05-08,1.5317932347641205,1.0361516608330688,1.4896734657664172,1.1143632697950556,5.053351474286224
2017-05-09,1.5324601650236627,1.0428081794576933,1.4900293540394047,1.1145822291218743,5.075113928602173
2017-05-10,1.5366858662487417,1.0522217771272717,1.494483419067707,1.1143238866421286,5.091295591034031
2017-05-11,1.539083253074548,1.047700131969533,1.496929638642013,1.1142383837041545,5.077573896667019
2017-05-12,1.5351516297372778,1.0622364573211922,1.493105697676,1.1142383837041545,5.1020541979985365
2017-05-15,1.5329125581115886,1.0738314524294406,1.4909279514931078,1.1142383837041545,5.1356132905087915
2017-05-16,1.5352093642908444,1.0793369290273034,1.4931618509505127,1.1142383837041545,5.153325250502952
2017-05-17,1.5273510207712244,1.0508051362907498,1.4855187378819699,1.1142383837041545,5.020273268089135
2017-05-18,1.5298997894782904,1.0527353728046909,1.4879976989206456,1.1142383837041545,5.059172110477433
2017-05-19,1.5327483094933438,1.0650738230429284,1.4907682014443266,1.1142383837041545,5.101922190701765
2017-05-22,1.541262731080627,1.0732435519294623,1.499049423401902,1.1142383837041545,5.149202576178844
2017-05-23,1.5411420538740128,1.0711715200595362,1.498932051396893,1.1142383837041545,5.14829428499111
2017-05-24,1.536911087137464,1.080284356269055,1.4948169656824613,1.1142383837041545,5.173455686503625
2017-05-25,1.537265345702988,1.0876213944189896,1.4951615215376537,1.1142383837041545,5.210022139874435
2017-05-26,1.5354012369717343,1.0908983382253528,1.4933484684725316,1.1142383837041545,5.222098945734681
2017-05-30,1.536721503891329,1.088671862385642,1.4946325748903695,1.1142383837041545,5.226023312674132
2017-05-31,1.538000972150732,1.0903357604267312,1.4958770000735917,1.1142383837041545,5.239080333247689
2017-06-01,1.540687637218324,1.0976349176291267,1.4984900806595502,1.1142383837041545,5.283941440160816
2017-06-02,1.5446381206035025,1.1041807925207714,1.5023323651197464,1.1142383837041545,5.334402676611726
2017-06-05,1.5455413562730453,1.1031679841921638,1.5032108622651845,1.1142383837041545,5.326131369006653
2017-06-06,1.5455413562730453,1.1028536276897074,1.5032108622651845,1.1142383837041545,5.312829178463043
2017-06-07,1.5455413562730453,1.1048587737677298,1.5032108622651845,1.1142383837041545,5.325342821484334
2017-06-08,1.5455413562730453,1.108399345921469,1.5032108622651845,1.1142383837041545,5.341738444755452
2017-06-09,1.5473278164459388,1.0819916789952655,1.5049483934713201,1.1142383837041545,5.224304405399707
2017-06-12,1.5477655345019405,1.0799546842543493,1.5053741229632687,1.1142383837041545,5.214056956086944
2017-06-13,1.549284965477577,1.0819000013323774,1.5068519385763992,1.1142383837041545,5.252728073189984
2017-06-14,1.5467374578652133,1.0696085279054774,1.5043742040925787,1.1142383837041545,5.223774298458791
2017-06-15,1.5436837772656635,1.0643842958302674,1.5014041600827561,1.1142383837041545,5.2008661174740904
2017-06-16,1.5445710559209254,1.0636455226929005,1.5018736662101058,1.114530390716708,5.186717023650706
2017-06-19,1.545100097804109,1.077549644696049,1.5018736662101058,1.1149121363505587,5.262194119873574
2017-06-20,1.5420847801991155,1.0605775899851404,1.498832424235057,1.1136399824580239,5.223274245108329
2017-06-21,1.5388149557524669,1.0670648730718748,1.4970188856338256,1.111907255585823,5.269682715057528
2017-06-22,1.5353314371390168,1.0614623160445447,1.493846975995292,1.1114438008411933,5.273137767913812
2017-06-23,1.5331690566944272,1.06693818329775,1.4918387350312186,1.1111324278815473,5.298484961370228
2017-06-26,1.5379437614538911,1.0591691725383243,1.4955052135892573,1.1118619758666837,5.277647304271753
2017-06-27,1.5366793687221019,1.0385484142015862,1.4936027960214238,1.1115877114056956,5.179204061641517
2017-06-28,1.5396125972688826,1.0516748750797793,1.4973598680025295,1.1103111821866227,5.244940872888185
2017-06-29,1.5346822142756082,1.0322258705465956,1.493159673713341,1.1100604897439508,5.154924019685289
2017-06-30,1.5358023978678048,1.0316629889119748,1.4937764623386285,1.1102170779232707,5.15564220904347
2017-07-03,1.534142277584138,1.0241356404260331,1.491574225924047,1.1106537572463804,5.120884318639274
2017-07-05,1.5177354142803412,1.0345863318977961,1.489850190820574,1.1000596344744327,5.144708751623082
2017-07-06,1.5140390008445301,1.0266836046166823,1.4873358780541373,1.0992369531674386,5.1020112045741355
2017-07-07,1.5126332895595813,1.037430476071634,1.4872289188696965,1.0982954150520743,5.149918554937659
2017-07-10,1.5116735057805113,1.038839141185783,1.4860987152556246,1.09843317135592,5.174021949041942
2017-07-11,1.51334416094732,1.0451731415381413,1.4873420597514888,1.098728121870002,5.188824797850987
2017-07-12,1.5173165100843524,1.0548133826590527,1.489964696591299,1.0996747608615138,5.246253692526086
2017-07-13,1.5234860716834127,1.0538887055623516,1.4929414555480116,1.101949139518392,5.243228215176904
2017-07-14,1.5276079445544555,1.060017842687893,1.4971464592437986,1.1018267830019222,5.2900237235671455
2017-07-17,1.5278202894039972,1.0575767450144822,1.4968344420870494,1.102209571634008,5.280796357789587
2017-07-18,1.5283714175304843,1.0606082772114493,1.496551331701989,1.102815641168363,5.309152383649976
2017-07-19,1.5281887909791274,1.0773004780175446,1.4966238789581676,1.1026304042699384,5.3643808203273124
2017-07-20,1.5282842773342977,1.0754666269241564,1.4966186905379606,1.1027031228549584,5.370671521594538
2017-07-21,1.528005952654041,1.0709913574543648,1.4963461326606808,1.1027031228549584,5.36264545894191
2017-07-24,1.5282903135139434,1.0722083181706445,1.4966246016497944,1.1027031228549584,5.375671294552714
2017-07-25,1.5302598853097134,1.0757417468654988,1.4985533645152,1.1027031228549584,5.39050502078375
2017-07-26,1.5296213076936624,1.079836736407959,1.4979280180337144,1.1027031228549584,5.429242793355086
2017-07-27,1.5314816902731392,1.0839725894320194,1.4997498540502785,1.1027031228549584,5.388807993586345
2017-07-28,1.5337359366982393,1.0721221578394708,1.501957393173018,1.1027031228549584,5.378776193228822
2017-07-31,1.5334516945837737,1.0696129687886153,1.501679040468972,1.1027031228549584,5.35244124783407
2017-08-01,1.5340122007415269,1.0678055517977727,1.5022279331091017,1.1027031228549584,5.360064487693637
2017-08-02,1.5360442376033536,1.0664977274901348,1.504217866783337,1.1027031228549584,5.3561002679871255
2017-08-03,1.5384096035364827,1.0644271379877335,1.5045818788719565,1.1041343357605586,5.34450386269775
2017-08-04,1.5362233988810572,1.0703960721886832,1.5032529710131024,1.1035404877515962,5.355367077967684
2017-08-07,1.5403261004944693,1.0760409644838325,1.5059105725761652,1.1045366988295797,5.392787476714708
2017-08-08,1.5400199321066113,1.0707806690542596,1.5048221718857895,1.10511545837375,5.376827652155708
2017-08-09,1.5415592689598432,1.0717416671271647,1.5054859771614122,1.1057325965062432,5.371914000115052
2017-08-10,1.5383416778686427,1.0495561257513746,1.5027376532739356,1.1054432349436978,5.25224525493617
2017-08-11,1.5444316352435414,1.0591138547237782,1.5086866621227195,1.1054432349436978,5.294886192003757
2017-08-14,1.5459501760670267,1.071633047681076,1.5101700572008834,1.1054432349436978,5.355224694555974
2017-08-15,1.5464677229602264,1.0655222198889267,1.510675625771855,1.1054432349436978,5.350984370143401
2017-08-16,1.5482236572088939,1.073721523823531,1.5123909199422643,1.1054432349436978,5.381085733854655
2017-08-17,1.5439730253926642,1.046434313795192,1.5082386665304588,1.1054432349436978,5.267832428285828
2017-08-18,1.5436592384934669,1.0530836330017994,1.5079321420467815,1.1054432349436978,5.276746398063954
2017-08-21,1.5436047294911381,1.053045249607789,1.5078788946236503,1.1054432349436978,5.2733526120297185
2017-08-22,1.5459097984828938,1.0671055880963365,1.510130614132482,1.1054432349436978,5.350550659381221
2017-08-23,1.5459894976988162,1.0673408154851356,1.5102084687563448,1.1054432349436978,5.335701735263415
2017-08-24,1.5453514782725883,1.0676593816200202,1.5095852159191459,1.1054432349436978,5.334356860572811
2017-08-25,1.547093835711894,1.0677990106966275,1.51128724750756,1.1054432349436978,5.335408597442349
2017-08-28,1.5465982823343338,1.0709163663989678,1.5108031634250834,1.1054432349436978,5.347313382878233
2017-08-29,1.547676558571926,1.0737802818222089,1.5107965549812743,1.1062187766776548,5.359573540922855
2017-08-30,1.547916211339133,1.0869594591765894,1.5114993520656645,1.105875476795305,5.430170545713009
2017-08-31,1.5466664366813894,1.095778544231223,1.5120399188185725,1.1045871011383857,5.473068920906216
2017-09-01,1.54712801499458,1.10280813416367,1.5120820940233992,1.1048859376581832,5.499327502219382
2017-09-05,1.5468806045135621,1.0933572962065985,1.512117740251573,1.1046832018720707,5.472883503567753
2017-09-06,1.5469745204228655,1.0965394719799908,1.512154508606072,1.1047234093511744,5.488435291776413
2017-09-07,1.5469745204228655,1.0988794938929176,1.512154508606072,1.1047234093511744,5.519085739022196
2017-09-08,1.5469745204228655,1.0913962164752364,1.512154508606072,1.1047234093511744,5.491604175960129
2017-09-11,1.5469745204228655,1.109480507587315,1.512154508606072,1.1047234093511744,5.559854787465406
2017-09-12,1.5469745204228655,1.1085908819239834,1.512154508606072,1.1047234093511744,5.572694952918815
2017-09-13,1.5469745204228655,1.1090274320406033,1.512154508606072,1.1047234093511744,5.579477496574123
2017-09-14,1.5469745204228655,1.1116757108226971,1.512154508606072,1.1047234093511744,5.574472692470582
2017-09-15,1.5469745204228655,1.118596222258436,1.512154508606072,1.1047234093511744,5.599753544375328
2017-09-18,1.547418225751319,1.1243932499601648,1.512588226811547,1.1047234093511744,5.62256901703776
2017-09-19,1.547814371893981,1.1250425511706441,1.512975456315191,1.1047234093511744,5.628794680121596
2017-09-20,1.548146321650952,1.1238594708523166,1.5132999343948281,1.1047234093511744,5.616225070788732
2017-09-21,1.5471799323191888,1.1160093976550025,1.513320137565241,1.1040190665189789,5.579902066438059
2017-09-22,1.5470217446274135,1.1156025908118188,1.514592362777503,1.1029780567143364,5.591950602609449
2017-09-25,1.547820253580611,1.0952473001850975,1.514494883813151,1.1036183561135118,5.5372235410160755
2017-09-26,1.5488405915427006,1.093228237085311,1.51532910987959,1.10373796811941,5.535102295303561
2017-09-27,1.5475604977675226,1.100386560553299,1.5144237722314504,1.1034851764206404,5.585009456127486
2017-09-28,1.5480018312406263,1.0961071452403859,1.51503714001194,1.1033529378920737,5.568532693979002
2017-09-29,1.5528769307406154,1.1044037545977754,1.5203589521067684,1.1029520061490956,5.61532091099698
2017-10-02,1.5534005008023253,1.109550510829956,1.522153392792511,1.102022092951129,5.633449119742784
2017-10-03,1.549802567557178,1.1130254536024706,1.518650203941921,1.1020058966623292,5.648514841212511
2017-10-04,1.549693578291435,1.1167147220334848,1.518446059191631,1.1020765358094953,5.662118455144205
2017-10-05,1.5522568351772341,1.1318285337301306,1.519872418261413,1.1028641752024348,5.7014198953435065
2017-10-06,1.5518556617217099,1.1389054431538397,1.519581973478077,1.102789900445798,5.716444004831476
2017-10-09,1.5502678417589395,1.1377873858339982,1.5191216798236085,1.1019955973254905,5.7128698799163065
2017-10-10,1.549687745928786,1.1429760058543053,1.5175690131575308,1.1029584049082803,5.727135601280763
2017-10-11,1.5520967939821453,1.147888703617473,1.5194281186176017,1.1033570985938619,5.745445714224312
2017-10-12,1.5515860895339224,1.1380832091055206,1.518809814274962,1.1034148206648082,5.734291685359114
2017-10-13,1.550177812423629,1.1384165788242044,1.517032896112089,1.1034148206648082,5.744556845179997
2017-10-16,1.5475635222960495,1.1340261273129935,1.5143866706945328,1.1034148206648082,5.7425427202121275
2017-10-17,1.548639084675742,1.1334480751784675,1.5154793529232797,1.1034148206648082,5.744591615479173
2017-10-18,1.551106191892578,1.137895279578514,1.5178936340075941,1.1034148206648082,5.747982590487358
2017-10-19,1.5476157089719944,1.1390401534683494,1.5144778899196272,1.1034148206648082,5.7557559923473685
2017-10-20,1.5472647911026047,1.1454797676979707,1.514134485965217,1.1034148206648082,5.807316104952409
2017-10-23,1.540262870715479,1.1375959621929035,1.5072824919257386,1.1034148206648082,5.781023479431431
2017-10-24,1.5366457263460571,1.1381270970890907,1.5037427984860956,1.1034148206648082,5.778778152587754
2017-10-25,1.5351617575850312,1.1264991302305294,1.5022906047245073,1.1034148206648082,5.727140942025334
2017-10-26,1.530631316253638,1.1271070252812805,1.4978571699976586,1.1034148206648082,5.745970186268989
2017-10-27,1.5407636800796456,1.1323968342621136,1.5077725778719446,1.1042511715280985,5.824331711223411
2017-10-30,1.5413103279334694,1.1319404810733598,1.5083075208060261,1.104979833829433,5.810146752263184
2017-10-31,1.5427793379141814,1.1389812405983128,1.505922785271609,1.1078709023459554,5.841912344197717
2017-11-01,1.5405227106688626,1.131369827610246,1.5041092636561084,1.107584580679097,5.824492724550346
2017-11-02,1.5437130143634579,1.1330277073039499,1.507000502324016,1.1077492744852302,5.833826364817322
2017-11-03,1.5478022498320272,1.1431919367598296,1.5079947807059364,1.109787314822518,5.896592294714607
2017-11-06,1.5512338661830865,1.1496499649887744,1.5061212496697045,1.1132292059561182,5.916623705827536
2017-11-07,1.552933054730939,1.1489852636554199,1.5069322561088627,1.1138491690552188,5.917404146204339
2017-11-08,1.5565744441167897,1.1475128873164355,1.5108744555233995,1.113547097000454,5.944440547019289
2017-11-09,1.5555786739097377,1.1300465067093792,1.5102553766504276,1.1132910142902817,5.898808092173591
2017-11-10,1.5556547244033485,1.1276639992695747,1.5104890828274518,1.113173164359513,5.918845338494984
2017-11-13,1.55085134731275,1.1258013886952682,1.5058251631656931,1.113173164359513,5.9436538479935805
2017-11-14,1.5463298175687432,1.1189369690537116,1.5014349079189055,1.113173164359513,5.929193029213205
2017-11-15,1.5495346299385997,1.1157815780651579,1.5033300025445169,1.114075212366336,5.910212362411394
2017-11-16,1.5544415064303727,1.1299757787770406,1.5074624839893946,1.1145406645541216,5.992516190248655
2017-11-17,1.555189771918223,1.1337417593304848,1.5081569238351515,1.1145637405411848,5.992819333624254
2017-11-20,1.5531858582214328,1.1355536286849413,1.5065363461798398,1.114325233454645,5.99945803305312
2017-11-21,1.5548606899249462,1.14955122276805,1.5077640355068782,1.114618759732642,6.062396339482129
2017-11-22,1.5549837208544077,1.1486250944492407,1.5079522053427628,1.114567850714721,6.055295579674023
2017-11-24,1.5547343845773598,1.1480321993063642,1.5077104104070318,1.114567850714721,6.066707455571558
2017-11-27,1.5547343845773598,1.1423170442416077,1.5077104104070318,1.114567850714721,6.062391215779248
2017-11-28,1.553693354762856,1.1421119366804546,1.506700867230756,1.114567850714721,6.095545050936821
2017-11-29,1.5521290455019652,1.1129885766829761,1.5051838715425296,1.114567850714721,5.9907040644608
2017-11-30,1.5532205108087132,1.1174927132723762,1.5062423247560857,1.114567850714721,6.033043926786465
2017-12-01,1.5550304691214558,1.112380184166165,1.507997539677422,1.114567850714721,6.010451119192747
2017-12-04,1.5578013744349695,1.091816656016576,1.5106846371191964,1.114567850714721,5.943303055288885
2017-12-05,1.5612603950859247,1.0996234063942107,1.5139240596022718,1.1146526801661498,5.943422085905219
2017-12-06,1.5647260553516256,1.107460720088471,1.5173239523219828,1.1151588300795812,5.966547414407813
2017-12-07,1.5739646537245786,1.1209729041327046,1.526282674872311,1.1153818616328974,6.006415981465081
2017-12-08,1.571580392327243,1.1253859598341363,1.5239706427345443,1.1148263904572426,6.029454685314396
2017-12-11,1.5791196286969817,1.1299797415768282,1.5312814840712095,1.116060103304049,6.05203794978089
2017-12-12,1.577333264849062,1.1213517754224154,1.5278542730996405,1.1158674306125798,6.028339037781388
2017-12-13,1.5771033290422016,1.131516866184196,1.5281335092630504,1.1158674306125798,6.059449835599464
2017-12-14,1.5771956923560744,1.1249140309539838,1.528223004651435,1.1158674306125798,6.040067617409861
2017-12-15,1.578791444424392,1.1380160839197684,1.5297692078476155,1.1158674306125798,6.091654605388816
2017-12-18,1.5781214789181321,1.1499334724750414,1.529120045093779,1.1158674306125798,6.139743064068443
2017-12-19,1.5765871097104742,1.1445456375414091,1.5276333187907996,1.1158674306125798,6.121588150030666
2017-12-20,1.5763178373292923,1.1414850056648016,1.5273724074470558,1.1158674306125798,6.125160351471197
2017-12-21,1.5766911589040427,1.1301083325298211,1.5277341372066735,1.1158674306125798,6.103663887683696
2017-12-22,1.5766911589040427,1.128177482510932,1.5277341372066735,1.1158674306125798,6.10419775361802
2017-12-26,1.5769184654265467,1.1244573343319666,1.5279543857519122,1.1158674306125798,6.091337699134662
2017-12-27,1.577671002488722,1.1274426351843077,1.5286835561749883,1.1158674306125798,6.099043604483958
2017-12-28,1.5791299198629676,1.1267813362182122,1.5300971734604105,1.1158674306125798,6.10575764772621
2017-12-29,1.579219821509632,1.115462955194243,1.5301842836175423,1.1158674306125798,6.065591358595888
2018-01-02,1.580812970909241,1.1399237823973238,1.5317279649591342,1.1158674306125798,6.169966403684047
2018-01-03,1.5790977471384757,1.1621198339036982,1.530065999714547,1.1158674306125798,6.2469565443541395
2018-01-04,1.5776773854223756,1.1638704391679193,1.5286897409154705,1.1158674306125798,6.261719907456263
2018-01-05,1.5768191290953,1.1735155091398466,1.5278581338617097,1.1158674306125798,6.305217853710637
2018-01-08,1.5787189392371481,1.1741809578622584,1.529698953981441,1.1158674306125798,6.336385097119449
2018-01-09,1.5759697545194868,1.1764941440568921,1.5270351327765466,1.1158674306125798,6.330854856013037
2018-01-10,1.5735523503493432,1.1756837883546545,1.5246927901729885,1.1158674306125798,6.314570146236313
2018-01-11,1.5725165560770091,1.1840301193006664,1.5236891578128835,1.1158674306125798,6.353799591278335
2018-01-12,1.570304237968703,1.1932046784553443,1.521545533249929,1.1158674306125798,6.3838168029938664
2018-01-16,1.5707185755597717,1.1920327409170564,1.521947005458756,1.1158674306125798,6.359953342476248
2018-01-17,1.5722848945619368,1.2145924645687387,1.5234646894996982,1.1158674306125798,6.454708316664057
2018-01-18,1.5712331270330344,1.2157130009942942,1.522445579860353,1.1158674306125798,6.455901644117077
2018-01-19,1.570677068317434,1.2226179038877636,1.5219067870363325,1.1158674306125798,6.484270588172215
2018-01-22,1.5712051775892264,1.2319127056966426,1.5224184982602689,1.1158674306125798,6.532981015607358
2018-01-23,1.572794285220019,1.2406455286101543,1.5239582633319175,1.1158674306125798,6.586514553079155
2018-01-24,1.57217019843823,1.235050530195683,1.523353554746007,1.1158674306125798,6.548406856305032
2018-01-25,1.5743472647892205,1.2266971778260143,1.5254630221357297,1.1158674306125798,6.5357892229185515
2018-01-26,1.5736589989483123,1.2448504063180863,1.5247961272814707,1.1158674306125798,6.642814644196852
2018-01-29,1.573344200353921,1.2339613042419901,1.5244911033354176,1.1158674306125798,6.61827744120493
2018-01-30,1.573344200353921,1.2164994207946176,1.5244911033354176,1.1158674306125798,6.5558301882526715
2018-01-31,1.573344200353921,1.2100685832716094,1.5244911033354176,1.1158674306125798,6.572049551203284
2018-02-01,1.573344200353921,1.196652073147554,1.5244911033354176,1.1158674306125798,6.522729953761916
2018-02-02,1.5731219182507228,1.1685624390455338,1.5242757231988395,1.1158674306125798,6.396792837723804
2018-02-05,1.5702690545215687,1.1251652941369987,1.5227998195596715,1.1149242559371093,6.169929398898426
2018-02-06,1.594428822379787,1.1478377252355305,1.5470416338752004,1.117253974968053,6.279964074044604
2018-02-07,1.5828825739960801,1.1279295608872324,1.5371546147287214,1.115107675605709,6.224667291388737
2018-02-08,1.5561529087709156,1.0824140273067029,1.5121003930400598,1.1129182337447325,5.988415030072148
2018-02-09,1.5807881448309624,1.1054386568496122,1.5381012382078072,1.11289937709726,6.078287638217296
2018-02-12,1.607575479432548,1.1224715436727435,1.5638781346939596,1.1176562070770677,6.177766285005462
2018-02-13,1.5999056772304308,1.1276300507567483,1.5584122639946436,1.1157222874167616,6.206737391313234
2018-02-14,1.6111547057403424,1.1512487043215216,1.5732788793511532,1.1166394610526291,6.30753531091031
2018-02-15,1.6226049997557976,1.1748354537477748,1.588013281936732,1.1160477571546836,6.4135370187725504
2018-02-16,1.6181447090400078,1.1742841232202825,1.5823237001324846,1.1168306148148937,6.403581563287399
2018-02-20,1.613688921968774,1.1801523878736742,1.5782349508789446,1.1166411738210842,6.414539605530848
2018-02-21,1.6102343302966746,1.172974214113251,1.5739012005845012,1.117316901971294,6.388454540356068
2018-02-22,1.615271423239021,1.1740264939946956,1.5750604573691607,1.119989103837179,6.375601129790915
2018-02-23,1.6190889595180153,1.1924960856722577,1.5788110583931232,1.1199691229772308,6.513303009459112
2018-02-26,1.6196758115754293,1.205760134241243,1.578887672558747,1.1204053576418744,6.582315072885394
2018-02-27,1.6175294819034667,1.1925709927201553,1.5767953936989347,1.11890325693439,6.503455082603242
2018-02-28,1.6161705257688153,1.1897516833871196,1.576918956700252,1.118227335390755,6.4940441018077815
2018-03-01,1.6141209817347228,1.1728038713993996,1.575107351246435,1.1180939058128205,6.407079831024424
2018-03-02,1.6163838632144238,1.1867188639683635,1.5769858866360162,1.1183279099611998,6.482388940716333
2018-03-05,1.619051626594944,1.1912932676276182,1.5792834036359784,1.1184924295758265,6.555568201877211
2018-03-06,1.6190844746804092,1.2058313075434917,1.5789173038277595,1.1187744041456291,6.611983792172845
2018-03-07,1.6179601745438779,1.194337807675574,1.578349614695419,1.1185185356889324,6.630039824874154
2018-03-08,1.6201109271104825,1.1979027626006595,1.5804477129911714,1.118648225115427,6.654323410458693
2018-03-09,1.6219746582681733,1.2157449959144204,1.582265816675625,1.1188486037021363,6.7655539778058795
2018-03-12,1.6233656756502572,1.2150034886999799,1.5836227794634548,1.118845624230435,6.799729009229572
2018-03-13,1.6234775820438718,1.206812740274323,1.5837319461883363,1.118845624230435,6.738439513542389
2018-03-14,1.622093447353832,1.2005049614724563,1.5823816975919351,1.118845624230435,6.736463090347462
2018-03-15,1.6231627245956362,1.1991191848270752,1.5834247970137612,1.118845624230435,6.729687660180282
2018-03-16,1.6230105498760121,1.2000768351421867,1.5832763478035372,1.118845624230435,6.7458418408218535
2018-03-19,1.6212599105055716,1.1801223347943888,1.5815685672170439,1.118845624230435,6.62387733841741
2018-03-20,1.6202838504032002,1.1884770475306958,1.5806164028122978,1.118845624230435,6.655633603040642
2018-03-21,1.6185767434821754,1.187956198455765,1.5789510889229723,1.118845624230435,6.656877793393147
2018-03-22,1.6137141553313168,1.1564580015362438,1.574207545629953,1.1177301627183371,6.504746122922486
2018-03-23,1.6060967266601007,1.1291390341332905,1.5677232109579518,1.117268529097375,6.35498811338575
2018-03-26,1.6179387862940648,1.163162495034155,1.5771003334419635,1.1188235752808255,6.541126700176907
2018-03-27,1.6044079660090644,1.1340391028022063,1.5697899765043952,1.114652954730614,6.374399903317153
2018-03-28,1.6056417443123523,1.1257191683012182,1.5719624817586382,1.1139674949251561,6.309766745119192
2018-03-29,1.6239168847839391,1.142993093410421,1.5804505766723347,1.1201497739548283,6.4174402818083305
2018-04-02,1.5988596705979308,1.1142619066265547,1.564708240505609,1.1143658882570457,6.246943320721254
2018-04-03,1.6078739342559933,1.1242635572204123,1.568236806047224,1.117644876291574,6.309612889279853
2018-04-04,1.6208577547798368,1.1446095643134693,1.5737276813743712,1.1240441500760008,6.410712916845975
2018-04-05,1.6257242742147782,1.145394923224409,1.5779236181328766,1.1258601790710059,6.432911741309026
2018-04-06,1.62369095649947,1.111878646160599,1.5769409610677771,1.122849771010067,6.283330590668751
2018-04-09,1.6238120713335409,1.114754604052452,1.576915329323675,1.1224844110534793,6.300006813202062
2018-04-10,1.6267220497256814,1.145697883236968,1.5784806717344355,1.1246492974870383,6.433995014582309
2018-04-11,1.626212864113442,1.1444236850009755,1.5779865863143843,1.1246492974870383,6.408923147563782
2018-04-12,1.6250129950450911,1.1600706229581244,1.5768223000533583,1.1246492974870383,6.472827309376045
2018-04-13,1.624493467479308,1.1488605985095623,1.5763181793763439,1.1246492974870383,6.439586663266543
2018-04-16,1.6244743279016747,1.157312436896916,1.5762996073938935,1.1246492974870383,6.482030675055181
2018-04-17,1.6244743279016747,1.1750719592673202,1.5762996073938935,1.1246492974870383,6.593478566450265
2018-04-18,1.6244743279016747,1.1730121839921637,1.5762996073938935,1.1246492974870383,6.611854045999031
2018-04-19,1.6244743279016747,1.147530092981433,1.5762996073938935,1.1246492974870383,6.5186569527700255
2018-04-20,1.622370940895929,1.1363720820568532,1.574258597539563,1.1246492974870383,6.45222630812454
2018-04-23,1.6203385171894846,1.131921037693458,1.572760080811661,1.1229888313573764,6.433964931824632
2018-04-24,1.611846638518738,1.1187598277687836,1.5675775628584638,1.1200093147728463,6.33455914633587
2018-04-25,1.611376241758693,1.1177515149710802,1.5669746127859725,1.1198269452835563,6.335680957825401
2018-04-26,1.6173305289472835,1.1363766624641585,1.5709693969826117,1.121829355229381,6.449686471698661
2018-04-27,1.6203827872476246,1.1312432526293676,1.5713912236235945,1.124456143889337,6.435484495670678
2018-04-30,1.6218250003494588,1.1203144784903403,1.5730285253504304,1.1247159726330356,6.381711401405364
2018-05-01,1.6216674651333791,1.123798776615212,1.5748880257795528,1.1237650407588164,6.410710066188959
2018-05-02,1.6155341677197241,1.1146703684067683,1.572013940833273,1.1222518823072678,6.373301238825069
2018-05-03,1.6066696789286286,1.1191469100129248,1.5709516648845585,1.1213759348176149,6.374370750787532
2018-05-04,1.6262801600515968,1.137518761375659,1.582168835636721,1.1312910600702075,6.466913313078296
2018-05-07,1.622778356693026,1.1483573224331254,1.5780708229107965,1.1307586794081164,6.520534375866709
2018-05-08,1.6197513838955908,1.1459428826261262,1.57557879362185,1.1306246111134917,6.520639371534679
2018-05-09,1.6200774237797293,1.1578545685584365,1.5755079872316484,1.1308171795333397,6.582705174052523
2018-05-10,1.625850289985421,1.174975963607886,1.5810191594736935,1.1309257991568038,6.641834862505608
2018-05-11,1.6314668869157571,1.1982770615006386,1.5864808845861467,1.1309257991568038,6.68065767975883
2018-05-14,1.6309750910866108,1.2036576154866958,1.5860026495154154,1.1309257991568038,6.699074248135114
2018-05-15,1.6289616945941223,1.1972644245756243,1.5840447703368412,1.1309257991568038,6.6606481312108565
2018-05-16,1.6336981847875605,1.209363011678955,1.5886506567401655,1.1309257991568038,6.712967862741271
2018-05-17,1.6321676604573792,1.206822694277507,1.587162335026314,1.1309257991568038,6.6965567834245165
2018-05-18,1.6327295597990015,1.199120331451542,1.5877087405780874,1.1309257991568038,6.685230204379
2018-05-21,1.632137291376614,1.2100567029956044,1.5871328033413605,1.1309257991568038,6.724544974488938
2018-05-22,1.632929444023935,1.209178829917603,1.5879031132034411,1.1309257991568038,6.716353663168162
2018-05-23,1.6332204377841004,1.2118560357521213,1.5881860831133663,1.1309257991568038,6.762041338687475
2018-05-24,1.6330816376248842,1.215767514809719,1.5880511102241586,1.1309257991568038,6.783023687713968
2018-05-25,1.6330816376248842,1.2162127287639855,1.5880511102241586,1.1309257991568038,6.777709901457454
2018-05-29,1.6330816376248842,1.2058791923399415,1.5880511102241586,1.1309257991568038,6.747997910114475
2018-05-30,1.6330816376248842,1.2154648288985,1.5880511102241586,1.1309257991568038,6.823543143263543
2018-05-31,1.6330816376248842,1.2089850569458667,1.5880511102241586,1.1309257991568038,6.76654168510411
2018-06-01,1.631204450336373,1.2223885087961763,1.5862256844224487,1.1309257991568038,6.873081953991933
2018-06-04,1.6311342093081775,1.2248172551852372,1.5861573802175402,1.1309257991568038,6.912983766409579
2018-06-05,1.632881635777648,1.2275278512448167,1.587856623219815,1.1319742642052317,6.93673050931049
2018-06-06,1.6315430462038143,1.2299786371782215,1.586554943861058,1.1310463041408196,6.9880153723036145
2018-06-07,1.6323717366149955,1.2262505208234966,1.5873607839961674,1.1313027634237143,6.949271646801744
2018-06-08,1.6329573252553407,1.2218959776171108,1.5879302256388934,1.131765166296142,6.973967118319657
2018-06-11,1.6331340136704189,1.2137142184427332,1.58810204205472,1.1326691537848153,6.981901885222328
2018-06-12,1.6376003513982518,1.2178351771940799,1.5914472837407492,1.1334537831743279,7.041286657578797
2018-06-13,1.6386191927153737,1.2302561190626111,1.5925751040853855,1.133355715775619,7.059865108368792
2018-06-14,1.6407029028185502,1.2445918264505402,1.5931447231309104,1.1343915506441022,7.123311151032942
2018-06-15,1.6411427781843828,1.233359858118408,1.5930417749469203,1.134768986828482,7.117067013337907
2018-06-18,1.641659972232247,1.2351129165347294,1.5930417749469203,1.1351266009090424,7.115588518645814
2018-06-19,1.6428674833901793,1.2352025679264307,1.5941438258183602,1.1351762655083628,7.085296133965532
2018-06-20,1.6434313942348935,1.2376689456793564,1.5946910123690115,1.1351762655083628,7.115927490460727
2018-06-21,1.6414768568635398,1.2159801565046406,1.5927944420647258,1.1351762655083628,7.034634517410437
2018-06-22,1.6418527738577995,1.2184838753037117,1.5931592102286087,1.1351762655083628,7.025931156837068
2018-06-25,1.6391895828583574,1.1940752591751973,1.5905750033271642,1.134593167440225,6.8960686296033815
2018-06-26,1.640020024909156,1.1965911689287996,1.5921410173353365,1.1337373471473575,6.9223073847886125
2018-06-27,1.6346114317631546,1.1738368912702202,1.589756233403712,1.1310889764006373,6.81003236383905
2018-06-28,1.6358207455352838,1.1828807839574669,1.589746763022852,1.131526400184662,6.875270652228745
2018-06-29,1.6413457942296714,1.1860260634739503,1.590539487889302,1.1347839409967506,6.8981740270678955
2018-07-02,1.6457079855235046,1.1959873708786146,1.5925425618006732,1.13631610377468,6.941460115995625
2018-07-03,1.636356739724229,1.1872898042073674,1.5883842321552226,1.1328263905050222,6.88120190184647
2018-07-05,1.647320747128333,1.2000352625008113,1.5950979067567503,1.1356284625217454,6.958435258955333
2018-07-06,1.6497719396509152,1.2196668067347276,1.5968637920087076,1.1361183786037459,7.069221164603467
2018-07-09,1.6572816909464054,1.2351701823290608,1.6026330103058475,1.1371853647617896,7.115987699092892
2018-07-10,1.6593884224800397,1.2457193693216464,1.6038351853543906,1.1373620766902854,7.142980091926303
2018-07-11,1.6631328977758293,1.2440639071019652,1.6078996564951622,1.1373620766902854,7.096952366215235
2018-07-12,1.663315363751513,1.2610342198081224,1.6078996564951622,1.1373620766902854,7.203750638664288
2018-07-13,1.659319378021917,1.2588858916161865,1.6078996564951622,1.1346467927671764,7.1942030584858605
2018-07-16,1.6596431219241246,1.249123418107836,1.6078996564951622,1.134868169667358,7.167750567827111
2018-07-17,1.6617089676633114,1.2570374083608151,1.6078996564951622,1.1362808002153808,7.232149058242612
2018-07-18,1.661896455403866,1.260237570503541,1.6078996564951622,1.1364090048071678,7.256190209833183
2018-07-19,1.6625292672094962,1.2578751651190885,1.6078996564951622,1.1368417231223962,7.2230089391557595
2018-07-20,1.6618575736296826,1.2514160853369403,1.6078996564951622,1.1363824173515165,7.20771795280082
2018-07-23,1.6633858187056476,1.250569927314902,1.6078996564951622,1.1374274352046034,7.20949645655094
2018-07-24,1.6629591806035116,1.243860873714719,1.6078996564951622,1.1371356989899406,7.164796935908041
2018-07-25,1.6671785799631973,1.262772532592757,1.6089900916230286,1.1400209349573398,7.254350664837564
2018-07-26,1.6674776000531144,1.2611436371571063,1.6102719794434082,1.1402254056520664,7.253686954886401
2018-07-27,1.6690072582028497,1.229425472510053,1.6088221041480841,1.141271389768576,7.161995397422224
2018-07-30,1.6668875011497621,1.1976646283840238,1.6084890049370848,1.1398218945275824,7.057697025348719
2018-07-31,1.67024452249982,1.2110156342582576,1.6090907344929515,1.1411247662286113,7.122015972270652
2018-08-01,1.6713099534484421,1.2118041646361346,1.6102192918120815,1.1416954285406595,7.102845626916438
2018-08-02,1.676956754783188,1.2545293956064671,1.6127805741754058,1.144520393945341,7.226830045770242
2018-08-03,1.6786768720149903,1.2552868062832239,1.6126949729701177,1.14592859540659,7.230936559021689
2018-08-06,1.6809403930115874,1.258385444731648,1.6144861826444439,1.1461661400404757,7.288454854110935
2018-08-07,1.6809323425686316,1.2603692521377692,1.6151497161282393,1.1458120571076202,7.331564596888678
2018-08-08,1.6810816312132115,1.2570306980926123,1.6151497161282393,1.1459138201141477,7.31662151865473
2018-08-09,1.6810892806295619,1.2605033815431175,1.6151497161282393,1.1459190343593983,7.3145932675214125
2018-08-10,1.6810892806295619,1.2766757197651002,1.6151497161282393,1.1459190343593983,7.287981681615453
2018-08-13,1.6787751629294903,1.2687225426637114,1.6129263680946606,1.1459190343593983,7.262020074128339
2018-08-14,1.6786389921212603,1.276468484852099,1.6127955384922166,1.1459190343593983,7.287574623263553
2018-08-15,1.6775973663039638,1.2615672476310278,1.611790142174207,1.1459223223156372,7.167125007606326
2018-08-16,1.6775197343367967,1.2704275715655162,1.6137027733563998,1.1445094849600348,7.215170495804065
2018-08-17,1.6810814559835294,1.27397096420241,1.6169948327563153,1.1446046411664812,7.20805339369703
2018-08-20,1.687238596257088,1.27244317988034,1.620945480066687,1.1460003758641908,7.227698744336521
2018-08-21,1.7006012563619137,1.2769196262009728,1.6273576935163117,1.1505431127881165,7.285773330703489
2018-08-22,1.6972512525927819,1.2850085634459874,1.6252175491950878,1.149789748756741,7.3090189398216125
2018-08-23,1.696026768733011,1.288766352598199,1.6245924961548086,1.1494024367807654,7.315195466973612
2018-08-24,1.6933067536580577,1.3030403714526906,1.6209251968737621,1.1501536959605354,7.40399056707848
2018-08-27,1.7095654278308328,1.3153997760918232,1.6333809029702657,1.1523590133882862,7.480439246289752
2018-08-28,1.7095078909140413,1.3201484919788498,1.6336822932744735,1.1521075972589023,7.493013941683154
2018-08-29,1.7154016490188213,1.3330989946261187,1.6398792700281473,1.1517094027925021,7.559317379498686
2018-08-30,1.7104615741788907,1.3116960819625296,1.6355781854919025,1.1514133788581433,7.485528176549145
2018-08-31,1.7095976882283754,1.3193395908997523,1.6347521201556532,1.1514133788581433,7.516201413885501
2018-09-04,1.7090349726254639,1.3209950347259558,1.6342140400381857,1.1514133788581433,7.523888633924146
2018-09-05,1.7067609082824466,1.309044136141905,1.6320395334091027,1.1514133788581433,7.423657717613513
2018-09-06,1.7093064837693757,1.2985217430067926,1.6344736645224793,1.1514057286143895,7.356639473706984
2018-09-07,1.709254059184317,1.301824983055368,1.6350442295015999,1.1503346853965408,7.345331660726227
2018-09-10,1.712495328665456,1.3135225145230998,1.6328556916443087,1.1531594537255807,7.4082559918373425
2018-09-11,1.7100994946039745,1.3197163852864793,1.6380712731267846,1.1490798354753844,7.428776727636291
2018-09-12,1.7040298766267128,1.3194437924829325,1.6397346611749801,1.1449798552935542,7.419930961799069
2018-09-13,1.716061875364667,1.3237730282663882,1.6410900336939414,1.1534983627196462,7.49928965937947
2018-09-14,1.7197288917313756,1.3189674414317138,1.6427113775886704,1.1548236299130303,7.495298947591033
2018-09-17,1.7044147750211855,1.3002161999791435,1.6341978007795483,1.150525003573955,7.391169309296361
2018-09-18,1.7200120625300699,1.3113082171537545,1.6361895290453634,1.1596513473852401,7.441940337838269
2018-09-19,1.7229256128041794,1.3032281705326145,1.639552332951059,1.1592323041112114,7.422399300680482
2018-09-20,1.7291408189815551,1.3123128482310822,1.639900729329011,1.1631677369467688,7.496159427870355
2018-09-21,1.726481345584103,1.307232559246903,1.639900729329011,1.1613787480921731,7.489992891942671
2018-09-24,1.720029032344661,1.3028632390288863,1.639900729329011,1.1570383713533867,7.478570758323879
2018-09-25,1.7188743060139942,1.308153524805286,1.6386994276139455,1.1571091869628027,7.48107989734329
2018-09-26,1.7229133172972342,1.3079478053426938,1.6401369080946175,1.1588131368255075,7.477846474949107
2018-09-27,1.7237955620381051,1.3161895042639968,1.6398798195781497,1.1595881671157406,7.527698449785992
2018-09-28,1.7280498261877315,1.3146266646455154,1.6405422034363708,1.1619816047331555,7.52446320363862
2018-10-01,1.7241710581201108,1.3089221004163867,1.640193630043306,1.1596203207436526,7.523696627277801
2018-10-02,1.7242529073706354,1.2944698862069952,1.6405133339449922,1.1594493385114082,7.481673520630607
2018-10-03,1.7224811657158101,1.2935799942765707,1.6369671432479753,1.1607642620682477,7.479855556448898
2018-10-04,1.7140878863083797,1.268208176664189,1.629676925424833,1.1602775608006932,7.327800639116605
2018-10-05,1.7097538506643062,1.2572809950152748,1.6255563211433761,1.1602775608006932,7.237851910168141
2018-10-08,1.711480947299607,1.2471559205397924,1.62694884826316,1.16045565986465,7.1852081534797625
2018-10-09,1.7060942893908024,1.2487552959075763,1.6242097110823914,1.1587570280213322,7.185650050921173
2018-10-10,1.6594664095622487,1.1969572345687847,1.5953628791277832,1.147668122842861,6.893370058603527
2018-10-11,1.6559053952361973,1.1849245508074613,1.5884900012073073,1.144208189012005,6.8157899708477405
2018-10-12,1.6972216115393406,1.2150450080034279,1.6295205609334957,1.1547576988539474,6.975902354817955
2018-10-15,1.6767268018121473,1.2060747697233352,1.6100548157989176,1.15057503203236,6.9313183179546405
2018-10-16,1.715550013920349,1.2403681790356336,1.6509228931960276,1.1618929355142102,7.133669281302706
2018-10-17,1.7146678296573297,1.2391861921485057,1.6493937403118373,1.1655797283564877,7.114164598337177
2018-10-18,1.6907725489045886,1.2139468913843763,1.6334928191630969,1.1595977046235775,6.974946020143006
2018-10-19,1.6867478328592556,1.1907614213741646,1.6310335476086657,1.1588975810234194,6.904907474510987
2018-10-22,1.686298703121219,1.202629319529462,1.6315101540217178,1.1586198254946487,6.937099351615776
2018-10-23,1.6809530205476984,1.1898376391503844,1.6256963823374015,1.1586756491614565,6.900025547442361
2018-10-24,1.614861514636522,1.1353828942678523,1.5871444878823284,1.138123124580236,6.585996483507342
2018-10-25,1.6514524003896078,1.1587075495554933,1.6077207135830678,1.1527853619051625,6.703144618792099
2018-10-26,1.6270248219959833,1.135644619380253,1.5951420585720342,1.138117499452905,6.578316086569831
2018-10-29,1.6102944354112567,1.1256358655167367,1.5915775043160065,1.128415731407378,6.52665690926711
2018-10-30,1.6656963335879391,1.1591765144414867,1.6242736934103301,1.155052722606313,6.677767712892597
2018-10-31,1.6936599738938658,1.1840534620339112,1.6410840145246726,1.1705533189473998,6.808488626481627
2018-11-01,1.7375465899435236,1.2007642731193617,1.6573523110242971,1.1895700198046664,6.985045658919206
2018-11-02,1.7355250860240554,1.1968269701953367,1.6549461896602902,1.1907855653917032,6.934716299729886
2018-11-05,1.7361590531981517,1.1994464550296204,1.6588878459653622,1.190408261103626,6.942163162646849
2018-11-06,1.7379192208354852,1.2081723425884503,1.661919119466866,1.190131250619119,6.984950864862089
2018-11-07,1.7467645901304218,1.2490679875170778,1.670180925545311,1.190131250619119,7.172488323023279
2018-11-08,1.7468028068737145,1.2354789764316279,1.6702174667461371,1.190131250619119,7.137180925112315
2018-11-09,1.74515684643512,1.2184545366082122,1.6702174667461371,1.1890098252655843,7.041916177515305
2018-11-12,1.7349704528765069,1.1814759277577889,1.663751794148374,1.1866724768419221,6.841856623580051
2018-11-13,1.735115587870259,1.1843309357168572,1.664394778018304,1.1863131363911312,6.878351678846891
2018-11-14,1.7326588448777764,1.1777431673904402,1.6623762069452535,1.1860721961663874,6.867397171337343
2018-11-15,1.7372516447625177,1.1979765345568887,1.6645483331198598,1.1876663772515477,6.99374428993175
2018-11-16,1.7393042540072647,1.1951043528231862,1.6658563988585986,1.188136323155505,6.970721559899656
2018-11-19,1.7157363850427556,1.1330211273827282,1.6535844873688779,1.1807895510406805,6.735320809744092
2018-11-20,1.7239939767032588,1.1102118354626787,1.6555368651612141,1.1850783692736317,6.653792089039009
2018-11-21,1.7236403350706535,1.1268913562279723,1.657002318976202,1.1837862632623661,6.71803892839106
2018-11-23,1.716925941806076,1.1226345071366743,1.655350254889114,1.1810235158233207,6.69668688634282
2018-11-26,1.733768550841152,1.1475758702726173,1.6669106511738483,1.1876395755550484,6.826745165549203
2018-11-27,1.7302115045526716,1.1486363771073491,1.6657386022624772,1.1863018678490063,6.848360614840585
2018-11-28,1.7469735610178247,1.185672519972238,1.679741580715808,1.1902682230587784,7.046106713275066
2018-11-29,1.7497090398391035,1.1874437660213597,1.678111551204818,1.1923380016793619,7.042388598370829
2018-11-30,1.7488370235941721,1.1954607429650674,1.6772246169924019,1.1924918952142165,7.114873217267368
2018-12-03,1.7538179848217974,1.2139729576268223,1.6788048470150403,1.1947647689514143,7.236803035712362
2018-12-04,1.7538495603752926,1.171841178829046,1.6788350720399368,1.1947647689514143,6.981581847980573
2018-12-06,1.7538495603752926,1.1813949213653012,1.6788350720399368,1.1947647689514143,7.018778704080304
2018-12-07,1.7526077324605835,1.139169855985524,1.6776463587638644,1.1947647689514143,6.780307960324053
2018-12-10,1.752819892198561,1.1450298088379514,1.6778494441464642,1.1947647689514143,6.832721996532849
2018-12-11,1.752856271932256,1.1512532786324294,1.6784945645465355,1.1943301882625146,6.860187621490907
2018-12-12,1.754172381928166,1.1618193220788906,1.679962995268496,1.1941820764129676,6.94035819948481
2018-12-13,1.756337770198567,1.1576856534845565,1.681671270426659,1.1944418931102214,6.918194677497138
2018-12-14,1.75183757748487,1.1262716623992544,1.6791145013731141,1.1931974215509302,6.787369968015217
2018-12-17,1.7468830160454112,1.1011322384539868,1.6754977533555744,1.1923929121208254,6.626168493987493
2018-12-18,1.7448625777990896,1.1007955169522354,1.674837410778981,1.1914837376401883,6.648709955827219
2018-12-19,1.745060497525316,1.0894398292101062,1.6769508565465812,1.1901153767400787,6.508115484215584
2018-12-20,1.7402976971478845,1.073754375049332,1.6728202324052908,1.18979865318172,6.421711842409635
2018-12-21,1.7231259001359145,1.0457572369086172,1.6611166072314234,1.18638295891761,6.263729939394489
2018-12-24,1.6864135185833355,1.0253809949255945,1.631935636802401,1.1804484243291986,6.108649522223354
2018-12-26,1.7631567472657566,1.0715864159127197,1.706357338368936,1.1996145023519467,6.448454292404111
2018-12-27,1.7712989745305763,1.0809550480199244,1.7165821809991118,1.2036583098975078,6.509004348205834
2018-12-28,1.7701967581859441,1.0797857329052318,1.7147322657996307,1.2056840018233337,6.5101467777094655
2018-12-31,1.784317652715237,1.0872267716294672,1.728174085462264,1.2084401012892012,6.5649041221728455
2019-01-02,1.7700659931108826,1.08164344168229,1.7197128062750455,1.2020545536795504,6.5744713590881325
2019-01-03,1.7703966886895854,1.0611607425847105,1.7179282972076446,1.2022473627309676,6.391491277846131
2019-01-04,1.783386677569189,1.0975456338571312,1.7260191802434925,1.205406457480809,6.665412564127827
2019-01-07,1.781244057349109,1.1071786586968295,1.72250812208214,1.2064102727630368,6.7770287114798595
2019-01-08,1.7888878207716057,1.1146768767805872,1.7281820495084401,1.2076133753486082,6.83497170514994
2019-01-09,1.7899335850546418,1.1233774978022388,1.7281820495084401,1.2083193329391246,6.915079046550872
2019-01-10,1.7902145789871835,1.1315611577452507,1.7281820495084401,1.20850902176555,6.958248848930222
2019-01-11,1.7896343883893033,1.1280273851723823,1.7281820495084401,1.20811735610708,6.964740673906161
2019-01-14,1.7896343883893033,1.116234571670325,1.7281820495084401,1.20811735610708,6.894031304481011
2019-01-15,1.7896343883893033,1.1305123297806,1.7281820495084401,1.20811735610708,6.976133182921952
2019-01-16,1.7896343883893033,1.1249815023650676,1.7281820495084401,1.20811735610708,6.961395254521847
2019-01-17,1.7896343883893033,1.134955715175228,1.7281820495084401,1.20811735610708,7.02946886750166
2019-01-18,1.7896343883893033,1.1419504105711766,1.7281820495084401,1.20811735610708,7.125158731807252
2019-01-22,1.7896343883893033,1.1292739018033155,1.7281820495084401,1.20811735610708,7.0021542811075115
2019-01-23,1.7896343883893033,1.134621615412138,1.7281820495084401,1.20811735610708,7.001434024184978
2019-01-24,1.7896343883893033,1.1306486444019894,1.7281820495084401,1.20811735610708,7.097150192696365
2019-01-25,1.7902397190082902,1.1412786514872164,1.7281820495084401,1.2085259928832426,7.206298266029605
2019-01-28,1.7890881022716025,1.1274056036534874,1.7281820495084401,1.2077485781351789,7.1243298393861725
2019-01-29,1.7868976758909583,1.1244500615153936,1.7281820495084401,1.2062699006215485,7.100446239787015
2019-01-30,1.7882903102198624,1.1390980273917353,1.7281820495084401,1.2072100176166034,7.243351924244459
2019-01-31,1.7871318504964548,1.1542428711318469,1.7281820495084401,1.206427983416054,7.344341697864926
2019-02-01,1.7872048263653753,1.1583588797064244,1.7281820495084401,1.2064772467820197,7.375096981165895
2019-02-04,1.7873489250432026,1.171533833415246,1.7281820495084401,1.2065745225802524,7.444839476991799
2019-02-05,1.7892193757475596,1.179331391585805,1.7281820495084401,1.2078371961041503,7.492228129362261
2019-02-06,1.7898718397623408,1.1766643033679505,1.7281820495084401,1.20827765092867,7.506783397855744
2019-02-07,1.788908611668179,1.166644744787179,1.7281820495084401,1.2076274105298506,7.4142819675189555
2019-02-08,1.7883153860803398,1.1720218190187262,1.7281820495084401,1.2072269454217788,7.442165349924537
2019-02-11,1.7883153860803398,1.1753410078115372,1.7281820495084401,1.2072269454217788,7.478806069689847
2019-02-12,1.7883153860803398,1.1934874994759657,1.7281820495084401,1.2072269454217788,7.591977207789324
2019-02-13,1.7883153860803398,1.1912450690050875,1.7281820495084401,1.2072269454217788,7.591846257076427
2019-02-14,1.7883153860803398,1.2031411421806613,1.7281820495084401,1.2072269454217788,7.616965821795943
2019-02-15,1.7883153860803398,1.2156301442193111,1.7281820495084401,1.2072269454217788,7.685707261491517
2019-02-19,1.7883153860803398,1.212942563912099,1.7281820495084401,1.2072269454217788,7.693833732491024
2019-02-20,1.7883153860803398,1.2133044170137048,1.7281820495084401,1.2072269454217788,7.703618283203174
2019-02-21,1.7883153860803398,1.2062025466385258,1.7281820495084401,1.2072269454217788,7.6613938944246325
2019-02-22,1.7883153860803398,1.218197193351825,1.7281820495084401,1.2072269454217788,7.742821529480362
2019-02-25,1.786303530101534,1.2267740440652708,1.7281820495084401,1.2058688143187155,7.77628750802386
2019-02-26,1.783407228187024,1.2276142728640702,1.7281820495084401,1.2039136257985648,7.77284555109724
2019-02-27,1.7809302715961517,1.2323837129263266,1.7281820495084401,1.2022415221179634,7.782969258392131
2019-02-28,1.7836680316793756,1.225105498105844,1.7281820495084401,1.204089684790104,7.784906387271625
2019-03-01,1.7815452627202262,1.2486039146760477,1.7281820495084401,1.2026566803512129,7.853484281256506
2019-03-04,1.783724316720246,1.2337867472694841,1.7281820495084401,1.2041276807825845,7.802501456334503
2019-03-05,1.7832143589117286,1.2359189319133388,1.7272587039420275,1.2037834267364234,7.78240282035734
2019-03-06,1.7827286312120205,1.2312131121311203,1.726788217938551,1.2034555295591192,7.710681401221166
2019-03-07,1.7811633709405927,1.2217679417602583,1.7252720741198075,1.2023988790426756,7.6469205716173505
2019-03-08,1.781749844108132,1.2123559737847565,1.7258401442893856,1.2027947858363717,7.632513083988984
2019-03-11,1.781856768297577,1.231235098478303,1.726028341602449,1.2025586475822239,7.785325487658523
2019-03-12,1.781358270634268,1.231621698812394,1.7254596861500524,1.2025586475822239,7.8217707779743595
2019-03-13,1.7822213805325904,1.2393118783152124,1.72629571187201,1.202959808968526,7.858248191986957
2019-03-14,1.7810350909552533,1.239084160779119,1.725146647769893,1.2021590898777763,7.849618968452971
2019-03-15,1.7816497793986779,1.24549381507588,1.725742047441119,1.2025739909111464,7.914467823838902
2019-03-18,1.7813999766127802,1.2483834041655308,1.7255807307102904,1.2024615782217292,7.93156079709256
2019-03-19,1.7816780572421556,1.2457362766045563,1.7253759624795488,1.2026492852369204,7.943005029019613
2019-03-20,1.7813730629423592,1.240626301172422,1.7253759624795488,1.2023831388330115,7.936775027725503
2019-03-21,1.7834036852525854,1.2547200053979712,1.7253759624795488,1.2037537591022556,8.045644013810245
2019-03-22,1.7787830586835025,1.2210512931447695,1.722117389857562,1.20290837805512,7.84741767741855
2019-03-25,1.782397035414359,1.2222475563639472,1.7251419791845526,1.2032995304260536,7.837647158077357
2019-03-26,1.787628799918531,1.2288280902939221,1.7291440696612028,1.2040400160395628,7.893618298463842
2019-03-27,1.7805993809103413,1.2159253949199271,1.7230278688613871,1.2040099240814397,7.824579432324749
2019-03-28,1.7838994687233884,1.2295570963574574,1.7255614195723292,1.2040099240814397,7.857500906015946
2019-03-29,1.785258762178956,1.2458795426592002,1.7275058250400164,1.2040099240814397,7.943252832981785
2019-04-01,1.780838098341823,1.257891938779766,1.7228745206462102,1.2040099240814397,8.052841322844266
2019-04-02,1.7824452010645617,1.2574209085617531,1.7244293146140872,1.2040099240814397,8.05529600485005
2019-04-03,1.7822716710790114,1.2639604293108815,1.7242614327662364,1.2040099240814397,8.113187054425849
2019-04-04,1.7832721483054716,1.2602428851996859,1.7252293459771904,1.2040099240814397,8.08359786875035
2019-04-05,1.78320803807682,1.2694416722989892,1.7251673224391948,1.2040099240814397,8.14872975358689
2019-04-08,1.7817057621331003,1.27050291266788,1.7237139432977533,1.2040099240814397,8.1684681813253
2019-04-09,1.7818311194182095,1.2690748066104602,1.7238352203934606,1.2040099240814397,8.131102848052084
2019-04-10,1.7846611379735586,1.2870923999570112,1.7265731261393602,1.2040099240814397,8.193525233966238
2019-04-11,1.7849764004413156,1.2826061892730218,1.7268781272921996,1.2040099240814397,8.171755075467198
2019-04-12,1.7839140882981102,1.2789488964418299,1.7258503917972066,1.2040099240814397,8.207442763799296
2019-04-15,1.7847388564856088,1.2786783326314681,1.7266483150317802,1.2040099240814397,8.205001003931022
2019-04-16,1.7859768730395384,1.2702272905631453,1.7278460360255583,1.2040099240814397,8.224163805237396
2019-04-17,1.7859768730395384,1.249613766120895,1.7278460360255583,1.2040099240814397,8.197934675044925
2019-04-18,1.7830988058578887,1.242008389563325,1.7250616455632308,1.2040099240814397,8.192457760078664
2019-04-22,1.7786199955804525,1.2539339890656793,1.7207286137637718,1.2040099240814397,8.222224818310892
2019-04-23,1.7894190072970784,1.2692319119287445,1.7311761340364225,1.2040099240814397,8.320831820832174
2019-04-24,1.7882913018247806,1.2626490754431514,1.7300851336659653,1.2040099240814397,8.311667550928082
2019-04-25,1.7941086718924593,1.2681256265058902,1.7357131571657465,1.2040099240814397,8.318629971171568
2019-04-26,1.7956253725343292,1.269753576125252,1.737180491503303,1.2040099240814397,8.340306939022295
2019-04-29,1.7976611463208023,1.2745168539637044,1.7371274680439825,1.205411708930676,8.347472457315728
2019-04-30,1.796626344852867,1.2676005896447569,1.7371274680439825,1.2047178285470337,8.359301077054827
2019-05-01,1.7944369253702963,1.270300851816901,1.7367135517977514,1.2035367811245339,8.313816667241726
2019-05-02,1.7988444443311389,1.2710252515529552,1.7372351311852303,1.2061314707817214,8.32874472951136
2019-05-03,1.8079259936278447,1.3033057382936746,1.74211624909378,1.2088318078459042,8.455884785167925
2019-05-06,1.805408150745519,1.303595684402579,1.7414447898443515,1.207614221836051,8.39435541315137
2019-05-07,1.7988295235769578,1.2712549141759875,1.7350992352381596,1.207614221836051,8.204369341817536
2019-05-08,1.8001291653798048,1.2722188050654455,1.7363528323515312,1.207614221836051,8.195547006514056
2019-05-09,1.793429756185539,1.2690904609687976,1.7298907748762882,1.207614221836051,8.161584271281248
2019-05-10,1.7877778844472854,1.2659129723086386,1.7244391419104206,1.2072719892302157,8.20566861017928
2019-05-13,1.7748540131073987,1.2261749776807718,1.71197314722652,1.2053905268801308,7.9312637683068585
2019-05-14,1.7861084367245887,1.2502578270358617,1.7236741227013341,1.2053474345471757,8.0615360209809
2019-05-15,1.7983646260658128,1.2618474805989575,1.7343362853116844,1.2067629346524944,8.152080402279038
2019-05-16,1.8014804083620035,1.2723295240486892,1.7369476405979993,1.2069176966225659,8.221476900884543
2019-05-17,1.7914811696152548,1.2640531576462026,1.7276261591635536,1.2057840703382672,8.159506766103286
2019-05-20,1.772087208989445,1.2462391638595824,1.7089700715379381,1.2037096047115228,8.0209674854753
2019-05-21,1.7907122848814083,1.260845784077186,1.7251127486749585,1.2096383898360308,8.114966126240391
2019-05-22,1.7778390609133439,1.2567609243129139,1.7154052535834907,1.203481259635215,8.068087834389535
2019-05-23,1.7637632245821502,1.2323927468451612,1.70530566831155,1.2010456161476126,7.9411604597433145
2019-05-24,1.7571302443691752,1.233082138082212,1.699557336341584,1.1990244392736378,7.938061543830794
2019-05-28,1.7460961631734908,1.228959436664271,1.6945115178598862,1.1952111389359035,7.8970326746119035
2019-05-29,1.747253460906335,1.217486818987291,1.6953287818487675,1.195400580383829,7.828323375084582
2019-05-30,1.7504038071855978,1.2197928607584059,1.6991547340040427,1.1948581870624582,7.86425915696615
2019-05-31,1.7385023298496554,1.204221341968906,1.6913726222025012,1.1920388321864288,7.758690157750872
2019-06-03,1.7337393321588266,1.1952230391361738,1.684808637051027,1.1916609908941294,7.693516136395528
2019-06-04,1.7932153107114468,1.2234610853969516,1.728224237090707,1.2092996032256333,7.912178548978653
2019-06-05,1.8064903934468441,1.222979013305857,1.736899027661299,1.2095891256937084,7.945498136478159
2019-06-06,1.814554211717124,1.2284546946398511,1.7391596899475075,1.2139536494826304,8.003569526059074
2019-06-07,1.8209459655546865,1.2443086190721295,1.7427426619622708,1.2192440378463962,8.140130826870426
2019-06-10,1.8207259111741716,1.254320553754206,1.7382224152921497,1.2231060224990746,8.240097695424701
2019-06-11,1.8302375099569788,1.255627445400674,1.7430146678076526,1.2256392862736283,8.235110626066183
2019-06-12,1.832983369859229,1.2508872122776662,1.745629669445052,1.2254753266273888,8.212005864459133
2019-06-13,1.8332075302315434,1.251262946423786,1.7458431471028746,1.2254753266273888,8.26664430653109
2019-06-14,1.8288286388167592,1.2397903043604097,1.741672938633655,1.2254753266273888,8.1941212106778
2019-06-17,1.831025613323051,1.2513485571482064,1.743765212870432,1.2254753266273888,8.224304862620963
2019-06-18,1.8308514471084958,1.266258086217411,1.7435993468202857,1.2254753266273888,8.372685668130424
2019-06-19,1.829455627748118,1.2786322826220948,1.7422700474230695,1.2254753266273888,8.434042285885383
2019-06-20,1.8275629985112545,1.2852402956998814,1.7404676144040607,1.2254753266273888,8.50629351609448
2019-06-21,1.8246735679185084,1.2740801951117071,1.7377158841628382,1.2254753266273888,8.457804076272062
2019-06-24,1.8205773628435802,1.2637926875802312,1.7338148901721098,1.2254753266273888,8.388731845284585
2019-06-25,1.818826810897499,1.2433913159703722,1.7321477635275189,1.2254753266273888,8.254590939287514
2019-06-26,1.8183645049714394,1.2521017928632705,1.7317074895162212,1.2254753266273888,8.291335666187168
2019-06-27,1.8226034496753036,1.2771705454890567,1.7357444206547565,1.2254753266273888,8.369025099653415
2019-06-28,1.824509939831226,1.2768720776215272,1.7375600540289635,1.2254753266273888,8.406677464877395
2019-07-01,1.82507074730781,1.2899768387216393,1.7380941353447408,1.2254753266273888,8.501774621310746
2019-07-02,1.8230263711160701,1.2879650869706023,1.7361471871102447,1.2254753266273888,8.494042013608576
2019-07-03,1.8287866332760168,1.2997956702417583,1.7416329349329085,1.2254753266273888,8.572967528430967
2019-07-05,1.8296965164000403,1.2954889416746993,1.742499456148071,1.2254753266273888,8.562308766980161
2019-07-08,1.8296965164000403,1.285712117347507,1.742499456148071,1.2254753266273888,8.514627885376811
2019-07-09,1.8296965164000403,1.2953704178458767,1.742499456148071,1.2254753266273888,8.56295469682251
2019-07-10,1.8296965164000403,1.2986347267099503,1.742499456148071,1.2254753266273888,8.61984558626938
2019-07-11,1.8296965164000403,1.2949635432245394,1.742499456148071,1.2254753266273888,8.605125925658406
2019-07-12,1.8296965164000403,1.300028235624724,1.742499456148071,1.2254753266273888,8.661161222044889
2019-07-15,1.8287874022502335,1.3049627206214935,1.7416336672604518,1.2254753266273888,8.690701540959578
2019-07-16,1.8287904294654511,1.293758612709149,1.7416365502089752,1.2254753266273888,8.649425823354553
2019-07-17,1.8289719143250993,1.2819660780368687,1.741809386122692,1.2254753266273888,8.629885325177447
2019-07-18,1.8276585990271583,1.2873837835808435,1.7405586589272795,1.2254753266273888,8.678512392745006
2019-07-19,1.8236300130248557,1.2741686326105777,1.7367220615161034,1.2254753266273888,8.62512071412467
2019-07-22,1.8238169096246104,1.2812236460959956,1.7358468138572167,1.2262185177717089,8.691314896917062
2019-07-23,1.8247866251968108,1.2885475129785975,1.7349191491729128,1.2275258039196943,8.740298563844249
2019-07-24,1.8277570333133641,1.299391931351419,1.7379226569532322,1.227398880363637,8.840203378643533
2019-07-25,1.830402592295389,1.2908322958432146,1.7414109889694644,1.2267118436835729,8.73287906388751
2019-07-26,1.8283530011672515,1.309757739051229,1.7414037912258258,1.225343304900634,8.83399458312386
2019-07-29,1.8284920180963289,1.2966923510345185,1.7418408261329876,1.2251289518626445,8.781464929309157
2019-07-30,1.8326244112841765,1.2917297822576808,1.7418408261329876,1.2278977441159369,8.770871773892278
2019-07-31,1.8335307774942378,1.2760951047600202,1.7399684898263665,1.2298249185203622,8.687090398499617
2019-08-01,1.8285565483340724,1.2657163705946342,1.7357754317739855,1.2274392790005388,8.628627011270252
2019-08-02,1.8239592989190736,1.254626710489796,1.7315019302304115,1.2271659552277485,8.525409741078834
2019-08-05,1.8103880738668976,1.2072889228014674,1.7197516626305875,1.2263629469384172,8.217166966416551
2019-08-06,1.8185826091816013,1.2204047425412106,1.724698959773921,1.2283860119049768,8.325039285299638
2019-08-07,1.8199383161404254,1.2313274092781665,1.723174803502451,1.2303872954174147,8.36686256473679
2019-08-08,1.8559914075952633,1.268849654194433,1.752314986400107,1.2338858173810354,8.58865887208066
2019-08-09,1.827981648848923,1.2527162727266679,1.7323775189286241,1.229375757334545,8.512235356369402
2019-08-12,1.8059466250344374,1.233468423263736,1.7181794175807419,1.2246321373485776,8.396799025102931
2019-08-13,1.8299241679710263,1.2648231661024478,1.7387830405437001,1.2262063418225788,8.593281917872915
2019-08-14,1.81082701982843,1.2211375623461052,1.7240089692290008,1.2238284281938838,8.324546269427763
2019-08-15,1.812519078167533,1.2113298510816826,1.7270920814872242,1.2227254491001571,8.305416802452532
2019-08-16,1.818994689724495,1.2297505638517925,1.732239101276544,1.223515337477858,8.450361891543883
2019-08-19,1.8270548577980292,1.230357268098724,1.7388922764798924,1.2249733023528377,8.535475506567517
2019-08-20,1.8221896198205758,1.222933298809055,1.734845785353825,1.223842085968193,8.497689521326832
2019-08-21,1.8258053709360658,1.2369207136242406,1.7378396701768526,1.2252309345576349,8.594145993530455
2019-08-22,1.8281172737951783,1.236585338116326,1.7387453681729348,1.225338310159355,8.584093539634372
2019-08-23,1.823642178159225,1.2040589749830926,1.734662002119304,1.223287336612929,8.338670474392213
2019-08-26,1.823853305737092,1.2139646725331956,1.7347363323271432,1.2239233423275306,8.44428427801445
2019-08-27,1.821062086231421,1.2108169063169623,1.7340481416742712,1.2225357988276964,8.415374015703534
2019-08-28,1.8235200971622472,1.2173415110704158,1.7357991483903221,1.222951446354489,8.451681483533427
2019-08-29,1.825457246460597,1.2278851346319106,1.7363186615780584,1.2233401668655883,8.563869518217972
2019-08-30,1.8271360092906328,1.2190325496191363,1.7363186615780584,1.2237989635990683,8.56310639806986
2019-09-03,1.8267323612330573,1.1902778986011013,1.7363186615780584,1.223528603827268,8.460667354192015
2019-09-04,1.8267323612330573,1.2044668180536813,1.7363186615780584,1.223528603827268,8.574392791260665
2019-09-05,1.8267323612330573,1.2215033092147825,1.7363186615780584,1.223528603827268,8.721878261899684
2019-09-06,1.8267323612330573,1.2136799077647253,1.7363186615780584,1.223528603827268,8.696181883206245
2019-09-09,1.8267323612330573,1.194015642364867,1.7363186615780584,1.223528603827268,8.623341166282016
2019-09-10,1.8355216409340993,1.181670254856203,1.7446729178942093,1.223528603827268,8.631955552446271
2019-09-11,1.818894099468065,1.1840648347065728,1.728868352783122,1.223528603827268,8.69347543597275
2019-09-12,1.8196716073545782,1.1830410254726307,1.7296073780949448,1.223528603827268,8.693756988700489
2019-09-13,1.8128096026948397,1.175888838538712,1.72308500678353,1.223528603827268,8.669058897978756
2019-09-16,1.8151690101575442,1.177418546099092,1.7253276359144853,1.223528603827268,8.67194085663483
2019-09-17,1.8216670321326647,1.1978512377814765,1.731504039780857,1.223528603827268,8.73596793755794
2019-09-18,1.8240232587741882,1.1935680410908982,1.733743645524647,1.223528603827268,8.722864922492642
2019-09-19,1.8212143643121705,1.1966153099891275,1.7310737766504172,1.223528603827268,8.723042005130571
2019-09-20,1.8232037784431383,1.1884385754952356,1.7329647251848126,1.223528603827268,8.667800835412166
2019-09-23,1.8212016188838749,1.188193692839989,1.7310616620541746,1.223528603827268,8.675242474506812
2019-09-24,1.8164368311936632,1.15336636397664,1.7265327064389209,1.223528603827268,8.531762408858816
2019-09-25,1.8210183404070075,1.164504163550121,1.7308874549035245,1.225655210067527,8.60258337515462
2019-09-26,1.8202153941798926,1.154291083353558,1.7301242503159395,1.2251714685121786,8.565796366497407
2019-09-27,1.8123011173303052,1.1221459372134022,1.7226016887856024,1.2228821577265927,8.421574201821505
2019-09-30,1.8256822938997557,1.137754201915548,1.7335841433989265,1.2255213430586236,8.498751149716853
2019-10-01,1.8229370518843964,1.1168549959868204,1.7312122783140205,1.2260147762757927,8.404183449624522
2019-10-02,1.8199069298665995,1.1063470802409636,1.7294528771357354,1.2237809002094895,8.281906918215165
2019-10-03,1.8436467175748819,1.125625535563047,1.7479268215348192,1.226672140901591,8.404498188289669
2019-10-04,1.846727768220951,1.141699761529992,1.7499403567041085,1.2273090483534703,8.518473930886538
2019-10-07,1.848204602508156,1.1470901654697725,1.7505248399667839,1.2278806079925009,8.497196437913514
2019-10-08,1.8375611866599437,1.1193384898491323,1.7414001677557862,1.2242127214935195,8.319987074077826
2019-10-09,1.8395315773417085,1.1233956569617698,1.7432674463469315,1.2247955242616033,8.406621367288432
2019-10-10,1.839559367206222,1.1226025241005408,1.7432937819460275,1.2247955242616033,8.449908376030903
2019-10-11,1.8394875977502938,1.1399844147071132,1.7432257682420482,1.2247955242616033,8.591117819609382
2019-10-14,1.8387786210299764,1.1350473831636099,1.7425538928298667,1.2247955242616033,8.595387602927785
2019-10-15,1.8391811753087501,1.1524034135895034,1.742935381127332,1.2247955242616033,8.68753496386716
2019-10-16,1.8347584526270415,1.134384853501782,1.7387441029942408,1.2247955242616033,8.60721943196134
2019-10-17,1.8333211074960014,1.1352125912541997,1.7378964316734717,1.2244331340114807,8.638081735987965
2019-10-18,1.8331965163251829,1.1212513680031866,1.7365752898068636,1.2252807315611738,8.555699735573643
2019-10-21,1.8321782460254106,1.1360054342553718,1.7361679446689589,1.2248875468988993,8.63293213725334
2019-10-22,1.8226295731842248,1.1182535109635006,1.731192007572046,1.2220144449758892,8.593929103833476
2019-10-23,1.8247445949561187,1.1150534720488423,1.7285846700404317,1.2259696874516337,8.593841742624468
2019-10-24,1.8458267851250407,1.141413696521119,1.7368899842504062,1.2366733352757804,8.764515772909778
2019-10-25,1.8415041629003368,1.146339681543165,1.7366626440804809,1.2329136713337272,8.823984986557283
2019-10-28,1.8513801354323118,1.1606172820514487,1.744830796598023,1.236748497206744,8.90574913098805
2019-10-29,1.852019790952649,1.1583154826401327,1.7454336391098,1.2357544162548775,8.86857605752794
2019-10-30,1.8583924741299007,1.1451556133162262,1.7514395660676554,1.2361763902273437,8.898487489937565
2019-10-31,1.8566658426661795,1.13594466136889,1.7498123044941847,1.2361763902273437,8.85988737125626
2019-11-01,1.85719155482251,1.1419232162947643,1.750307761231003,1.2361763902273437,8.946593425783421
2019-11-04,1.85719155482251,1.142936124480975,1.750307761231003,1.2361763902273437,9.00234227559407
2019-11-05,1.85719155482251,1.1410033019674113,1.750307761231003,1.2361763902273437,8.998224295597636
2019-11-06,1.8581746309481,1.1339647502792194,1.7512342600447806,1.2361763902273437,8.956120075699781
2019-11-07,1.8570103270010825,1.1313300490746643,1.750136963306808,1.2361763902273437,9.000114422458593
2019-11-08,1.854825853794004,1.1338090959773999,1.7509085632344856,1.2341772229131616,9.0578047970442
2019-11-11,1.8566963167950796,1.1380853906389254,1.7518892415640495,1.2347305461466302,9.059259014460777
2019-11-12,1.856704575237257,1.1421887983312833,1.752830242134522,1.2340728214633727,9.10229567565091
2019-11-13,1.8546575670746284,1.1494793138703485,1.7516803403644137,1.2335218454601096,9.12922063238003
2019-11-14,1.8558364243194,1.149637822213111,1.7524894012010084,1.2337361611312894,9.13304876132017
2019-11-15,1.8572712709713668,1.1636942030279023,1.753498301346074,1.2339797724381911,9.238809506714835
2019-11-18,1.8572712709713668,1.160001121258396,1.753498301346074,1.2339797724381911,9.221404707204876
2019-11-19,1.8572712709713668,1.1593632350761847,1.753498301346074,1.2339797724381911,9.240480789794919
2019-11-20,1.8572712709713668,1.1385095929135733,1.753498301346074,1.2339797724381911,9.177554973716056
2019-11-21,1.854181526566722,1.1370603586101553,1.7505811929786441,1.2339797724381911,9.153789431860018
2019-11-22,1.8612565435766435,1.1422607390853812,1.7572609012704776,1.2339797724381911,9.184597648696434
2019-11-25,1.8681835464461232,1.1562427692521078,1.7638008655475856,1.2339797724381911,9.333545629706817
2019-11-26,1.8693601109453295,1.1626849651182138,1.7649116908120628,1.2339797724381911,9.335779597807262
2019-11-27,1.8650285996778941,1.1676906456776042,1.7608221979262246,1.2339797724381911,9.398829931751688
2019-11-29,1.8629401590977877,1.158351037978104,1.7588504466441603,1.2339797724381911,9.349452472485387
2019-12-02,1.86091345508836,1.1454642512970934,1.7569369824704513,1.2339797724381911,9.213880071701567
2019-12-03,1.8600606840788332,1.140004458801691,1.7561318590940151,1.2339797724381911,9.190502710188492
2019-12-04,1.86070063790458,1.155442702224297,1.7567360562104657,1.2339797724381911,9.240491831452841
2019-12-05,1.8622059382498448,1.155236294854388,1.7581572495706888,1.2339797724381911,9.229668736174105
2019-12-06,1.863529946082384,1.1697364045605256,1.759551378002953,1.2338786358078262,9.29217221816905
2019-12-09,1.8646272011920009,1.1660839896583874,1.7604670153355018,1.2339630621365358,9.261290066809403
2019-12-10,1.8634013751745255,1.1644901590158958,1.7589086677360493,1.2342441331451448,9.248646251152095
2019-12-11,1.8637307928248954,1.17635166066375,1.7588606334388246,1.2344960326583627,9.295827592404928
2019-12-12,1.8641650819838824,1.1857268858935586,1.7587782160018834,1.2348415431907254,9.367066093425425
2019-12-13,1.8641650819838824,1.1901482889848238,1.7587782160018834,1.2348415431907254,9.387341609742176
2019-12-16,1.8641650819838824,1.2046453468546436,1.7587782160018834,1.2348415431907254,9.495399233219873
2019-12-17,1.8641650819838824,1.206505717793778,1.7587782160018834,1.2348415431907254,9.494202961540717
2019-12-18,1.8641650819838824,1.2057010825297427,1.7587782160018834,1.2348415431907254,9.511082620373648
2019-12-19,1.8641650819838824,1.2144764179210648,1.7587782160018834,1.2348415431907254,9.577095011467618
2019-12-20,1.8641650819838824,1.2239261384823799,1.7587782160018834,1.2348415431907254,9.6465595764125
2019-12-23,1.8641650819838824,1.2213182283518438,1.7587782160018834,1.2348415431907254,9.649584359303114
2019-12-24,1.8641650819838824,1.2208538364316233,1.7587782160018834,1.2348415431907254,9.667396521116892
2019-12-26,1.8641650819838824,1.2240373760932024,1.7587782160018834,1.2348415431907254,9.707345125837943
2019-12-27,1.8641650819838824,1.223097433038234,1.7587782160018834,1.2348415431907254,9.689763079807888
2019-12-30,1.8641650819838824,1.2131389970363318,1.7587782160018834,1.2348415431907254,9.612674938265586
2019-12-31,1.8641650819838824,1.2154236741425137,1.7587782160018834,1.2348415431907254,9.64878045163999
2020-01-02,1.8641650819838824,1.235949658179136,1.7587782160018834,1.2348415431907254,9.786960231534673
2020-01-03,1.8641650819838824,1.2271283353890374,1.7587782160018834,1.2348415431907254,9.723097423534949
2020-01-06,1.8641650819838824,1.2332491693483605,1.7587782160018834,1.2348415431907254,9.75172922156506
2020-01-07,1.8641650819838824,1.233404715116543,1.7587782160018834,1.2348415431907254,9.791391293925631
2020-01-08,1.8641650819838824,1.2416382643544122,1.7587782160018834,1.2348415431907254,9.854974999431972
2020-01-09,1.8641650819838824,1.2459172313250606,1.7587782160018834,1.2348415431907254,9.928528529757157
2020-01-10,1.8641650819838824,1.235830756114024,1.7587782160018834,1.2348415431907254,9.902426753106184
2020-01-13,1.8641650819838824,1.2444600719637187,1.7587782160018834,1.2348415431907254,10.018922698516118
2020-01-14,1.8641650819838824,1.2460289245542846,1.7587782160018834,1.2348415431907254,10.001201626836888
2020-01-15,1.8641650819838824,1.2412656090839955,1.7587782160018834,1.2348415431907254,10.001331349005756
2020-01-16,1.8641650819838824,1.2552848371372942,1.7587782160018834,1.2348415431907254,10.097312228904924
2020-01-17,1.8641650819838824,1.2580321514578188,1.7587782160018834,1.2348415431907254,10.118859397367734
2020-01-21,1.8641650819838824,1.2489762395049113,1.7587782160018834,1.2348415431907254,10.087733261485887
2020-01-22,1.8671041648872215,1.2566906418210482,1.761551143697705,1.2348415431907254,10.124594944940624
2020-01-23,1.8662382110696654,1.260982086703935,1.7607341448572584,1.2348415431907254,10.14561814617461
2020-01-24,1.8671454424977691,1.2472910712954113,1.7615900877606214,1.2348415431907254,10.049687766870775
2020-01-27,1.8667608175399697,1.2232710242054106,1.7612272068099772,1.2348415431907254,9.848088269239259
2020-01-28,1.866039444424458,1.2390855428474439,1.7605466150890867,1.2348415431907254,9.982666264002527
2020-01-29,1.8609276709942941,1.22494511143116,1.755723825604938,1.2348415431907254,9.925602682110636
2020-01-30,1.8631024209290832,1.2192889012456845,1.75586302460654,1.2361867234669688,9.975207720875835
2020-01-31,1.848007659223824,1.1931866189864024,1.7421782408726418,1.235805749857915,9.775493180058659
2020-02-03,1.8495263214351905,1.2076567434815897,1.7431697351313014,1.2361180029582635,9.910324116609916
2020-02-04,1.8608673301429846,1.2486576280873365,1.7530617997850386,1.2366830176535712,10.156279125463364
2020-02-05,1.882080754054626,1.2815808576603507,1.7726492414586366,1.2393314384946068,10.223728123854663
2020-02-06,1.876277957691696,1.2884117098954102,1.766958390255183,1.2387858951051383,10.286752222980992
2020-02-07,1.8690832682597822,1.265273546634845,1.7601828926244163,1.237423292566247,10.214973903142242
2020-02-10,1.8675474640368848,1.2775895165741236,1.758736570587581,1.2376955866518018,10.31071982560107
2020-02-11,1.868484187437071,1.2929301021968629,1.759618716681406,1.2402866688129237,10.376568610607904
2020-02-12,1.8715044957998606,1.3104649763167686,1.7624630496230742,1.2412119572382077,10.461169480337498
2020-02-13,1.871774607942903,1.3146665544787028,1.762717423936593,1.2412119572382077,10.481585158723428
2020-02-14,1.869197258677977,1.3126695232437116,1.763404036596464,1.2390193881651634,10.516878555455566
2020-02-18,1.8708599901077891,1.30617147784243,1.7634965949365036,1.240056515046244,10.527509130060855
2020-02-19,1.8733631180823536,1.3227189282926828,1.7659205820277346,1.2400111552636965,10.69556636480518
2020-02-20,1.8744640861522928,1.3115385017221493,1.7666028120992132,1.2402608500035337,10.627675751782432
2020-02-21,1.8730444561354096,1.2818344703912201,1.7657802651462111,1.2398990125425653,10.438762181036932
2020-02-24,1.86984121769048,1.2311172552009537,1.7649390949224077,1.2383692197156078,10.080492792388156
2020-02-25,1.8596165986278634,1.187110666532273,1.7653364684813393,1.231318782975553,9.81131415472656
2020-02-26,1.832207584887135,1.1864218889312605,1.7574870139743175,1.218645272253122,9.832061717756414
2020-02-27,1.7889207720743918,1.1456606313443831,1.737143536011101,1.203960384688245,9.444967754108626
2020-02-28,1.7979805634557702,1.1457087083303166,1.7592398220649568,1.2154188756685351,9.458125134393443
2020-03-02,1.8692965845778018,1.190994788031015,1.8374547478084995,1.2325305516752967,9.852203291829776
2020-03-03,1.813274095166441,1.152829546733673,1.7808072755546842,1.2177385049982965,9.580552069141824
2020-03-04,1.8605973214606464,1.1990111712598177,1.8358752196886488,1.2311630747449687,9.95922676380954
2020-03-05,1.8207415403499534,1.1596372228902039,1.8051792057927554,1.2120768992733568,9.724818883923234
2020-03-06,1.7955662959263965,1.1343604256719542,1.7859100192137507,1.1964689434985099,9.525095739531979
2020-03-09,1.6989047915736226,1.0407449921882344,1.7673393446054277,1.1491523079835348,8.770553223460462
2020-03-10,1.7613427194855997,1.107081908789194,1.8099620242397385,1.1731507762153863,9.182498410556606
2020-03-11,1.6541406951792028,1.0510902253274292,1.7171361960046865,1.1403264024037765,8.723510356437668
2020-03-12,1.5069391847784033,0.9363532869082215,1.5528114204596284,1.1056170119025774,7.899643201729942
2020-03-13,1.6455106096739192,1.02026082395432,1.688787765207027,1.156826390519825,8.540375537444726
2020-03-16,1.4160232549031568,0.8813799872882517,1.4472165089433582,1.0699529485396952,7.520051933217326
2020-03-17,1.4813225913270007,0.9416013574009325,1.5270478480113028,1.0870988241278041,7.9711705427038115
2020-03-18,1.346392309114264,0.8647006000957561,1.3913504863195594,1.0304694269295935,7.470423490793114
2020-03-19,1.4651852982555853,0.8878928144421752,1.4994222975825167,1.0649249167556576,7.715106363701544
2020-03-20,1.4730632128184953,0.8687497678185739,1.4873412400871766,1.0624902131715772,7.513177871490913
2020-03-23,1.4667885517150165,0.8751586120051371,1.4777996763481362,1.0566805148914395,7.556421990097758
2020-03-24,1.6634137047663,0.949380148828677,1.6290243983718906,1.1252569390097023,8.28941816668514
2020-03-25,1.7383290939656995,0.9458830424079123,1.674887008671022,1.1465048631341064,8.3454634334714
2020-03-26,1.8266216500428052,0.9964095780925196,1.7254195263004013,1.1700584063122876,8.786171086987236
2020-03-27,1.7649873851739506,0.9671662358188727,1.680225858335108,1.1596773272627665,8.449640049110327
2020-03-30,1.7848146733736578,0.9999483410801423,1.6921856088905642,1.1583255381072228,8.69203648014692
2020-03-31,1.7839095079420157,0.9809071825677229,1.6876601406968028,1.165063430984301,8.574897573612375
2020-04-01,1.7804264588470533,0.9412527934901924,1.6876601406968028,1.1627886669837744,8.183480450989604
2020-04-02,1.7804264588470533,0.9547095987637187,1.6876601406968028,1.1627886669837744,8.343934807102888
2020-04-03,1.7730787711810838,0.9423200156762983,1.6876601406968028,1.1579899245790708,8.23901086582466
2020-04-06,1.7903503858901766,1.0099345683187961,1.6876601406968028,1.1692699399621542,8.897709763721899
2020-04-07,1.7944464535021765,1.0049494167405022,1.6876601406968028,1.1719450636521924,8.883618243646682
2020-04-08,1.8050327774800345,1.034322094783083,1.6876601406968028,1.1788589451468785,9.178645579762044
2020-04-09,1.8036986159546675,1.0371926101914262,1.6876601406968028,1.177987610139519,9.207269294627187
2020-04-13,1.8039308181790392,1.0481543633845338,1.6876601406968028,1.1781392603880345,9.229191930179297
2020-04-14,1.8039308181790392,1.0927600561416844,1.6876601406968028,1.1781392603880345,9.604969488238664
2020-04-15,1.8039308181790392,1.0890610485814087,1.6876601406968028,1.1781392603880345,9.466704022796968
2020-04-16,1.8039308181790392,1.1161057306649593,1.6876601406968028,1.1781392603880345,9.596909236370843
2020-04-17,1.8039308181790392,1.1468803714687799,1.6876601406968028,1.1781392603880345,9.810153467144577
2020-04-20,1.8039308181790392,1.1422179792468534,1.6876601406968028,1.1781392603880345,9.716778222744955
2020-04-21,1.8039308181790392,1.0933572731621681,1.6876601406968028,1.1781392603880345,9.341194975876395
2020-04-22,1.8039308181790392,1.124807996656695,1.6876601406968028,1.1781392603880345,9.671720579525495
2020-04-23,1.8039308181790392,1.1174543947898787,1.6876601406968028,1.1781392603880345,9.66225080880639
2020-04-24,1.8039308181790392,1.1293754418427209,1.6876601406968028,1.1781392603880345,9.811448736822689
2020-04-27,1.8039308181790392,1.1480873357488763,1.6876601406968028,1.1781392603880345,9.963207806624961
2020-04-28,1.8039308181790392,1.1336135065481612,1.6876601406968028,1.1781392603880345,9.899322766002099
2020-04-29,1.8039308181790392,1.151667225166459,1.6876601406968028,1.1781392603880345,10.22029057717861
2020-04-30,1.8039308181790392,1.1404083556238007,1.6876601406968028,1.1781392603880345,10.049902673072966
2020-05-01,1.8039308181790392,1.1198681859618853,1.6876601406968028,1.1781392603880345,9.75789923566646
2020-05-04,1.8039308181790392,1.133085403668054,1.6876601406968028,1.1781392603880345,9.878641877808922
2020-05-05,1.8039308181790392,1.1497511254455333,1.6876601406968028,1.1781392603880345,9.999883005926517
2020-05-06,1.8039308181790392,1.1562407153745347,1.6876601406968028,1.1781392603880345,10.075419273473857
2020-05-07,1.8039308181790392,1.1809008856266252,1.6876601406968028,1.1781392603880345,10.290810711564273
2020-05-08,1.8039308181790392,1.2004676229951212,1.6876601406968028,1.1781392603880345,10.496067970368133
2020-05-11,1.8039308181790392,1.2074018086725757,1.6876601406968028,1.1781392603880345,10.54785108452355
2020-05-12,1.8039308181790392,1.182433900405044,1.6876601406968028,1.1781392603880345,10.337620596736466
2020-05-13,1.8039308181790392,1.1657233704694774,1.6876601406968028,1.1781392603880345,10.167475403047181
2020-05-14,1.8039308181790392,1.183707621908406,1.6876601406968028,1.1781392603880345,10.313979325537138
2020-05-15,1.8039308181790392,1.1931727454102925,1.6876601406968028,1.1781392603880345,10.346906507882242
2020-05-18,1.8039308181790392,1.202038485038108,1.6876601406968028,1.1781392603880345,10.70922209310549
2020-05-19,1.8039308181790392,1.1943443466104429,1.6876601406968028,1.1781392603880345,10.630066604105375
2020-05-20,1.8039308181790392,1.206225989619255,1.6876601406968028,1.1781392603880345,10.845997542162214
2020-05-21,1.8039308181790392,1.198014029287543,1.6876601406968028,1.1781392603880345,10.716210035405702
2020-05-22,1.8039308181790392,1.2059100584225089,1.6876601406968028,1.1781392603880345,10.797759306825139
2020-05-26,1.8039308181790392,1.193578551067122,1.6876601406968028,1.1781392603880345,10.820609752420287
2020-05-27,1.8039308181790392,1.2007534331124883,1.6876601406968028,1.1781392603880345,10.915465205535936
2020-05-28,1.8039308181790392,1.2154773440912188,1.6876601406968028,1.1781392603880345,10.909995158836967
2020-05-29,1.8039308181790392,1.2730600618505203,1.6876601406968028,1.1781392603880345,11.185680263223606
2020-06-01,1.8039308181790392,1.2817492618515358,1.6876601406968028,1.1781392603880345,11.265864239891526
2020-06-02,1.8039308181790392,1.28130899289043,1.6876601406968028,1.1781392603880345,11.34667105934141
2020-06-03,1.8039308181790392,1.287407230838845,1.6876601406968028,1.1781392603880345,11.527422512978186
2020-06-04,1.8039308181790392,1.2699441502015372,1.6876601406968028,1.1781392603880345,11.442893776439684
2020-06-05,1.8039308181790392,1.2927881609616356,1.6876601406968028,1.1781392603880345,11.70016107212305
2020-06-08,1.8039308181790392,1.294706821649225,1.6876601406968028,1.1781392603880345,11.793585114663674
2020-06-09,1.8039308181790392,1.2969109000680852,1.6876601406968028,1.1781392603880345,11.72451760393012
2020-06-10,1.8039308181790392,1.3007750613275282,1.6876601406968028,1.1781392603880345,11.74965536692358
2020-06-11,1.8039308181790392,1.2540435210998746,1.6876601406968028,1.1781392603880345,11.144453453728202
2020-06-12,1.8039308181790392,1.2586300316327967,1.6876601406968028,1.1781392603880345,11.253507606862104
2020-06-15,1.8039308181790392,1.2761875445900446,1.6876601406968028,1.1781392603880345,11.453121767352753
2020-06-16,1.8039308181790392,1.297665893080116,1.6876601406968028,1.1781392603880345,11.641552769641105
2020-06-17,1.8039308181790392,1.2805267532950353,1.6876601406968028,1.1781392603880345,11.624006096485402
2020-06-18,1.8039308181790392,1.2876784262677143,1.6876601406968028,1.1781392603880345,11.674359286207764
2020-06-19,1.8070731812396554,1.2961123264717265,1.6905999656787571,1.1781392603880345,11.658138398978055
2020-06-22,1.8048360141538955,1.3042878622687388,1.6885069931098162,1.1781392603880345,11.724440217905771
2020-06-23,1.8061676667347306,1.3076269592319512,1.6897528152662336,1.1781392603880345,11.75803497610562
2020-06-24,1.8044334946226022,1.2773705498009758,1.6881304175992866,1.1781392603880345,11.486669801824384
2020-06-25,1.8042928650003405,1.2821187466689536,1.6879988521280942,1.1781392603880345,11.593396441655932
2020-06-26,1.8042924149680795,1.2552152596002915,1.6879984311022425,1.1781392603880345,11.37346399272566
2020-06-29,1.8042924149680795,1.2735093603112588,1.6879984311022425,1.1781392603880345,11.514582555877737
2020-06-30,1.8042924149680795,1.288303874170712,1.6879984311022425,1.1781392603880345,11.72652567373366
2020-07-01,1.8042924149680795,1.3051528057712036,1.6879984311022425,1.1781392603880345,11.781487654155253
2020-07-02,1.8042924149680795,1.3114041682174278,1.6879984311022425,1.1781392603880345,11.885894098774285
2020-07-06,1.8042924149680795,1.3300699179673594,1.6879984311022425,1.1781392603880345,12.081151846409147
2020-07-07,1.8042924149680795,1.3216524343009635,1.6879984311022425,1.1781392603880345,11.98872237850327
2020-07-08,1.8042924149680795,1.3351577776939028,1.6879984311022425,1.1781392603880345,12.147504294531013
2020-07-09,1.8042924149680795,1.3406176250075101,1.6879984311022425,1.1781392603880345,12.18611674229952
2020-07-10,1.8042924149680795,1.3423370153774665,1.6879984311022425,1.1781392603880345,12.238670482584753
2020-07-13,1.8042924149680795,1.3176790934568365,1.6879984311022425,1.1781392603880345,11.998844146224384
2020-07-14,1.8042924149680795,1.3308499973819319,1.6879984311022425,1.1781392603880345,12.152632818511988
2020-07-15,1.8042924149680795,1.3459155348558964,1.6879984311022425,1.1781392603880345,12.249031571815863
2020-07-16,1.8042924149680795,1.3359309239445507,1.6879984311022425,1.1781392603880345,12.18744659992267
2020-07-17,1.8042924149680795,1.3486568933142404,1.6879984311022425,1.1781392603880345,12.311692822922245
2020-07-20,1.8042924149680795,1.3921130086771867,1.6879984311022425,1.1781392603880345,12.518014926734356
2020-07-21,1.8042924149680795,1.3796729809017936,1.6879984311022425,1.1781392603880345,12.469047878709786
2020-07-22,1.8042924149680795,1.3816102946157867,1.6879984311022425,1.1781392603880345,12.524021710309919
2020-07-23,1.8042924149680795,1.3565752991903257,1.6879984311022425,1.1781392603880345,12.313945838894346
2020-07-24,1.8042924149680795,1.33570512440454,1.6879984311022425,1.1781392603880345,12.17698107910174
2020-07-27,1.801666212873275,1.3610876985179179,1.685541498412723,1.1781392603880345,12.415119717826698
2020-07-28,1.8010665174614187,1.349205911536061,1.6849804558090105,1.1781392603880345,12.267813275452209
2020-07-29,1.7989267388258976,1.3534636839551384,1.6829785946086298,1.1781392603880345,12.422119008429666
2020-07-30,1.7987770379038046,1.3445828628579548,1.6828385425197716,1.1781392603880345,12.441173048232509
2020-07-31,1.7977401163919042,1.3445222484216404,1.68186845481628,1.1781392603880345,12.474182829371498
2020-08-03,1.8023177702624202,1.3614188246712604,1.6861510602783756,1.1781392603880345,12.619405474990305
2020-08-04,1.804326553564108,1.3664539203959079,1.688030369326922,1.1781392603880345,12.709241771587726
2020-08-05,1.8002483160738714,1.3626979800878536,1.6842149908283632,1.1781392603880345,12.769141329089402
2020-08-06,1.8011322753166228,1.364257894386457,1.685041975303022,1.1781392603880345,12.766419371268254
2020-08-07,1.801096147309385,1.359816837297407,1.6850081758927764,1.1781392603880345,12.701217613293625
2020-08-10,1.8029258343233634,1.347176551261389,1.6867199321377075,1.1781392603880345,12.652351672879828
2020-08-11,1.8010393826786368,1.3293695186202834,1.684955069973331,1.1781392603880345,12.476979468192924
2020-08-12,1.8029080641808894,1.3604754675388206,1.6867033073531839,1.1781392603880345,12.735415882566029
2020-08-13,1.8017535311532835,1.3703912675093017,1.685623188674478,1.1781392603880345,12.735069345389036
2020-08-14,1.802365747251743,1.3639071761818864,1.6861959449556227,1.1781392603880345,12.707084965061265
2020-08-17,1.8027262200638692,1.393209468049652,1.6865331838290316,1.1781392603880345,12.862008236424103
2020-08-18,1.8027262200638692,1.398140544856628,1.6865331838290316,1.1781392603880345,12.88943562709098
2020-08-19,1.8027262200638692,1.3863326393744722,1.6865331838290316,1.1781392603880345,12.833224669849935
2020-08-20,1.8029686554248738,1.3976613150978432,1.68675999324508,1.1781392603880345,12.878302294420623
2020-08-21,1.8031380424660768,1.3846708251468958,1.686918462602612,1.1781392603880345,12.845994993934045
2020-08-24,1.8048933500045308,1.3829760596475076,1.6885606334317038,1.1781392603880345,12.948148439233181
2020-08-25,1.8076158196281997,1.4018277317776644,1.6911076288163505,1.1781392603880345,13.07008992282472
2020-08-26,1.8067194898992105,1.4218451404264398,1.6902690711836008,1.1781392603880345,13.213362267664857
2020-08-27,1.8059773925403186,1.4093601760971872,1.6895748050174613,1.1781392603880345,13.143848255435053
2020-08-28,1.8059322343741524,1.4086030675331431,1.6895325574787543,1.1781392603880345,13.272804146907735
2020-08-31,1.8059322343741524,1.4061964478031423,1.6895325574787543,1.1781392603880345,13.29424195815899
2020-09-01,1.8059322343741524,1.4047999950582322,1.6895325574787543,1.1781392603880345,13.490382031836207
2020-09-02,1.8059322343741524,1.4409049398517872,1.6895325574787543,1.1781392603880345,13.711355958704093
2020-09-03,1.8059322343741524,1.3794576759219757,1.6895325574787543,1.1781392603880345,13.109284866536237
2020-09-04,1.8050542509162326,1.3600989507911692,1.6887111636252925,1.1781392603880345,12.952373182103699
2020-09-08,1.8032412448950983,1.3067998251368111,1.687015013215378,1.1781392603880345,12.500646333598457
2020-09-09,1.8054890087788573,1.3266751429611359,1.6891178995755918,1.1781392603880345,12.761948054572297
2020-09-10,1.796824233385097,1.3022625571418056,1.6810116041939867,1.1781392603880345,12.551647729029225
2020-09-11,1.799172449519922,1.300237428187937,1.6832084682491646,1.1770742971590162,12.538376622724748
2020-09-14,1.813232552163076,1.3201745677479666,1.6963623400971493,1.1799355337235173,12.783071697487184
2020-09-15,1.8160436082137448,1.3249444338530683,1.698992212153311,1.1788718487691268,12.914160350368387
2020-09-16,1.8207773481621607,1.3112230011020611,1.6978788695231606,1.183529357046043,12.818574518742306
2020-09-17,1.8207980466110132,1.2856131275218732,1.6956281529260586,1.1851117036600367,12.670391310974534
2020-09-18,1.8131722100883048,1.2783960635617917,1.6885767327024264,1.1845559849124885,12.562693901624858
2020-09-21,1.7996355818999945,1.2816464106200578,1.6801954797450869,1.1845559849124885,12.520880096072583
2020-09-22,1.8033804337406127,1.3067738735222572,1.6846644219774998,1.1846422964863617,12.68483550988716
2020-09-23,1.7981034182043447,1.2787351408516763,1.6820048597047372,1.1840661013860951,12.402324463252569
2020-09-24,1.8030481995740097,1.2854588313872934,1.6872010768520513,1.1862874788103568,12.423344179410556
2020-09-25,1.8074162600524128,1.304752776275905,1.691288486353726,1.190041101985791,12.652931642131694
2020-09-28,1.8147472109856158,1.3228099181863335,1.6981484185018358,1.1921985701804279,12.911755060540413
2020-09-29,1.8113946839697848,1.3179076572435011,1.6950320522711815,1.1918797187986265,12.875193630739725
2020-09-30,1.8141336093445732,1.328286788533389,1.6983110583839798,1.1918797187986265,12.943817591318636
2020-10-01,1.8158228720657403,1.3502807612801266,1.700002310664389,1.1918797187986265,13.133773157502734
2020-10-02,1.8144919913954647,1.316657069744985,1.698756318971315,1.1918797187986265,12.897412166497583
2020-10-05,1.8142832779978955,1.3332706862884478,1.6985609181623527,1.1918797187986265,13.176352739139183
2020-10-06,1.8154412752927296,1.313629859466211,1.6996450536841845,1.1918797187986265,13.033071673157053
2020-10-07,1.817692239961136,1.3356431932661035,1.7017524426792143,1.1918797187986265,13.293301470854086
2020-10-08,1.816003342233173,1.3429299190698136,1.7001712697111997,1.1918797187986265,13.407539442504726
2020-10-09,1.816687703263951,1.3603146165423416,1.7008119794145244,1.1918797187986265,13.582307961770185
2020-10-12,1.816687703263951,1.3846247160731089,1.7008119794145244,1.1918797187986265,13.809364893570196
2020-10-13,1.816687703263951,1.3988684432730847,1.7008119794145244,1.1918797187986265,13.846606315495935
2020-10-14,1.816687703263951,1.3911317309192544,1.7008119794145244,1.1918797187986265,13.747525033831089
2020-10-15,1.816687703263951,1.3637776525190182,1.7008119794145244,1.1918797187986265,13.65752281776617
2020-10-16,1.8167632408841805,1.3694491835140399,1.7008826989383876,1.1918797187986265,13.671563869619066
2020-10-19,1.8177754202064267,1.3483911355548013,1.7018303173504565,1.1918797187986265,13.496038887057141
2020-10-20,1.8153147332199102,1.3403995332815584,1.6995265829789752,1.1918797187986265,13.531410253423704
2020-10-21,1.8139778324823166,1.330693369945963,1.6982749552029397,1.1918797187986265,13.434599014189809
2020-10-22,1.813420027424228,1.3338261738398427,1.6977527292181045,1.1918797187986265,13.533854206315286
2020-10-23,1.813979377809146,1.340089794818285,1.6982764019625445,1.1918797187986265,13.591310301032902
2020-10-26,1.8120803460085748,1.3218620185969943,1.6964984981269553,1.1918797187986265,13.339421673290827
2020-10-27,1.8135694877902138,1.323960341711498,1.6978926563946133,1.1918797187986265,13.329183547016905
2020-10-28,1.8051034045797172,1.2811486922883017,1.6914348415760452,1.1908490306134185,12.907548085406422
2020-10-29,1.814337218052157,1.288349006523208,1.6947501713909154,1.1946065446658471,13.085298445030443
2020-10-30,1.8155736181686422,1.2763736331971767,1.6940129810134006,1.195940258034108,12.838194916945403
2020-11-02,1.8202451374299367,1.2745892406654455,1.6926619451589588,1.1999712492303996,12.950834887901175
2020-11-03,1.8339792661245395,1.2944712154788363,1.7023423714221286,1.2021625810237848,13.21219353599984
2020-11-04,1.850469084632472,1.3625467794229984,1.7199059081141266,1.200568516130202,13.684758818901868
2020-11-05,1.862092836395663,1.3895978876639286,1.730181765104426,1.2009369154100458,14.030464588839168
2020-11-06,1.862930684523865,1.382429442547321,1.7309602598846043,1.2009369154100458,14.15218288368554
2020-11-09,1.863317608401068,1.385373886260198,1.7313197739881634,1.2009369154100458,14.039700268315931
2020-11-10,1.8628624139651497,1.3698268828377276,1.730896825627475,1.2009369154100458,13.828219319665264
2020-11-11,1.8628624139651497,1.4100977330278566,1.730896825627475,1.2009369154100458,14.151504574458887
2020-11-12,1.8628624139651497,1.4026423011150648,1.730896825627475,1.2009369154100458,14.09671285275146
2020-11-13,1.8628624139651497,1.405967030153411,1.730896825627475,1.2009369154100458,14.309099926324164
2020-11-16,1.8628624139651497,1.407568413346422,1.730896825627475,1.2009369154100458,14.46004950679955
2020-11-17,1.8628624139651497,1.420042911431293,1.730896825627475,1.2009369154100458,14.444399445150063
2020-11-18,1.8628624139651497,1.4078275834075578,1.730896825627475,1.2009369154100458,14.314991044769585
2020-11-19,1.8628624139651497,1.414012824558529,1.730896825627475,1.2009369154100458,14.45894585315572
2020-11-20,1.863613004643567,1.4153586977323496,1.7315942442950474,1.2009369154100458,14.443084852587571
2020-11-23,1.8646522412021354,1.4161353725589774,1.732559861104328,1.2009369154100458,14.58551455484771
2020-11-24,1.8662282598133682,1.4180259271282722,1.7340242342061,1.2009369154100458,14.77567718234934
2020-11-25,1.8668333341928651,1.4232489822384442,1.7345864449817798,1.2009369154100458,14.7992104120459
2020-11-27,1.8663413173564392,1.4475680449573762,1.7341292827276378,1.2009369154100458,14.965644772395011
2020-11-30,1.8661847691075373,1.4490847474787332,1.7339838243915575,1.2009369154100458,14.992008527767398
2020-12-01,1.8661847691075373,1.4511758145412568,1.7339838243915575,1.2009369154100458,15.108062147497032
2020-12-02,1.8661847691075373,1.4502427149121113,1.7339838243915575,1.2009369154100458,15.106183702035752
2020-12-03,1.8661847691075373,1.471926719973927,1.7339838243915575,1.2009369154100458,15.259639099006206
2020-12-04,1.8661847691075373,1.4766240527715708,1.7339838243915575,1.2009369154100458,15.448143782679272
2020-12-07,1.8673154759995514,1.4721157345799192,1.7350344317554887,1.2009369154100458,15.475846548323561
2020-12-08,1.866516523506733,1.4795198151413693,1.7342920772352195,1.2009369154100458,15.561680315382695
2020-12-09,1.8658381855649047,1.4573880195405708,1.7336617929042826,1.2009369154100458,15.257168807726353
2020-12-10,1.865297456760651,1.4550130611776504,1.7331593694489638,1.2009369154100458,15.32447211245032
2020-12-11,1.865295552623267,1.4571999821608959,1.7331576002010962,1.2009369154100458,15.303867002108161
2020-12-14,1.869614112410328,1.4613031253459015,1.7371702322509295,1.2009369154100458,15.338548898090604
2020-12-15,1.8680093375684528,1.4724431228557662,1.735679140016299,1.2009369154100458,15.500179357748845
2020-12-16,1.8670179693587508,1.4768957025712472,1.7347580005513887,1.2009369154100458,15.5434402766305
2020-12-17,1.8688674428941014,1.4922032217408405,1.736476456969545,1.2009369154100458,15.699775859368376
2020-12-18,1.8695344275688088,1.4838034707333023,1.7370961923013326,1.2009369154100458,15.740309111482922
2020-12-21,1.8695344275688088,1.4803471746248429,1.7370961923013326,1.2009369154100458,15.652560211526911
2020-12-22,1.8695344275688088,1.4641621718399354,1.7370961923013326,1.2009369154100458,15.663494461176851
2020-12-23,1.870276244256769,1.4656437991225453,1.7377854585298862,1.2009369154100458,15.612271188178305
2020-12-24,1.869771033074881,1.4688511634727135,1.7373160366206533,1.2009369154100458,15.675833035119098
2020-12-28,1.8694761572109706,1.4656688318469755,1.7370420498286228,1.2009369154100458,15.614558826890445
2020-12-29,1.8693775646453268,1.4707913407337405,1.7369504415822896,1.2009369154100458,15.627690932194344
2020-12-30,1.8690815366914189,1.4754639720779252,1.7366753843145735,1.2009369154100458,15.714205831582976
2020-12-31,1.871646479080268,1.4776787223145285,1.7390586256132836,1.2009369154100458,15.776787872215602
2021-01-04,1.8775943813526252,1.4603769126361452,1.7445851771638363,1.2009369154100458,15.569461965697114
2021-01-05,1.8778160477418326,1.4608105777934433,1.7447911406566585,1.2009369154100458,15.754178596892286
2021-01-06,1.8735434389565644,1.4550109552229349,1.7408212044294158,1.2009369154100458,15.745457565516407
2021-01-07,1.8730239309876495,1.4714573694382038,1.7403384985207337,1.2009369154100458,16.060413283423006
2021-01-08,1.8749680437923866,1.4849378546119416,1.7421448899413532,1.2009369154100458,16.198094920599697
2021-01-11,1.8736796355473395,1.470490809773044,1.7409477528233641,1.2009369154100458,16.10635801258854
2021-01-12,1.8736796355473395,1.4722527086890012,1.7409477528233641,1.2009369154100458,16.157897468204418
2021-01-13,1.8736796355473395,1.4719382760601354,1.7409477528233641,1.2009369154100458,16.136419526174656
2021-01-14,1.8736796355473395,1.4579936161372948,1.7409477528233641,1.2009369154100458,16.19088814734491
2021-01-15,1.8749403660208006,1.4531705587632533,1.7409477528233641,1.201744981921117,16.07247585629174
2021-01-19,1.8785730003621581,1.4622524845786224,1.7409477528233641,1.20407332268864,16.310455340293277
2021-01-20,1.8813428038798075,1.4945712135270715,1.7409477528233641,1.2058486311403465,16.486951459252108
2021-01-21,1.8813428038798075,1.4948689905940353,1.7409477528233641,1.2058486311403465,16.532655317498257
2021-01-22,1.8813428038798075,1.4843566086358155,1.7409477528233641,1.2058486311403465,16.436968312243977
2021-01-25,1.8813428038798075,1.4857383429061544,1.7409477528233641,1.2058486311403465,16.495428460120497
2021-01-26,1.8813428038798075,1.481989081136476,1.7409477528233641,1.2058486311403465,16.38158562594893
2021-01-27,1.8813428038798075,1.4378943852217703,1.7409477528233641,1.2058486311403465,15.842621782525267
2021-01-28,1.8853313252391428,1.467768491980709,1.7446386311063133,1.2058486311403465,16.134951963562752
2021-01-29,1.8801490529344667,1.4349527041148393,1.7398430854435352,1.2058486311403465,15.859699123306047
2021-02-01,1.8837934878105518,1.4554879664210336,1.7432155546685733,1.2058486311403465,16.177608442462386
2021-02-02,1.8901482431785417,1.4887787850056444,1.7490960869430894,1.2058486311403465,16.480465710956366
2021-02-03,1.8880616761579614,1.4763481712121722,1.747165229813754,1.2058486311403465,16.37929374102216
2021-02-04,1.8883918189834974,1.492697982671296,1.7474707357582542,1.2058486311403465,16.64540985199817
2021-02-05,1.8883918189834974,1.4930545917882572,1.7474707357582542,1.2058486311403465,16.6800529594924
2021-02-08,1.8883918189834974,1.506998384438699,1.7474707357582542,1.2058486311403465,16.854648112715832
2021-02-09,1.8883918189834974,1.506783590445081,1.7474707357582542,1.2058486311403465,16.86557106894906
2021-02-10,1.8883918189834974,1.5073834669310089,1.7474707357582542,1.2058486311403465,16.89090275694551
2021-02-11,1.8883918189834974,1.5068851082791532,1.7474707357582542,1.2058486311403465,17.029036853502138
2021-02-12,1.8883918189834974,1.5073192523863794,1.7474707357582542,1.2058486311403465,17.164287488894445
2021-02-16,1.8883918189834974,1.4977767464782492,1.7474707357582542,1.2058486311403465,17.136318591406788
2021-02-17,1.8883918189834974,1.5046799406737272,1.7474707357582542,1.2058486311403465,17.06592388723394
2021-02-18,1.8883918189834974,1.5112747597794867,1.7474707357582542,1.2058486311403465,16.994219767296272
2021-02-19,1.8883918189834974,1.495879805038811,1.7474707357582542,1.2058486311403465,17.038081580192323
2021-02-22,1.8883918189834974,1.465381527339091,1.7474707357582542,1.2058486311403465,16.658575100898744
2021-02-23,1.8903997186541164,1.4711311727850342,1.7493287960821091,1.2058486311403465,16.597278039648295
2021-02-24,1.8884952944499092,1.4755816112182618,1.7475664893765477,1.2058486311403465,16.770616078708013
2021-02-25,1.8873813782307125,1.444230695531353,1.7465356990630307,1.2058486311403465,16.210458588889175
2021-02-26,1.883154902609762,1.441613401155528,1.7426246238355485,1.2058486311403465,16.32104405888904
2021-03-01,1.8940130960699053,1.4705814788654394,1.7526725255072555,1.2077868201058992,16.75090831329227
2021-03-02,1.891911860820236,1.455751899872945,1.7507280947642134,1.206525075197852,16.45181018878903
2021-03-03,1.883828038701686,1.4209127818798781,1.7432475272023151,1.2050497033191692,15.995192780917266
2021-03-04,1.8784982862196258,1.3981061985079613,1.738315507058186,1.204096988572776,15.638517369759457
2021-03-05,1.8859968549902144,1.413889762952311,1.7452544957547838,1.2047434958574577,15.931856525504438
2021-03-08,1.8673227825151761,1.3696025386034276,1.7279739743928961,1.2044702804632927,15.574705187724392
2021-03-09,1.9196458758469348,1.4309991753339162,1.776392461214563,1.2044702804632927,16.14911954056252
2021-03-10,1.9115178547905247,1.4256423898530453,1.7688709930568853,1.2044702804632927,16.113010049042945
2021-03-11,1.9666284020305773,1.4787249785454244,1.8198689202696046,1.2044702804632927,16.50461010226441
2021-03-12,1.9468341930318125,1.46045534403375,1.801551852479381,1.2044702804632927,16.397420040102986
2021-03-15,1.9522533235702821,1.4784101736954078,1.8065665808498559,1.2044702804632927,16.64242854973197
2021-03-16,1.9649409113909093,1.4710091356124821,1.81830735847928,1.2044702804632927,16.66009074336512
2021-03-17,1.9649409113909093,1.4735543585727775,1.81830735847928,1.2044702804632927,16.721924226136508
2021-03-18,1.9649409113909093,1.409102638440786,1.81830735847928,1.2044702804632927,16.200033855616457
2021-03-19,1.9649409113909093,1.4265578389022757,1.81830735847928,1.2044702804632927,16.33132078374387
2021-03-22,1.9649409113909093,1.4460195357318333,1.81830735847928,1.2044702804632927,16.56321982863041
2021-03-23,1.9649409113909093,1.4360183707607193,1.81830735847928,1.2044702804632927,16.366272350149718
2021-03-24,1.9649409113909093,1.3913953190132613,1.81830735847928,1.2044702804632927,16.13106119096905
2021-03-25,1.9649409113909093,1.3930209163029346,1.81830735847928,1.2044702804632927,16.176588387132945
2021-03-26,1.9649409113909093,1.4160990843060786,1.81830735847928,1.2044702804632927,16.56441238540219
2021-03-29,1.9649409113909093,1.3872653909478148,1.81830735847928,1.2044702804632927,16.436041330965338
2021-03-30,1.9649409113909093,1.3900955031231321,1.81830735847928,1.2044702804632927,16.395764299643385
2021-03-31,1.9649409113909093,1.4362543064673001,1.81830735847928,1.2044702804632927,16.624532746437033
2021-04-01,1.9649409113909093,1.4570398003390648,1.81830735847928,1.2044702804632927,16.922315228943827
2021-04-05,1.9649409113909093,1.456543843049904,1.81830735847928,1.2044702804632927,17.103127850122473
2021-04-06,1.9649409113909093,1.4818310462244095,1.81830735847928,1.2044702804632927,17.130132747308235
2021-04-07,1.9649409113909093,1.4682358001300013,1.81830735847928,1.2044702804632927,17.055171367729407
2021-04-08,1.9649409113909093,1.487726166968979,1.81830735847928,1.2044702804632927,17.213997021651092
2021-04-09,1.9649409113909093,1.4934549395544894,1.81830735847928,1.2044702804632927,17.26581563460835
2021-04-12,1.9649409113909093,1.4993704854832337,1.81830735847928,1.2044702804632927,17.23364232744749
2021-04-13,1.9649409113909093,1.5236318760500622,1.81830735847928,1.2044702804632927,17.365587549197798
2021-04-14,1.9649409113909093,1.5266313238958376,1.81830735847928,1.2044702804632927,17.250682975780286
2021-04-15,1.9649409113909093,1.5369575065330305,1.81830735847928,1.2044702804632927,17.47406318646581
2021-04-16,1.9649409113909093,1.5343414753893694,1.81830735847928,1.2044702804632927,17.50486688626392
2021-04-19,1.9649409113909093,1.5096903233188232,1.81830735847928,1.2044702804632927,17.305769392462953
2021-04-20,1.9649409113909093,1.4968527654315114,1.81830735847928,1.2044702804632927,17.150358041533668
2021-04-21,1.9671753694669099,1.5207534081838872,1.8203750703062627,1.2044702804632927,17.395315685288484
2021-04-22,1.9676819708929796,1.511880650155834,1.8208438666428337,1.2044702804632927,17.25602842874888
2021-04-23,1.9685092782451061,1.5250428757965753,1.8216094362522683,1.2044702804632927,17.471348537506632
2021-04-26,1.9677269945867173,1.5432504652828722,1.820885530447152,1.2044702804632927,17.57971719931812
2021-04-27,1.9707248384298262,1.5420946134619593,1.8236596604415436,1.2044702804632927,17.531886291753715
2021-04-28,1.970964431618792,1.5327727298373526,1.8238813740086093,1.2044702804632927,17.410111897831523
2021-04-29,1.970964431618792,1.5390981245184394,1.8238813740086093,1.2044702804632927,17.445981862789978
2021-04-30,1.970964431618792,1.5392141638817893,1.8238813740086093,1.2044702804632927,17.268471989323864
2021-05-03,1.970964431618792,1.534999104013743,1.8238813740086093,1.2044702804632927,17.265349490548434
2021-05-04,1.970964431618792,1.5107255816111311,1.8238813740086093,1.2044702804632927,17.01463420679025
2021-05-05,1.970964431618792,1.5030703862768144,1.8238813740086093,1.2044702804632927,16.986099427701113
2021-05-06,1.970964431618792,1.4947620850006151,1.8238813740086093,1.2044702804632927,17.026549155565235
2021-05-07,1.970964431618792,1.51812212575851,1.8238813740086093,1.2044702804632927,17.21904336162008
2021-05-10,1.970964431618792,1.459357996439646,1.8238813740086093,1.2044702804632927,16.79750287466183
2021-05-11,1.983787621988101,1.469250943576004,1.835747634857741,1.2044702804632927,16.825978951640945
2021-05-12,1.9781216177536023,1.4267710968896352,1.830504455720374,1.2044702804632927,16.37031316463711
2021-05-13,1.9660566195123412,1.4269025408072507,1.8193398069744757,1.2044702804632927,16.471552435930143
2021-05-14,1.9806737846050226,1.459863366335844,1.8328661673317015,1.2042112805107086,16.84567569523576
2021-05-17,1.9773096251962567,1.4481871301673936,1.829753058040427,1.2042642907589876,16.746584991443793
2021-05-18,1.9791239465809878,1.4478147445929324,1.8314319858419597,1.205614916714873,16.689686349498817
2021-05-19,1.9805003883933654,1.4507996393146378,1.8327057107979905,1.2063409778852103,16.74562996862404
2021-05-20,1.9911439647569955,1.477932081313974,1.8425550111562519,1.2090072948788788,17.09609676052164
2021-05-21,1.9905374862105432,1.4731125004393146,1.8419937910211417,1.209952325579572,17.047204618618647
2021-05-24,1.988850744295835,1.4900116708320295,1.8404329220822389,1.209952325579572,17.26320758407906
2021-05-25,1.990603899535894,1.486459238732697,1.8420552482575838,1.209952325579572,17.240873709002923
2021-05-26,1.990582166407184,1.5046206228702015,1.8420351369618055,1.209952325579572,17.342020558644705
2021-05-27,1.990582166407184,1.5003368381669722,1.8420351369618055,1.209952325579572,17.338080513044048
2021-05-28,1.9874654029603438,1.506792910481814,1.8391509617292703,1.209952325579572,17.411348818515055
2021-06-01,1.9888719141384714,1.505711484174558,1.8404525121271202,1.209952325579572,17.413404985386187
2021-06-02,1.987996960203361,1.502434172831578,1.839642851557014,1.209952325579572,17.44143887381079
2021-06-03,1.990583116227082,1.4872784146484663,1.842036015901472,1.209952325579572,17.270824949362463
2021-06-04,1.991810410408987,1.504498669944192,1.8431717233566123,1.209952325579572,17.51478817113757
2021-06-07,1.9916138692784586,1.5049896215871232,1.8429898490916854,1.209952325579572,17.60268520721752
2021-06-08,1.9916138692784586,1.5100053957462887,1.8429898490916854,1.209952325579572,17.60971998240102
2021-06-09,1.9916138692784586,1.5044075583232897,1.8429898490916854,1.209952325579572,17.57683763480364
2021-06-10,1.9916138692784586,1.5127133260387922,1.8429898490916854,1.209952325579572,17.780552306194807
2021-06-11,1.9916138692784586,1.5181150799675032,1.8429898490916854,1.209952325579572,17.82394706219364
2021-06-14,1.991126383666699,1.5197854184256316,1.8425387420533634,1.209952325579572,17.904946469849577
2021-06-15,1.9881468481736853,1.512040554558323,1.839781554149956,1.209952325579572,17.79299139009318
2021-06-16,1.9873682989801598,1.504160156025991,1.8390611041255718,1.209952325579572,17.71897262653129
2021-06-17,1.9878293904158386,1.5060385097593132,1.8394877866510189,1.209952325579572,17.875230384060732
2021-06-18,1.9870328104653951,1.4837748592847926,1.8387506514134595,1.209952325579572,17.668895458463968
2021-06-21,1.9898159420336783,1.5038448923522294,1.8413260920187666,1.209952325579572,17.82161917302603
2021-06-22,1.9893902853035113,1.50566545365198,1.8409321998868646,1.209952325579572,17.936406529537695
2021-06-23,1.9866895735412855,1.5020131580713316,1.8384330285164083,1.209952325579572,17.92423520783239
2021-06-24,1.992022832103229,1.5163007341722383,1.8433682930994995,1.209952325579572,18.11844586625601
2021-06-25,1.9945026229650875,1.52308070705971,1.845663029773497,1.209952325579572,18.1909726709162
2021-06-28,1.9960505430267061,1.524891985446898,1.8470954364286094,1.209952325579572,18.33418601744122
2021-06-29,1.9960505430267061,1.5203512799031815,1.8470954364286094,1.209952325579572,18.39728085292347
2021-06-30,1.9960505430267061,1.5293383198274266,1.8470954364286094,1.209952325579572,18.357246170014513
2021-07-01,1.9960505430267061,1.5362976510705713,1.8470954364286094,1.209952325579572,18.359219255019116
2021-07-02,1.9960505430267061,1.538778023521451,1.8470954364286094,1.209952325579572,18.474951819141353
2021-07-06,1.9960505430267061,1.5280522386150681,1.8470954364286094,1.209952325579572,18.430094028675562
2021-07-07,1.9960505430267061,1.5199728470455376,1.8470954364286094,1.209952325579572,18.412412590206884
2021-07-08,1.9960505430267061,1.4998652045412795,1.8470954364286094,1.209952325579572,18.27939322338744
2021-07-09,1.9960505430267061,1.5258232398998257,1.8470954364286094,1.209952325579572,18.475661211204972
2021-07-12,1.9960505430267061,1.5379081560591858,1.8470954364286094,1.209952325579572,18.518911139550458
2021-07-13,1.9960505430267061,1.5246225429612272,1.8470954364286094,1.209952325579572,18.47553679384634
2021-07-14,1.9960505430267061,1.5224072919468634,1.8470954364286094,1.209952325579572,18.416466558575035
2021-07-15,1.9974385001062862,1.506264422795855,1.848379817325981,1.209952325579572,18.302589151504634
2021-07-16,1.9971092548487417,1.480252543599601,1.8480751419685353,1.209952325579572,18.162885682311103
2021-07-19,1.9972108915365419,1.4664211304384667,1.848169194026919,1.209952325579572,18.00844683812477
2021-07-20,2.0095056955809882,1.4912107996473263,1.8595464993369566,1.209952325579572,18.271101970187935
2021-07-21,2.0219706766600694,1.5256355250481433,1.8710812822345015,1.209952325579572,18.466904834538695
2021-07-22,2.017436678377784,1.5153799732951263,1.866885633198839,1.209952325579572,18.53757458022986
2021-07-23,2.019547103973249,1.5206024527443334,1.868838568458882,1.209952325579572,18.740754439313456
2021-07-26,2.025671734404593,1.5329661157662418,1.8745061488511068,1.209952325579572,18.705644742769863
2021-07-27,2.016192627231683,1.5150929730269844,1.8657344192665688,1.209952325579572,18.545389439457253
2021-07-28,2.0318597606943185,1.519648190065855,1.8802323941910268,1.209952325579572,18.706731021190397
2021-07-29,2.032091934321676,1.5393142156368984,1.880447241880655,1.209952325579572,18.83729197639043
2021-07-30,2.0315513693253147,1.5387003263416437,1.8799470165024148,1.209952325579572,18.904981964570812
2021-08-02,2.031407227803412,1.5332220074975484,1.879813631529656,1.209952325579572,18.92931571482948
2021-08-03,2.02894708248861,1.538363214229792,1.8775370743553919,1.209952325579572,19.116868138437866
2021-08-04,2.02827474039696,1.5171832830120733,1.876914905736694,1.209952325579572,19.129520629429667
2021-08-05,2.0289323551854554,1.5365531060945583,1.8775234460760166,1.209952325579572,19.23805197362927
2021-08-06,2.0279181919917737,1.5408939210267059,1.8765849647267403,1.209952325579572,19.157550213384777
2021-08-09,2.0270449931446475,1.5334510931243233,1.8757769282713226,1.209952325579572,19.17719770003798
2021-08-10,2.0273205267453567,1.5266838902611846,1.8760319001998793,1.209952325579572,19.114111390730663
2021-08-11,2.031934253129728,1.5206589772540131,1.8803013276346074,1.209952325579572,19.08398111864288
2021-08-12,2.0311193354188948,1.51614809479818,1.87954722309051,1.209952325579572,19.074321192381312
2021-08-13,2.030029726808075,1.5155838317808341,1.878538926432106,1.209952325579572,19.121670565124347
2021-08-16,2.030054758739659,1.5133140002385483,1.878562090357867,1.209952325579572,19.064831076883355
2021-08-17,2.029200738759779,1.5009107458597286,1.8777718015483147,1.209952325579572,18.91255883310704
2021-08-18,2.0285551306929017,1.4889219853431277,1.8772445092709673,1.209907132207971,18.758350922100206
2021-08-19,2.020450170594607,1.486520761541647,1.8770133183759394,1.2052220323171898,18.793939613396354
2021-08-20,2.02435344629762,1.4969474287193734,1.8773724993944538,1.2073197531249111,18.94514804003891
2021-08-23,2.0314018870999564,1.521626515877645,1.879306226392312,1.2102798662802199,19.22422526567539
2021-08-24,2.044944086766588,1.5439853900712672,1.8804545124498724,1.217608612706555,19.41851022548272
2021-08-25,2.044739948775839,1.5444816216382327,1.8802667947472955,1.217608612706555,19.4796916342955
2021-08-26,2.0446832506631476,1.5368756150691127,1.8802146572719736,1.217608612706555,19.364485803037596
2021-08-27,2.0456252557604637,1.5510667561741918,1.88108089011788,1.217608612706555,19.57168954096564
2021-08-30,2.0448942721923737,1.5561477507522612,1.880408704820474,1.217608612706555,19.66715187034759
2021-08-31,2.0456671126108414,1.5375749990362066,1.8811193801204569,1.217608612706555,19.59088547289317
2021-09-01,2.0452335396694057,1.5297469733255138,1.880720682571964,1.217608612706555,19.603921083085904
2021-09-02,2.0466357595993414,1.5261458503529168,1.8820101118584458,1.217608612706555,19.66667480450387
2021-09-03,2.0476942865978875,1.5279283950429836,1.8829834939102328,1.217608612706555,19.69546439950191
2021-09-07,2.0482674895825475,1.5061525969359477,1.8835105900523859,1.217608612706555,19.58112130596198
2021-09-08,2.045291902936341,1.501464370349896,1.8807743512611863,1.217608612706555,19.511244498107715
2021-09-09,2.0442771127243895,1.5021887708030566,1.8798411879313899,1.217608612706555,19.484719498572353
2021-09-10,2.0456300714982105,1.5009867926903335,1.881085318491171,1.217608612706555,19.42483705558735
2021-09-13,2.0405758906556715,1.4999046852516695,1.8764376817985131,1.217608612706555,19.432667347489893
2021-09-14,2.0318763712262125,1.4823866715039253,1.8684379273440341,1.217608612706555,19.369474660356968
2021-09-15,2.0353878411039137,1.491970173042112,1.871666944420631,1.217608612706555,19.50739821795377
2021-09-16,2.0378761409719264,1.4979155385172997,1.8739550924171522,1.217608612706555,19.552277585976498
2021-09-17,2.038772590939369,1.485193841613372,1.8747794344602289,1.217608612706555,19.40203320495489
2021-09-20,2.0282106171829697,1.4657417036991705,1.865067036288012,1.217608612706555,19.058474190572227
2021-09-21,2.023497393761485,1.465234625037719,1.8607329313565029,1.217608612706555,19.080983366706697
2021-09-22,2.0240078121501313,1.4791876004759859,1.8612022931196817,1.217608612706555,19.29488745968552
2021-09-23,2.0318128163950164,1.493800002012222,1.8683794846854382,1.217608612706555,19.502249503516115
2021-09-24,2.0312402202189643,1.4906827843868289,1.8678529465419083,1.217608612706555,19.47752568097981
2021-09-27,2.026327658378043,1.4810714256590833,1.8633355374150617,1.217608612706555,19.35916386888509
2021-09-28,2.0087756445259406,1.4542432493488668,1.847195358392878,1.217608612706555,18.82947096055526
2021-09-29,2.017563007959285,1.446129344083934,1.8552758909256264,1.217608612706555,18.814206624614865
2021-09-30,2.0192724892464953,1.4461348905143627,1.856847866326463,1.217608612706555,18.736080816980298
2021-10-01,2.021654035820762,1.4471321101334071,1.8590378479651644,1.2172925412594555,18.802001501408974
2021-10-04,2.0059881572538063,1.416371198779481,1.8446320887889787,1.2154882801602638,18.4559965051582
2021-10-05,2.016279694047318,1.434400805302359,1.8529124622563462,1.2156920742527766,18.67954546697476
2021-10-06,2.0227336533556737,1.441671276390426,1.8586542851383665,1.2149958870189903,18.779695260757006
2021-10-07,2.0352017120087136,1.4595629005400554,1.8713421404724868,1.2141208190601804,18.972070961584446
2021-10-08,2.0252437389203974,1.4415281127597632,1.861950012519932,1.2138583625880945,18.858277439431614
2021-10-11,2.0054672737836787,1.4255792605919284,1.8450656351444634,1.2122403112511684,18.721422543845023
2021-10-12,2.004890612388654,1.4259159348625283,1.8452672027115382,1.2107938964662213,18.719261109358914
2021-10-13,2.014520950139416,1.4310529953208015,1.8548386461484094,1.2110741972735546,18.887382456692823
2021-10-14,2.0271041868146598,1.4561929653083228,1.8635470060960664,1.214337540363937,19.202183402171908
2021-10-15,2.0273503746659465,1.4633379821511316,1.8639382564202256,1.213364576978265,19.265838046346108
2021-10-18,2.0230588747538296,1.4750993039538116,1.8603628214635344,1.2128952138636908,19.40296245449776
2021-10-19,2.0288699225635547,1.483813919248374,1.8650334940287534,1.2133340176720238,19.544528762918336
2021-10-20,2.035060973203845,1.4830988978495088,1.8691659142936228,1.2128542674257667,19.558153840381767
2021-10-21,2.0341380471496504,1.4779554260152359,1.8709431780836345,1.2136823370069603,19.641448822983406
2021-10-22,2.0320328612893137,1.467583637261737,1.8708638247712552,1.212467351237469,19.56709805933523
2021-10-25,2.033544040636873,1.4732061961534568,1.8705662091398532,1.2136441073238375,19.7123668951053
2021-10-26,2.0355182372043763,1.4733949780431599,1.8724497362607233,1.2136002788382576,19.697327415119638
2021-10-27,2.035215780999981,1.464380785790765,1.8721715102886838,1.2136002788382576,19.60045471773152
2021-10-28,2.0465495118989208,1.4917655708181279,1.8825972785498986,1.2136002788382576,19.854988634695214
2021-10-29,2.0492067778296046,1.4807142478833375,1.8850416668143422,1.2136002788382576,19.963352840861496
2021-11-01,2.054241465884739,1.5004688081573632,1.8896730182553094,1.2136002788382576,20.131559929819844
2021-11-02,2.058132083608923,1.5083681492574514,1.8932519526015545,1.2136002788382576,20.256522650323824
2021-11-03,2.060180845171675,1.5225539309271348,1.895136584720157,1.2136002788382576,20.424114509620857
2021-11-04,2.0582527057478344,1.5136234228831635,1.893362911515144,1.2136002788382576,20.563470329403895
2021-11-05,2.057639933422127,1.5138696138091692,1.8927992293241978,1.2136002788382576,20.578576881740933
2021-11-08,2.0643834433241977,1.5358348744730241,1.8990025062621365,1.2136002788382576,20.689822783769394
2021-11-09,2.050282401956351,1.5441600606452923,1.8860311210356946,1.2136002788382576,20.686062395142127
2021-11-10,2.046377411579052,1.533496727847422,1.8824389654517109,1.2136002788382576,20.37324969752976
2021-11-11,2.042553341764774,1.5291080208142087,1.8789212477598167,1.2130768678462942,20.498665871634834
2021-11-12,2.047698051605247,1.5340557615489998,1.8836538069714512,1.214519214991327,20.68061825744189
2021-11-15,2.0501968004964626,1.5284068343288821,1.885952377240595,1.2155383638374433,20.71911124957305
2021-11-16,2.0512455876649835,1.5277905248023056,1.8869171444537782,1.2153341085806706,20.877689533501908
2021-11-17,2.052284320832487,1.5237652052648365,1.8878726631074496,1.2173961502625585,20.79514442154112
2021-11-18,2.055605908525051,1.5076361187439302,1.890928153294288,1.2183432306056767,20.81776356927931
2021-11-19,2.057185107488304,1.4937286351384373,1.896440222510934,1.2157277314632549,20.789701228420608
2021-11-22,2.0560185649785514,1.4934877372817854,1.8973875348425582,1.214431061851623,20.54273661410429
2021-11-23,2.0497360035048695,1.5001683770916883,1.8917040330514505,1.213972802435773,20.506535875460248
2021-11-24,2.051250084201791,1.488800977612178,1.8931013801028924,1.2141858431323664,20.55697762971738
2021-11-26,2.054899532586322,1.4772983355488076,1.8964694607804164,1.2138898637277977,20.16852962714786
2021-11-29,2.054273862516539,1.4958494002809308,1.895981778464467,1.2136546610951946,20.56288444854553
2021-11-30,2.026042860619279,1.4545274423351255,1.8699261165774823,1.212893048323484,20.041247196677997
2021-12-01,1.9743609334695915,1.431312196369162,1.8336032274800624,1.201724152933506,19.6840586967731
2021-12-02,2.0087717158955134,1.4662343822782686,1.8594223681693909,1.208481488287726,19.93650694465291
2021-12-03,1.9739012503096658,1.4496707704388674,1.825114218676362,1.2039949480627519,19.72141761349105
2021-12-06,2.0011338323424313,1.4680746992534774,1.8477425048460743,1.20465760664979,19.81205340436235
2021-12-07,2.0424486371906303,1.5137566187655143,1.8846235779024572,1.20845637262749,20.42332506899065
2021-12-08,2.053102341681051,1.5301324806990952,1.8901612444878684,1.210844381676474,20.47518254052794
2021-12-09,2.0460961219011096,1.5056339197684299,1.8876200249598438,1.2102537110974458,20.19438859366186
2021-12-10,2.045066624723553,1.5212456204442157,1.8881878774362943,1.21030317785455,20.36735882421466
2021-12-13,2.0409465023674325,1.4959842998038235,1.8853655455979883,1.2107922535857452,20.16142504606836
2021-12-14,2.042246015508586,1.4675983775764765,1.8865659971039639,1.209826716340651,19.94630283891041
2021-12-15,2.0446257758422477,1.4911224097273599,1.8887643487680874,1.209649673129061,20.336102001531692
2021-12-16,2.0432347792944583,1.4660595732206843,1.8874793876178533,1.209649673129061,19.978845198256526
2021-12-17,2.051919018712488,1.4805349204940752,1.895501629146225,1.209649673129061,19.952941587990562
2021-12-20,2.046867235133992,1.4621115448832884,1.8908349420519452,1.209649673129061,19.728100973630877
2021-12-21,2.0598186488267696,1.5093533594319146,1.8983398520395236,1.2125024308346228,20.222093147836777
2021-12-22,2.0580739136956,1.507673804902025,1.8962923074233884,1.212783202903908,20.40064078928272
2021-12-23,2.051067722331134,1.5193254415482609,1.8963935257143123,1.2085898550039567,20.536039495274352
2021-12-27,2.049221017724986,1.528017535680986,1.8959844132603736,1.2077624172421668,20.819681683870446
2021-12-28,2.0454049298709625,1.5126348945658568,1.8950298349316756,1.2061213819254495,20.7197923284806
2021-12-29,2.0461439400792125,1.5077127564424888,1.8948556436507733,1.2066680235347176,20.78064976279157
2021-12-30,2.0461439400792125,1.5247667623746686,1.8948556436507733,1.2066680235347176,20.754525234125875
2021-12-31,2.0461439400792125,1.5087011881544128,1.8948556436507733,1.2066680235347176,20.66651847866578
2022-01-03,2.0461439400792125,1.4969593501428538,1.8948556436507733,1.2066680235347176,20.650001533974475
2022-01-04,2.0461439400792125,1.459964553684473,1.8948556436507733,1.2066680235347176,20.421444484691023
2022-01-05,2.0461439400792125,1.4018442876377781,1.8948556436507733,1.2066680235347176,19.86242212269365
2022-01-06,2.0521548973600297,1.4145980831181002,1.8997041605205776,1.2071252554973673,19.98316915406226
2022-01-07,2.041784769003029,1.3846450231192464,1.8907362616213803,1.2067237589806565,19.71577403904939
2022-01-10,2.0598852380011996,1.3839571396334165,1.9046969333286,1.208511279631643,19.732334478387067
2022-01-11,2.0748113861595976,1.4237187581879605,1.9177632506359548,1.2089778327652956,20.069661326723153
2022-01-12,2.0735215695912803,1.423948562226685,1.916122289975376,1.2092607444384282,20.068619611845204
2022-01-13,2.0487297421024837,1.371466506974088,1.8932872909535934,1.2092134741463798,19.637993589500816
2022-01-14,2.041279407626286,1.3650008531066986,1.8864022327210406,1.2092134741463798,19.744807369451188
2022-01-18,2.013462077669055,1.3197382538853883,1.8606954758980345,1.2092134741463798,19.229990752559942
2022-01-19,2.0047395032976403,1.3084934796937755,1.8599578734507267,1.2044543542536374,19.04667700730006
2022-01-20,1.9881977716424872,1.2873358428850574,1.8481101567016232,1.2021882603362142,18.81652189585921
2022-01-21,1.91609468753123,1.2547969521902633,1.7817264351517288,1.199515057541833,18.335023449276555
2022-01-24,1.9440699240524766,1.2703350683552803,1.807739877370364,1.1984771798376288,18.51222652662658
2022-01-25,1.886258971154898,1.2337124969196895,1.7539829812789496,1.1937533237804159,18.07178833718819
2022-01-26,1.875016211963586,1.2258690514812312,1.7416057514723229,1.1913077012680304,17.977046557230096
2022-01-27,1.8584914472263214,1.2086060519533095,1.7273289961703868,1.1918951489723002,17.764629075513014
2022-01-28,1.9187705953343828,1.2478640796605498,1.7813183198417137,1.2021731425070439,18.248923753770278
2022-01-31,2.008853316307681,1.2927063849685783,1.8632684986346377,1.2254813274781122,18.900380197406665
2022-02-01,2.0325548659516284,1.3057664898631571,1.8811257695934964,1.2314632168371475,19.062531866852503
2022-02-02,2.0146463590292902,1.3167124809087076,1.8689468248430074,1.2317475926568562,19.119817376141377
2022-02-03,1.981199274654956,1.2775997245339732,1.8306607388029963,1.228208503058029,18.535804214709877
2022-02-04,1.9933031545543052,1.29118330387398,1.8409970991861406,1.2320527152010496,18.69102127393654
2022-02-07,1.984273081608642,1.2887872922477501,1.8326570039726144,1.228366752738734,18.634142235153
2022-02-08,1.981153461136786,1.298406141116372,1.8297757501973788,1.2270750881797534,18.88086569732384
2022-02-09,1.9881810765274903,1.3309910859834702,1.836266393388768,1.2303687603613638,19.37269395411995
2022-02-10,1.9807106865862492,1.30317888115344,1.82936680755297,1.2293266636064486,18.976450790448144
2022-02-11,1.9741644308548658,1.273219307838144,1.8233207438699464,1.2270304670860546,18.44753662702343
2022-02-14,1.9702631218168178,1.258215409171661,1.81971752947395,1.2271720325951057,18.372786480756346
2022-02-15,1.9737421575651939,1.2827216991039903,1.8229307360080846,1.2278925010708268,18.858623779573477
2022-02-16,1.9687840551456106,1.2780583416109137,1.8183514766259554,1.225276347273787,18.82630595613257
2022-02-17,1.956931054637414,1.2466354489182787,1.8114090172198656,1.2223167963759491,18.291150241665314
2022-02-18,1.9540409805958567,1.2364176248160796,1.810068300223384,1.2214163295887601,18.111954413764515
2022-02-22,1.9503324306280467,1.2349855156638687,1.8074981517266795,1.2207802840330915,17.97931700188737
2022-02-23,1.9402112562181915,1.2090949183922048,1.7983638244023807,1.2180846629331024,17.586506015803923
2022-02-24,1.9917524635206336,1.2477075816641825,1.8353784590760318,1.2279718234465025,18.180580473433547
2022-02-25,2.0062048329297255,1.2721394580762573,1.8469090849271559,1.232719743470879,18.492047130819014
2022-02-28,2.007834872374155,1.2722279635496354,1.848773186476385,1.233027159489838,18.562237176866404
2022-03-01,1.9869393364865662,1.2553343849225695,1.8311776305493122,1.2323401012732724,18.26148403512984
2022-03-02,2.000391183985666,1.2760802560502411,1.8354326632416336,1.237210354098175,18.58324473846789
2022-03-03,1.995008086672591,1.256963383254197,1.839247131188403,1.2343677030319624,18.33047911246434
2022-03-04,1.986756480519308,1.232713130174066,1.8394706496329083,1.229812972347774,18.065281605729044
2022-03-07,1.9544537080201458,1.173741841714302,1.821735760410694,1.2168654723653447,17.386554512497675
2022-03-08,1.9576583725653374,1.1844595019136168,1.8220974277440707,1.2213771172062606,17.325432725054306
2022-03-09,2.0177260393700718,1.2316736855260213,1.8692547483985018,1.230855885806219,17.888005777000817
2022-03-10,1.9602948863838077,1.21072905810469,1.8191560673339784,1.2288103437146343,17.663903524668385
2022-03-11,1.9053418694147086,1.1826045108778347,1.770638743030139,1.2271357228748538,17.292595878828525
2022-03-14,1.860608180205761,1.1623241587695845,1.729935602709465,1.226693233537441,16.99326726683111
2022-03-15,1.9114240036591976,1.1977907836521235,1.7594660069361667,1.239047164277263,17.457553273901517
2022-03-16,2.0423026896900427,1.251563761249831,1.850888720763412,1.2925688037301089,18.28377432157605
2022-03-17,2.0486594195623717,1.2714538906986514,1.8563850087894378,1.2878253692520767,18.536944882788664
2022-03-18,2.0684350359653836,1.2905714013384222,1.8722504563221254,1.2945331899251373,18.877717421968484
2022-03-21,2.066493672469986,1.2779406948670144,1.8733559198629444,1.288588189468388,18.748386954403305
2022-03-22,2.0666630143989875,1.2926558417093414,1.8729739210403311,1.2934193982343005,19.080162237581323
2022-03-23,2.0666630143989875,1.2671205594738375,1.8729739210403311,1.2934193982343005,18.77193325564715
2022-03-24,2.0666630143989875,1.2934436645942295,1.8729739210403311,1.2934193982343005,19.148631410454055
2022-03-25,2.0666630143989875,1.2813774070220674,1.8729739210403311,1.2934193982343005,19.094725173136908
2022-03-28,2.0666630143989875,1.305097211823521,1.8729739210403311,1.2934193982343005,19.34005085261334
2022-03-29,2.0666630143989875,1.3416781235658086,1.8729739210403311,1.2934193982343005,19.736904357306003
2022-03-30,2.0666630143989875,1.3155923246053258,1.8729739210403311,1.2934193982343005,19.510138096993458
2022-03-31,2.0666630143989875,1.2886227733651874,1.8729739210403311,1.2934193982343005,19.246226078704808
2022-04-01,2.0666630143989875,1.2793589668141314,1.8729739210403311,1.2934193982343005,19.29716166266057
2022-04-04,2.0666630143989875,1.2953714988281737,1.8729739210403311,1.2934193982343005,19.591762022305424
2022-04-05,2.0666630143989875,1.2573270469206985,1.8729739210403311,1.2934193982343005,19.137159886451364
2022-04-06,2.0666630143989875,1.2341017541511474,1.8729739210403311,1.2934193982343005,18.868908528915057
2022-04-07,2.0674837039286866,1.2404687927407974,1.873717694977198,1.2934193982343005,18.94897518350297
2022-04-08,2.0658860548137543,1.2274978833572674,1.8722697786471565,1.2934193982343005,18.773043932411433
2022-04-11,2.0651667242280447,1.2101037030593012,1.871617864223637,1.2934193982343005,18.488992403775082
2022-04-12,2.0659268527544707,1.2022373768918355,1.8723067529765278,1.2934193982343005,18.425516780993206
2022-04-13,2.0685410272175715,1.2207873516189034,1.8746759251929574,1.2934193982343005,18.8205441909629
2022-04-14,2.0680509357494237,1.1929422182379341,1.8742317654376563,1.2934193982343005,18.46846541831653
2022-04-18,2.0680509357494237,1.1965575539277444,1.8742317654376563,1.2934193982343005,18.435114927731277
2022-04-19,2.0680509357494237,1.229982275996354,1.8742317654376563,1.2934193982343005,18.835399568483023
2022-04-20,2.0680509357494237,1.2212361349387877,1.8742317654376563,1.2934193982343005,18.6293848076951
2022-04-21,2.0671626162369003,1.1872173558656243,1.8742317654376563,1.292863817291169,18.17725677150633
2022-04-22,2.062052895498825,1.1499133583507137,1.8722015522244677,1.2896680488466208,17.665324787599314
2022-04-25,2.0614664079638096,1.1691532051431601,1.872411450220982,1.2893012424292845,17.92366149564486
2022-04-26,2.0510237575518153,1.1370870118101624,1.8629264845060247,1.2827701041587667,17.36833607941518
2022-04-27,2.0417556955879212,1.1395128929274783,1.854508386944254,1.2787473177089386,17.35814005898522
2022-04-28,2.070513614448399,1.1722099962166987,1.8768453971769936,1.2897920731656127,17.851290725068562
2022-04-29,2.0220377862557886,1.1278312909513322,1.8397692403034305,1.2820850068258112,17.22409144994941
2022-05-02,2.0517969752556517,1.1452470343429595,1.8528728252910072,1.2915133816592925,17.520379114603752
2022-05-03,2.047405907285226,1.1438669509492683,1.8512468730320493,1.2892132394504308,17.52086694431551
2022-05-04,2.090402835193741,1.1776589032175016,1.8816483746430448,1.2972294901982806,18.102327862968977
2022-05-05,2.0460179423419724,1.1107093384921103,1.85488520043479,1.2826014706444062,17.241428956079194
2022-05-06,2.036596344302802,1.084495762704894,1.846863527848102,1.2826657275017328,16.909827331980505
2022-05-09,1.9971052509156892,1.0372204938907867,1.8167670064247299,1.2786962443337002,16.197801048350897
2022-05-10,1.9943142978411743,1.056155484065244,1.8121672295220759,1.2787373828429571,16.358279631156716
2022-05-11,1.931658491482225,1.022496169270792,1.7552339772529235,1.2766893406130593,15.923761733715923
2022-05-12,1.9706278122599694,1.0372525923017424,1.7906516171542883,1.2776334782260335,16.040512881366965
2022-05-13,2.096954928790231,1.0785503179958413,1.9059206209286883,1.2809391224586084,16.7490093445647
2022-05-16,2.0473685698576207,1.0681726225351906,1.8645688682909631,1.2771692839422453,16.527421019250774
2022-05-17,2.088797687833175,1.0951955771715434,1.8992721210171415,1.2804522589399852,16.94753439747557
2022-05-18,2.028766420461995,1.0377952851373904,1.85503190805079,1.2760978378676333,16.13583672483761
2022-05-19,2.042475304815755,1.0432785921140562,1.8688590518916843,1.2760627794117563,16.260613403964175
2022-05-20,2.057406414695466,1.0438163084718939,1.8787342564550111,1.2725948179182922,16.241370219525727
2022-05-23,2.0834275743230886,1.0603165292312646,1.9015987085866102,1.276246277470163,16.436193423656178
2022-05-24,2.0600663744899776,1.03325148201743,1.8793551580256316,1.2781904124760517,16.101920335517253
2022-05-25,2.0877053473343916,1.0549458241628136,1.8967744796751382,1.2855064833431515,16.40064178087551
2022-05-26,2.138816873146433,1.0937572950376957,1.924275730417645,1.314556831403648,16.898363190612038
2022-05-27,2.1470578407089183,1.1282420001942852,1.922339528782251,1.319754051068195,17.432922791315345
2022-05-31,2.146886095911535,1.113417703950931,1.9226733350732859,1.3194193131125818,17.27794781845653
2022-06-01,2.138454334090347,1.1008297282007484,1.9182869523794683,1.317247495998054,17.092711604995618
2022-06-02,2.147322978069733,1.1347125278286354,1.927166703973694,1.3166128737043228,17.623951169475326
2022-06-03,2.1459574751485295,1.1086018919087852,1.9259412005022563,1.3166128737043228,17.25002638948655
2022-06-06,2.1459574751485295,1.1116529011270235,1.9259412005022563,1.3166128737043228,17.325437255290982
2022-06-07,2.1459574751485295,1.1262499438481033,1.9259412005022563,1.3166128737043228,17.529842822995757
2022-06-08,2.1459574751485295,1.1146968585936385,1.9259412005022563,1.3166128737043228,17.416116274224922
2022-06-09,2.1459574751485295,1.0860138501345968,1.9259412005022563,1.3166128737043228,16.941430188328635
2022-06-10,2.1460635581886844,1.0591709064831152,1.9260364072806175,1.3166128737043228,16.425104990638985
2022-06-13,2.1418394496768642,1.0127942268968078,1.92224537940028,1.3166128737043228,15.634290782333705
2022-06-14,2.127881999119829,1.0061547253926069,1.9097189293689687,1.3166128737043228,15.66717107969898
2022-06-15,2.135591048184408,1.0228579323886355,1.916637601049142,1.3166128737043228,15.988247789967723
2022-06-16,2.1156366450048707,0.9832267420039423,1.8987290415087232,1.3166128737043228,15.283914257008936
2022-06-17,2.1321994909718978,0.9883129479037789,1.9073810510455302,1.320920882275451,15.489442834170033
2022-06-21,2.1555953283015485,1.0091922093653025,1.9274582460827943,1.3215107752272464,15.808979029670814
2022-06-22,2.1516970227242176,1.009694437601831,1.9251672014889756,1.3206916714310195,15.779031082126949
2022-06-23,2.1647518788955775,1.017816159436176,1.9385729577619022,1.3195080844249618,16.021430224430702
2022-06-24,2.1985046858086017,1.0520008968453303,1.964836682319304,1.3222051983934433,16.555451943795955
2022-06-27,2.2091259311998055,1.049436868403255,1.9711337183436188,1.324355444670983,16.46601191035937
2022-06-28,2.2057350330088763,1.0241628333445838,1.9659990675710948,1.3257724685052514,16.01780485556976
2022-06-29,2.201198990774355,1.011966026720435,1.9633944274646378,1.3248024889721444,15.969624629162146
2022-06-30,2.1966229232774737,1.0017096760886273,1.9618307413277096,1.3231034590308859,15.80153147788868
2022-07-01,2.197303894909051,0.9940156379495498,1.9616914315510545,1.3236075859567948,15.907253374499845
2022-07-05,2.193472244948211,1.001237035532601,1.9616914315510545,1.321299484211447,16.089342658925528
2022-07-06,2.193472244948211,1.0049537186976993,1.9616914315510545,1.321299484211447,16.10288003457005
2022-07-07,2.193472244948211,1.022044144895222,1.9616914315510545,1.321299484211447,16.486490684925013
2022-07-08,2.193472244948211,1.0238604639566569,1.9616914315510545,1.321299484211447,16.500530262749052
2022-07-11,2.193472244948211,1.0055696784152839,1.9616914315510545,1.321299484211447,16.16080619613642
2022-07-12,2.193472244948211,0.9998378084047541,1.9616914315510545,1.321299484211447,16.02136827487651
2022-07-13,2.193472244948211,0.9966021342345148,1.9616914315510545,1.321299484211447,15.981405920245042
2022-07-14,2.193472244948211,0.9898466912959321,1.9616914315510545,1.321299484211447,15.961525265241702
2022-07-15,2.1935820870084384,1.008524417620864,1.961789666770975,1.321299484211447,16.309606135239463
2022-07-18,2.1955553132058516,1.0010368820099687,1.9635543852135688,1.321299484211447,16.227404110904025
2022-07-19,2.1998397229461806,1.0250514494653267,1.9673860680152155,1.321299484211447,16.75211413940689
2022-07-20,2.1907581752490946,1.0285486768024161,1.9592641533916657,1.321299484211447,16.99268656142765
2022-07-21,2.1866542157941864,1.0397197408231917,1.9555938529733823,1.321299484211447,17.201738098417398
2022-07-22,2.1871699066246446,1.0279133464587649,1.956055051552835,1.321299484211447,16.925073624102556
2022-07-25,2.1870256606300447,1.0292876562320759,1.956055051552835,1.321212343218108,16.893546916872754
2022-07-26,2.1865775174090656,1.0189641502484779,1.956055051552835,1.3209416137219958,16.589036159915803
2022-07-27,2.18999685845465,1.036764678607269,1.956055051552835,1.32300728477306,17.19156187320447
2022-07-28,2.1896472861457297,1.044460949821172,1.956055051552835,1.3227961033234288,17.39823062086291
2022-07-29,2.192759094612184,1.0449640254312205,1.956055051552835,1.3246759897050207,17.537647365691697
2022-08-01,2.191936065528665,1.0400015123239597,1.956055051552835,1.3241787864926635,17.529644697980984
2022-08-02,2.191936065528665,1.0463754644167362,1.956055051552835,1.3241787864926635,17.554866784437284
2022-08-03,2.191936065528665,1.071471289900637,1.956055051552835,1.3241787864926635,17.991801347440283
2022-08-04,2.191936065528665,1.0750496648674002,1.956055051552835,1.3241787864926635,18.028658120866723
2022-08-05,2.191936065528665,1.070579621540648,1.956055051552835,1.3241787864926635,17.998281643541418
2022-08-08,2.191936065528665,1.066304710707544,1.956055051552835,1.3241787864926635,17.989461542441408
2022-08-09,2.191936065528665,1.0515159476016833,1.956055051552835,1.3241787864926635,17.691990845525773
2022-08-10,2.191936065528665,1.071538906482426,1.956055051552835,1.3241787864926635,18.268216801445337
2022-08-11,2.191936065528665,1.0710890387236296,1.956055051552835,1.3241787864926635,18.198519632058773
2022-08-12,2.191936065528665,1.0912676514258337,1.956055051552835,1.3241787864926635,18.545869936160834
2022-08-15,2.191936065528665,1.1056266219808708,1.956055051552835,1.3241787864926635,18.697574386392485
2022-08-16,2.191936065528665,1.0977542413794945,1.956055051552835,1.3241787864926635,18.605360531569684
2022-08-17,2.191936065528665,1.0748197166390312,1.956055051552835,1.3241787864926635,18.288692244095156
2022-08-18,2.191936065528665,1.0728630595115873,1.956055051552835,1.3241787864926635,18.351470871181057
2022-08-19,2.191936065528665,1.0579592022379964,1.956055051552835,1.3241787864926635,18.00607269679234
2022-08-22,2.191936065528665,1.0349232117874707,1.956055051552835,1.3241787864926635,17.574092051481223
2022-08-23,2.191936065528665,1.027378671177053,1.956055051552835,1.3241787864926635,17.582783113736543
2022-08-24,2.1945258756259713,1.0357846910298798,1.9583661641820154,1.3241787864926635,17.70032267944165
2022-08-25,2.197294952831569,1.0549065623033924,1.9608372524319562,1.3241787864926635,18.04336741686599
2022-08-26,2.1839774060140402,1.0130064813730923,1.948952847984039,1.3241787864926635,17.332821613609052
2022-08-29,2.1824039540061384,1.0058092058901358,1.9475487200093073,1.3241787864926635,17.220062155824785
2022-08-30,2.1834303852796637,0.9988278981528026,1.948464693841403,1.3241787864926635,17.057461761906968
2022-08-31,2.1836316401290934,0.9949142604911257,1.948644291034527,1.3241787864926635,16.98144407317656
2022-09-01,2.184999638597648,1.0020733442809795,1.9498650749602149,1.3241787864926635,16.96173811288734
2022-09-02,2.1772771135708484,0.9885752311050506,1.949199850612042,1.3199504549629468,16.76995357546596
2022-09-06,2.1744681424068335,0.9807846083616607,1.9506695648085564,1.3172522923937808,16.661655002532516
2022-09-07,2.196410543262469,0.9992299901294399,1.9675959839574924,1.3195795245057182,17.042043053788507
2022-09-08,2.202134912717173,1.007315646651538,1.9698105436279554,1.3217487253988147,17.23158669141168
2022-09-09,2.2244431785873022,1.0257778316751924,1.9856432197123286,1.3260405777583246,17.618357655072476
2022-09-12,2.23064595818644,1.0327386102767273,1.9898889667907054,1.3271135693542617,17.770101901201453
2022-09-13,2.196951938651023,0.9777555744919659,1.9574055281063976,1.323958855938189,16.85806441416802
2022-09-14,2.198823433540275,0.9831082420760836,1.9591033130824147,1.3244928462615326,17.010203339353236
2022-09-15,2.1973207271837927,0.9632121055225817,1.9577644347729204,1.3244928462615326,16.766846033640682
2022-09-16,2.203707213695889,0.9593727401244316,1.9626126336236123,1.3250625009389536,16.677887693832105
2022-09-19,2.2066217754442192,0.9671450019161554,1.9659266686408092,1.324577513198251,16.761207618017785
2022-09-20,2.192132212729032,0.9554301523680946,1.9584539525914346,1.3209146797952895,16.536698472989066
2022-09-21,2.177083536996665,0.9414107975414897,1.9503811700515137,1.3172916226159008,16.26759878807844
2022-09-22,2.166518471179536,0.9316834346051808,1.947832709651811,1.3126202359662384,15.983534264660413
2022-09-23,2.1442286199738168,0.924258545044158,1.9339110257460708,1.3075705063112992,15.738844204475027
2022-09-26,2.121268768550366,0.9213546809738843,1.9237599158926817,1.2976587804887079,15.576235333651313
2022-09-27,2.118553961440543,0.919034210118279,1.9160459070092548,1.2979825359773076,15.630459894338836
2022-09-28,2.1628984850580535,0.9367406742804737,1.9640123731623764,1.3123229203871791,16.087646507726138
2022-09-29,2.117948485818897,0.9162312789412185,1.9268275305680898,1.294601737609793,15.714355394740748
2022-09-30,2.086515078240187,0.9036397742037373,1.8996277506333703,1.283659551756307,15.487884430856736
2022-10-03,2.154667424645523,0.924906790865527,1.9486463892443677,1.3176533829898671,15.93353598384106
2022-10-04,2.226029803961181,0.9516832950124766,1.992753045330716,1.3482969988495264,16.49338169929154
2022-10-05,2.214755023456275,0.9474763075419987,1.977401775071945,1.3492688729213804,16.506992816905896
2022-10-06,2.191244744072831,0.9329059652141409,1.961182934488652,1.3417502860676989,16.38093806347773
2022-10-07,2.145378784922996,0.9079754604565313,1.9375712295634833,1.316904440217957,15.815441601852125
2022-10-10,2.1496048662837883,0.9032967724239764,1.9430255101508367,1.3156255387239786,15.597484748177324
2022-10-11,2.144363411173312,0.895790946815982,1.9397494882159616,1.3150030626026905,15.388116689882667
2022-10-12,2.1322258017311833,0.8939414475441162,1.9336022380720743,1.315078942977699,15.3514578143667
2022-10-13,2.1724060374561796,0.9058892035317695,1.960453215033269,1.3254527983811508,15.670325589026184
2022-10-14,2.1265089068479623,0.8809553292674664,1.9364801966832061,1.3082753648034555,15.192517489473587
2022-10-17,2.160014283658095,0.9150746532634724,1.9622983338967355,1.314770854877405,15.670381303343047
2022-10-18,2.1674014742906205,0.9289103829878367,1.963545133954257,1.3178331681053728,15.810274647710289
2022-10-19,2.1606330766764525,0.9220114154967508,1.9585628352208397,1.3146670835325642,15.707207205784423
2022-10-20,2.153969729361455,0.9168122333063441,1.9499048759909925,1.3166370468038846,15.669887870905109
2022-10-21,2.1597663218192027,0.9325433133097962,1.9524264557785578,1.3178179580448897,16.070862332271226
2022-10-24,2.140793098132418,0.9456990669025035,1.9484534923649088,1.3089227327087471,16.167873805494498
2022-10-25,2.1440340713038255,0.967813462419168,1.9484534923649088,1.3109043270365013,16.55956091524913
2022-10-26,2.153315235750332,0.95881817312788,1.9484534923649088,1.3165790123391763,16.51812304989452
2022-10-27,2.1494836544009157,0.9504959266987423,1.9484534923649088,1.314236308630514,16.37138979719632
2022-10-28,2.1490197876303134,0.969689700301387,1.9484534923649088,1.3139526914227049,16.836191241981695
2022-10-31,2.1424774041046186,0.9619947679400027,1.9484534923649088,1.3099525502926013,16.694218448309652
2022-11-01,2.144823197994155,0.9565930437272409,1.9484534923649088,1.3113868145150251,16.651302168134325
2022-11-02,2.133790047315333,0.9190532009485385,1.943199297958415,1.3081772127246307,16.117268076446912
2022-11-03,2.128603306325488,0.9026135742486651,1.9402250137292338,1.3069996538461182,15.929220474612498
2022-11-04,2.135573743833803,0.9072000590448986,1.9446319370980116,1.3083109752315947,16.17571561512058
2022-11-07,2.1321950446322577,0.9119473407945871,1.9352045935725242,1.3125836269998032,16.335911574380745
2022-11-08,2.1447864196196917,0.9348235092622658,1.9468827800691102,1.3124139854385743,16.54986184595462
2022-11-09,2.1180573140356858,0.9133532139620526,1.9243534742258461,1.31124544678211,16.187205722164705
2022-11-10,2.2448737785618698,0.9789692172843996,2.0225966741127457,1.3228124389245772,17.39059528055899
2022-11-11,2.2699707696653624,0.9931698122964632,2.04486195778978,1.3230391986793566,17.681634971612485
2022-11-14,2.2574225835794395,0.9852396999683386,2.0361772305136734,1.3213446376780216,17.53390942160237
2022-11-15,2.259989424467832,1.011944954055056,2.03664239910667,1.3225452314405224,17.890089996626102
2022-11-16,2.255798096901173,1.001300444124747,2.0344403861248,1.321522400423911,17.54610475899844
2022-11-17,2.255798096901173,0.9961101473208326,2.0344403861248,1.321522400423911,17.489097789365186
2022-11-18,2.255798096901173,1.0064460454563027,2.0344403861248,1.321522400423911,17.51965893087577
2022-11-21,2.255798096901173,0.9997057885478343,2.0344403861248,1.321522400423911,17.370165780930357
2022-11-22,2.255380438871962,1.0120201066218086,2.0333424445271993,1.3219909181399712,17.592464323456863
2022-11-23,2.272110526144699,1.0154801034627565,2.0404733033530307,1.3271610817700503,17.718051227420002
2022-11-25,2.2715620631060482,1.0084234366201201,2.0401700982419593,1.3270379295006427,17.63015144139881
2022-11-28,2.2737221127624525,0.9929383078147633,2.0420766454545753,1.3270596999905437,17.413238566745925
2022-11-29,2.268431344148227,0.9906605727467411,2.0384915090645523,1.3263015680364365,17.356147290044685
2022-11-30,2.2676109971784006,1.0235726679905506,2.0369034463759226,1.3268551688738095,18.03293926638076
2022-12-01,2.2676109971784006,1.0383441436733238,2.0369034463759226,1.3268551688738095,18.108393403385897
2022-12-02,2.2676109971784006,1.0411073342081814,2.0369034463759226,1.3268551688738095,18.040808490127045
2022-12-05,2.2676109971784006,1.0139437788051093,2.0369034463759226,1.3268551688738095,17.69451224875469
2022-12-06,2.2676109971784006,0.9961617510125663,2.0369034463759226,1.3268551688738095,17.387710633818465
2022-12-07,2.2676109971784006,0.998961307271157,2.0369034463759226,1.3268551688738095,17.371582050047163
2022-12-08,2.2676109971784006,1.003929260342868,2.0369034463759226,1.3268551688738095,17.6106063478732
2022-12-09,2.2676109971784006,0.9946990585306296,2.0369034463759226,1.3268551688738095,17.43086791952291
2022-12-12,2.270599194788161,1.0077494005850312,2.0395876236961716,1.3268551688738095,17.65997228241442
2022-12-13,2.2723840403048507,1.0162272926837808,2.041190878394053,1.3268551688738095,17.84931562694967
2022-12-14,2.272817454492905,1.0019095041063095,2.041580196868189,1.3268551688738095,17.731854594724645
2022-12-15,2.273265924559509,0.9702881319371538,2.041983039430427,1.3268551688738095,17.18060122950671
2022-12-16,2.269191282771179,0.965328721592414,2.0383229531494362,1.3268551688738095,17.035989711052498
2022-12-19,2.266539661475108,0.956037865129513,2.038725275832127,1.3250428032328234,16.85570677421842
2022-12-20,2.2585151249139,0.957818762912584,2.0397168825221916,1.3197070934034913,16.85484065582281
2022-12-21,2.264073121893508,0.967322824177338,2.044906657190869,1.3195969602444333,17.086469331414776
2022-12-22,2.251317935153697,0.9498812515336884,2.04246840012493,1.3137361309668913,16.7024288263629
2022-12-23,2.250196870154581,0.9528386415195423,2.044296153096926,1.3119063146528263,16.73855244420999
2022-12-27,2.2314360039586356,0.9409084723352287,2.040683899018589,1.303286510733555,16.579917405468066
2022-12-28,2.2306012238401416,0.9291274094918185,2.0372538393263047,1.304090813970589,16.38333767650435
2022-12-29,2.255050059522174,0.945360578245377,2.0454140948376027,1.3145236155365474,16.77139153865499
2022-12-30,2.258274882015578,0.9430583300537647,2.048943516855076,1.315562788305541,16.743161976366878
2023-01-03,2.244468888723343,0.9415615714131481,2.040281960513879,1.3058836040524024,16.675211060911366
2023-01-04,2.2526516644544308,0.9472672799568862,2.0467433918295184,1.307176921639545,16.914113201220523
2023-01-05,2.2448213174711773,0.9356937988874849,2.0432477284967345,1.3046591454544327,16.680534196897344
2023-01-06,2.246248210224465,0.9600808946929981,2.043673649339243,1.3068245394032771,17.13305092099354
2023-01-09,2.252554280915593,0.9576195849709767,2.046457793865505,1.3120901152420459,17.198333822328486
2023-01-10,2.250717450618107,0.9668640913819131,2.0473062197538794,1.3105425221292601,17.335387682808875
2023-01-11,2.261808814727869,0.9742563700862614,2.051310330186621,1.3150934078015015,17.538890883394988
2023-01-12,2.264233644623981,0.9759451405386406,2.052555784347683,1.3148684140989733,17.605955788846
2023-01-13,2.2626569293681302,0.9799755440742028,2.051103378214525,1.3137955087160924,17.726546258328884
2023-01-17,2.2652151683663915,0.978620057055002,2.051103378214525,1.3137955087160924,17.75501096824325
2023-01-18,2.266562328921382,0.9609483179536443,2.051103378214525,1.3137955087160924,17.494800649412714
2023-01-19,2.266562328921382,0.94848029391446,2.051103378214525,1.3137955087160924,17.263108855452977
2023-01-20,2.2671294946909692,0.9625125018648036,2.051616629322233,1.3137955087160924,17.680926708994704
2023-01-23,2.2666223506536665,0.9679589106845037,2.0511576942932335,1.3137955087160924,18.04510787466322
2023-01-24,2.267674472377507,0.9680424623227989,2.052109801541521,1.3137955087160924,17.99644503619323
2023-01-25,2.268498129700786,0.9619872273112768,2.0528551621683664,1.3137955087160924,17.988739925606133
2023-01-26,2.264195341591442,0.9699550614538389,2.048961396215318,1.3137955087160924,18.277155905580614
2023-01-27,2.264965986279689,0.9673975023159388,2.0496587835773585,1.3137955087160924,18.308954746202733
2023-01-30,2.2678983634190026,0.9555175639598731,2.0506978104927804,1.3148304385308092,17.990935266478136
2023-01-31,2.2724745555380546,0.9649324687716198,2.054482531693427,1.315056897799034,18.262584137120704
2023-02-01,2.274968521324319,0.9782752252514187,2.0547173928414026,1.3163497966853626,18.69875197364676
2023-02-02,2.2769979514841747,0.9763938220165014,2.0568389945348766,1.3161648732003337,19.110278269958798
2023-02-03,2.2723330941600888,0.9659754228965911,2.0540063382457103,1.3152810705747378,18.75631830771789
2023-02-06,2.2668646179536682,0.9628354838062256,2.049057778032055,1.3152845909507935,18.589070166336025
2023-02-07,2.269786542472986,0.9746151750046582,2.0516989556814447,1.3152845909507935,18.901238590489815
2023-02-08,2.2673313476236583,0.9554010582750045,2.0494796629796417,1.3152845909507935,18.581587397255056
2023-02-09,2.2691498397780854,0.9529056260920431,2.051123429203618,1.3152845909507935,18.45110621353645
2023-02-10,2.2687915822785145,0.9638673075655118,2.0507995941098853,1.3152845909507935,18.409113388950374
2023-02-13,2.269093865738667,0.9756446558007903,2.051072833310096,1.3152845909507935,18.656875075250472
2023-02-14,2.268141444101748,0.9742611212409262,2.050211923069741,1.3152845909507935,18.7732040557587
2023-02-15,2.2691170110964523,0.9788646221161348,2.0510937547956667,1.3152845909507935,19.003514826376122
2023-02-16,2.2651076455313666,0.9612681137550422,2.047469620548281,1.3152845909507935,18.637691399541517
2023-02-17,2.2677998822155057,0.9614441283318366,2.049903179427028,1.3152845909507935,18.5074411269949
2023-02-21,2.263022829128189,0.9412803980868574,2.045585119271555,1.3152845909507935,18.065558695671886
2023-02-22,2.256684743623762,0.9397505746976276,2.0398560151610488,1.3152845909507935,18.076352577102433
2023-02-23,2.2574168549960567,0.9395843422350146,2.0405177831774997,1.3152517088360196,18.18698088127685
2023-02-24,2.251432571407181,0.9254319903043138,2.0351084866819704,1.3152517088360196,17.898949566322223
2023-02-27,2.2522067505499943,0.9313362677035103,2.0347054685311052,1.3163003226325027,18.01593858831619
2023-02-28,2.250693479955965,0.9260792462741776,2.034935091718534,1.3152673441091682,17.981559356813758
2023-03-01,2.2481122703065908,0.9193436756950825,2.0353825703222834,1.3134697037377343,17.91512190620558
2023-03-02,2.2594895555184977,0.9277109153587432,2.0449682629528594,1.3138690559008268,18.135380631085194
2023-03-03,2.26825810029402,0.9360567987237715,2.054093217123719,1.313105190892681,18.380192934353353
2023-03-06,2.2712025229672386,0.937478871496441,2.0556403230552003,1.3138775930759734,18.321420069576664
2023-03-07,2.2568016279958805,0.9244550675803431,2.0483428888966437,1.3102109667627673,18.092741501944893
2023-03-08,2.250843607734446,0.9271989972083055,2.0479803905433194,1.3069838427013247,18.183083393961947
2023-03-09,2.245893394855168,0.9105105625912493,2.04506801352617,1.3059027092283964,17.805164526949547
2023-03-10,2.2351781501747086,0.8981303633965394,2.03880906080031,1.303668925979665,17.50955162553341
2023-03-13,2.2386124489922574,0.9005470784096867,2.0431546462270753,1.3029584828000838,17.612975504991116
2023-03-14,2.2370222429442066,0.9102119056576784,2.045080408968745,1.300804826325114,17.90493462711531
2023-03-15,2.2404507197381625,0.9008107150747027,2.0444274861561884,1.3032137509892172,17.826877304244142
2023-03-16,2.2557146787436424,0.9131811666462678,2.059198480211021,1.3026115279490824,18.183037534377828
2023-03-17,2.2463132490434354,0.8991080408005203,2.0497604353890355,1.303152803380145,18.005720756033014
2023-03-20,2.253037326595588,0.9146862703062767,2.0540277542587853,1.3044058124860747,18.131750164678213
2023-03-21,2.2758179861507646,0.92380704044008,2.0723047994842902,1.305987977538159,18.35129977397204
2023-03-22,2.2581172953413797,0.906756676965107,2.059459018546599,1.3039259040687183,17.9990544951518
2023-03-23,2.261030198342696,0.9129474887429221,2.0640744089254546,1.3026243851530885,18.206137497991367
2023-03-24,2.2610748525267748,0.9133531202583794,2.059541042265103,1.305511090518647,18.237381315774453
2023-03-27,2.2629503192476874,0.9122936823994747,2.0607545687031172,1.3051647781761253,18.1884307251139
2023-03-28,2.265772538089842,0.9114968972985065,2.063324620870583,1.306731008332585,18.162150297110074
2023-03-29,2.265036607583676,0.9262110369336914,2.062654446125724,1.3077518780711712,18.523371117557684
2023-03-30,2.2657660666592725,0.9333725476590149,2.0633187276655933,1.3078868386528373,18.69888794030877
2023-03-31,2.266434415774229,0.9498087133061861,2.063927359450578,1.3078868386528373,19.00376354422553
2023-04-03,2.266434415774229,0.9508364055033,2.063927359450578,1.3078868386528373,18.94207360270762
2023-04-04,2.266434415774229,0.9424598118279844,2.063927359450578,1.3078868386528373,18.799426042400565
2023-04-05,2.266434415774229,0.9299492098710939,2.063927359450578,1.3078868386528373,18.62509804843232
2023-04-06,2.266434415774229,0.9279063588469291,2.063927359450578,1.3078868386528373,18.651556047511583
2023-04-10,2.266434415774229,0.9340227970042861,2.063927359450578,1.3078868386528373,18.75589478681737
2023-04-11,2.266434415774229,0.937093060662878,2.063927359450578,1.3078868386528373,18.757592298483935
2023-04-12,2.266434415774229,0.9268682492098483,2.063927359450578,1.3078868386528373,18.574042748470536
2023-04-13,2.2672106354284765,0.9449642607815039,2.063927359450578,1.308334770197923,18.851071925170313
2023-04-14,2.2658045901819035,0.9431358413905468,2.063927359450578,1.3075233864403593,18.793304373038854
2023-04-17,2.2679304502664195,0.9508962650986479,2.063927359450578,1.3087501523269007,18.837410272888928
2023-04-18,2.2700849105908163,0.951899216039582,2.063927359450578,1.3099934224974676,18.84577575838639
2023-04-19,2.269810268130106,0.9495791420206531,2.063927359450578,1.3098349351142906,18.79956150207278
2023-04-20,2.269186801392522,0.9432033676634305,2.063927359450578,1.3094751523935784,18.69837834730769
2023-04-21,2.2702507758860886,0.9441194610523883,2.0648950920610805,1.3094751523935784,18.71353765658963
2023-04-24,2.2711196820653208,0.9456003090591982,2.065685401274501,1.3094751523935784,18.69990907013156
2023-04-25,2.26980744607245,0.9245849081771189,2.064491863675005,1.3094751523935784,18.289030164139653
2023-04-26,2.267402411742222,0.9130513582124624,2.06413115846095,1.3083164531872142,18.16671304784572
2023-04-27,2.2761280279316254,0.928139116075927,2.065484630246178,1.3124933545433204,18.438234596595326
2023-04-28,2.287116393857235,0.9327968080663249,2.069629229912253,1.3161959745470218,18.61395557809338
2023-05-01,2.28460746480565,0.9327127042296576,2.06825266303667,1.315627567078,18.631526461882356
2023-05-02,2.264306410766377,0.9201982822435024,2.0574792926206387,1.3110608362670007,18.410644726268917
2023-05-03,2.2666007503932923,0.9137185574901575,2.0581906614477554,1.3116111909969663,18.305270884969737
2023-05-04,2.2708805513560293,0.9109729375585566,2.060472696663805,1.3126335190792964,18.26188366416775
2023-05-05,2.282078787010428,0.9282950678449637,2.0663591637219176,1.3153564169911764,18.57632333138871
2023-05-08,2.3011914601994845,0.9304717675662793,2.0653894476751766,1.326989958792709,18.62214069904651
2023-05-09,2.2923797527456835,0.9274118209293116,2.0606623329820195,1.3249457765221695,18.48839164060096
2023-05-10,2.2974598871944822,0.9348660464442007,2.0627373704333034,1.3261803391666225,18.624289137819893
2023-05-11,2.2991584056155294,0.9279341607606577,2.057335633734315,1.3291388276753133,18.619431295258345
2023-05-12,2.2954931775265455,0.9275082645959857,2.057075586435398,1.3274809154630922,18.587463142430995
2023-05-15,2.3042961770558357,0.9311307259762426,2.0597159199873003,1.3324466329416709,18.788541408801333
2023-05-16,2.298808506582042,0.9206499969606129,2.0573030987255216,1.3292734175719165,18.61763350061677
2023-05-17,2.3024030956383355,0.9309960890322624,2.0585219022526653,1.3310910919284762,18.838479081212775
2023-05-18,2.3033339212159807,0.9417393761935818,2.0577434139879442,1.3319268674588187,19.11128169276
2023-05-19,2.303866549119218,0.9410230378960436,2.0582803270493746,1.3308615498411187,19.063938061772344
2023-05-22,2.304877463739751,0.9486772533769345,2.0627487414832384,1.3294511482260676,19.1661570161203
2023-05-23,2.306193934546171,0.9375110912115364,2.0622415124399747,1.3294511482260676,18.90945294007894
2023-05-24,2.306471820605634,0.9310731533997321,2.0618563704241204,1.3294511482260676,18.765453639822585
2023-05-25,2.3017883402153063,0.921723722664094,2.0576696017880236,1.3294511482260676,18.87628240205166
2023-05-26,2.3054063325454117,0.923949905446482,2.056478524317647,1.3323103533010965,19.382928175301352
2023-05-30,2.299778873896196,0.9226201665313494,2.054324339260174,1.330453816325921,19.36452577681549
2023-05-31,2.2997615288644937,0.9268353891510979,2.0569791043543564,1.3287244612905813,19.28549881718237
2023-06-01,2.286819986688707,0.9338005092888492,2.049460403651692,1.3261040492168732,19.495980806868353
2023-06-02,2.31135083098888,0.9441190719130114,2.0682418055765144,1.3281767281098502,19.70046889347565
2023-06-05,2.312776845482097,0.9461450656835074,2.0695695372040483,1.3281435236916475,19.733846848624097
2023-06-06,2.3065085681637854,0.944683433668202,2.0630977625628835,1.3286971331330097,19.773369449936844
2023-06-07,2.307330730231088,0.9440028390966114,2.0630081699803284,1.3292284516325128,19.60148425634863
2023-06-08,2.3111466909067833,0.9526648873795334,2.065999158229811,1.3294996450516972,19.778140302650844
2023-06-09,2.30990863933571,0.9523932884836336,2.065755335513357,1.3289443525459619,19.752024109338453
2023-06-12,2.31154608387141,0.9663458313350508,2.065299277726069,1.3301798042810127,20.05470548343025
2023-06-13,2.311166073600447,0.9743130864588578,2.06507293315105,1.330106907102622,20.24365091879441
2023-06-14,2.3103797415110088,0.9727264750987513,2.064370329762693,1.330106907102622,20.298852396248147
2023-06-15,2.311009772219959,0.9832759122970514,2.0649332747535216,1.330106907102622,20.539936255628092
2023-06-16,2.3113858855692855,0.9779794012119102,2.0652693395246184,1.330106907102622,20.43331462393702
2023-06-20,2.310229876886186,0.9664239140914448,2.064236422734594,1.330106907102622,20.24771043881342
2023-06-21,2.309793606332294,0.9602844133342521,2.0638466063026795,1.330106907102622,20.042187485556603
2023-06-22,2.3095759944911682,0.960784802498993,2.063652165787056,1.330106907102622,20.140711645219223
2023-06-23,2.30906376415752,0.9498550884462841,2.0631944777785485,1.330106907102622,19.891758539660646
2023-06-26,2.307906352976029,0.9487627065453893,2.0621603078282686,1.330106907102622,19.851854526370452
2023-06-27,2.3080037120323658,0.9581001509165528,2.0622473000848336,1.330106907102622,20.182411183147064
2023-06-28,2.306187401326031,0.9571275602343973,2.060624390281558,1.330106907102622,20.187426390212785
2023-06-29,2.307942442382934,0.9588299353606593,2.062192554432364,1.330106907102622,20.1787532476157
2023-06-30,2.311172619362414,0.9702418518004547,2.065078781919781,1.330106907102622,20.436439153979066
2023-07-03,2.3121093887959234,0.9710693307937185,2.065915804072296,1.330106907102622,20.497402275390122
2023-07-05,2.312484638935649,0.971547541942106,2.066251097548416,1.330106907102622,20.42639440798299
2023-07-06,2.306932947101926,0.9565008797613337,2.0612905502861603,1.330106907102622,20.15053025907288
2023-07-07,2.305103845093684,0.954782799585363,2.0596562111997834,1.330106907102622,20.137011175338117
2023-07-10,2.308408233432831,0.9766229138266853,2.062608748015609,1.330106907102622,20.45366527074196
2023-07-11,2.307110720926256,0.9850777087609058,2.061449394740066,1.330106907102622,20.59455961220154
2023-07-12,2.308926159943317,0.9871121970149657,2.063071525671609,1.330106907102622,20.770175205450013
2023-07-13,2.311225342822117,0.9971805107276936,2.065125891381459,1.330106907102622,21.04542109644141
2023-07-14,2.311061243835241,0.9947777888856248,2.0649792656672683,1.330106907102622,20.976950768383634
2023-07-17,2.310226265917923,1.0040994457025307,2.0642331962625087,1.330106907102622,21.2030597977678
2023-07-18,2.309743905584904,1.0050132835371017,2.063802197694677,1.330106907102622,21.290531035763973
2023-07-19,2.311415761336408,1.004968266039995,2.065296034117771,1.330106907102622,21.30775818856156
2023-07-20,2.311415761336408,0.9894285437519016,2.065296034117771,1.330106907102622,21.061573477753676
2023-07-21,2.311415761336408,0.9947827530329353,2.065296034117771,1.330106907102622,21.144502788193982
2023-07-24,2.311415761336408,0.9908430521144708,2.065296034117771,1.330106907102622,21.097084357846597
2023-07-25,2.311415761336408,0.9993511902400432,2.065296034117771,1.330106907102622,21.205480105393647
2023-07-26,2.311415761336408,0.9975596321748279,2.065296034117771,1.330106907102622,21.18770344252872
2023-07-27,2.3100793157044492,1.0047445222259024,2.064101893319015,1.330106907102622,21.168383918419778
2023-07-28,2.311151768801386,1.0173773967980624,2.0650601515280878,1.330106907102622,21.51916285646202
2023-07-31,2.3133127785947374,1.0178882786270453,2.066991056833206,1.330106907102622,21.555948896123944
2023-08-01,2.312931772221303,1.0148047035107053,2.066650620047583,1.330106907102622,21.504261382487616
2023-08-02,2.313902297403143,0.9992373120466442,2.067517803633762,1.330106907102622,21.052908620896698
2023-08-03,2.3148015650682168,1.0062837814262968,2.0683213172090142,1.330106907102622,21.055340898200892
2023-08-04,2.3113536141227473,0.9912877325291736,2.0652405043441777,1.330106907102622,20.89758613014185
2023-08-07,2.3005522493044976,0.9929265143073762,2.055589269678679,1.330106907102622,21.073299032643813
2023-08-08,2.299459493637078,0.9773373633089946,2.054853478922339,1.3288550319263968,20.866890537048178
2023-08-09,2.3083570679493053,0.9730750354345907,2.062718440050183,1.3302963443600924,20.75954099224043
2023-08-10,2.3085780539466354,0.9741954723954821,2.0652386648345273,1.327792325298822,20.816704686186092
2023-08-11,2.308228490940196,0.9681320707351119,2.0660953281184393,1.328346326707924,20.676530088912255
2023-08-14,2.313593109491412,0.9787198307361255,2.0716932004472906,1.3291486921388618,20.852354443887464
2023-08-15,2.29815691344898,0.966828270102192,2.0599393688022203,1.3226726867282386,20.597749743897893
2023-08-16,2.297010427015269,0.9531549635446878,2.058855463193237,1.3232769340245825,20.378681011977694
2023-08-17,2.2994478358835746,0.9392314285606908,2.053843257998093,1.3267739960803415,20.172061943778633
2023-08-18,2.29803330220592,0.9399803229959861,2.054886217501664,1.3245456198264294,20.185317610595074
2023-08-21,2.3090053913082453,0.9559393755493871,2.065313319936439,1.324148599778965,20.440979856998965
2023-08-22,2.308851770011304,0.95552535444863,2.0659588709323233,1.323646615785076,20.397437380269196
2023-08-23,2.32251371850515,0.9668620189802423,2.0784938563088655,1.3234478188897296,20.646252798735166
2023-08-24,2.2993584805029017,0.9522399394046899,2.0518569674418305,1.3228610987157987,20.177197169157427
2023-08-25,2.3104823935178036,0.962728723541066,2.0603710202636325,1.3235224223442446,20.371290894424515
2023-08-28,2.314187359546375,0.9640829105237518,2.063191864139417,1.3238327240660037,20.515488437833444
2023-08-29,2.3199781675464455,0.9780256167107078,2.068531017983963,1.3237195294326822,20.910660768214733
2023-08-30,2.3266876875320577,0.983570681784276,2.0745133373006572,1.3237195294326822,21.039548751933612
2023-08-31,2.3213282954542294,0.9865288298601586,2.069734814422466,1.3237195294326822,21.05291621258381
2023-09-01,2.319007925144064,0.986844404483679,2.069481763937664,1.3225581971466482,21.13841447442946
2023-09-05,2.3143181009450453,0.9879351309463984,2.0669811502080284,1.3214816185464042,21.04328553734973
2023-09-06,2.3177651424836143,0.9878104182407229,2.068665458439131,1.3223730605683064,21.000755522843345
2023-09-07,2.3193481550428396,0.9764057074218939,2.0696010117059895,1.322678186590834,20.862729791924373
2023-09-08,2.3213672619707792,0.9752258319270312,2.070543419060882,1.3232273523678613,20.86014937461216
2023-09-11,2.3214024968825293,0.9808614995764694,2.0706084578873645,1.3232058724711022,21.009687241189127
2023-09-12,2.318649903037741,0.971474145265464,2.068153242084073,1.3232058724711022,20.841395142550912
2023-09-13,2.314210577453216,0.9745022442033544,2.0641935215638365,1.3232058724711022,20.84242776184642
2023-09-14,2.3172333665376383,0.9799537313307439,2.0668897419103813,1.3232058724711022,21.028995967664805
2023-09-15,2.3109759707955626,0.9604455811819268,2.061308367476051,1.3232058724711022,20.689368063974328
2023-09-18,2.3072238184391356,0.9618919868238377,2.057961581033401,1.3232058724711022,20.669921959693127
2023-09-19,2.306604257864186,0.9576750370483585,2.0574089550375274,1.3232058724711022,20.60033548019711
2023-09-20,2.3052608169105024,0.9502964087605941,2.0562106534913265,1.3232058724711022,20.417719275745704
2023-09-21,2.2884648797194673,0.9326156392882983,2.041229274927029,1.3232058724711022,20.053100601730453
2023-09-22,2.2865084712253374,0.9324320064579078,2.039484228137225,1.3232058724711022,20.07803228334945
2023-09-25,2.2812723093014777,0.9328293914319576,2.0348137579447565,1.3232058724711022,20.111364267613084
2023-09-26,2.2763254305427143,0.9230989867953785,2.030154129357955,1.3233666152037042,19.875576683265123
2023-09-27,2.287824095867314,0.9288776744728282,2.040993039274341,1.3229860894299381,19.96665643223502
2023-09-28,2.29863920172171,0.9321607292474323,2.047933596021555,1.324741251433352,20.16393761088497
2023-09-29,2.3074523370746243,0.9317999806472618,2.0547414901272285,1.3254165933702273,20.17474939797038
2023-10-02,2.2949284873996523,0.9272734409951342,2.0422066764227282,1.3263084231465256,20.14589238173845
2023-10-03,2.2816050892911504,0.9149874476311882,2.0304818150579504,1.3262231250369008,19.809181507170305
2023-10-04,2.294905193225119,0.9215941585535967,2.042318052320506,1.3262231250369008,20.04640554788514
2023-10-05,2.2802919465064826,0.9060514175319594,2.029313202418823,1.3262231250369008,19.896757098999615
2023-10-06,2.292205203761401,0.9188229036931247,2.0399152353156444,1.3262231250369008,20.238613744110076
2023-10-09,2.292749057340473,0.9224702435385721,2.040399230029516,1.3262231250369008,20.34468950108678
2023-10-10,2.310496806153701,0.9304534726940197,2.0561935852370037,1.3262231250369008,20.53392574485382
2023-10-11,2.307174110790533,0.9310722832546984,2.0532366000235873,1.3262231250369008,20.57196694030757
2023-10-12,2.2747565314947855,0.921872084201739,2.024387039003076,1.3262231250369008,20.376753930068844
2023-10-13,2.2817746252042324,0.9163942230996627,2.0289138432421985,1.3273491823365087,20.197520838030925
2023-10-16,2.3006719641018702,0.925204457387922,2.0442553349952814,1.3283054438857897,20.4702320054668
2023-10-17,2.310690845344062,0.928958715516525,2.052771814522704,1.3285561062167455,20.47683370383781
2023-10-18,2.312856479233005,0.9140124068610657,2.0552205154918166,1.3282164584167886,20.190457834535557
2023-10-19,2.319687610442847,0.8975527348391684,2.071429385912521,1.3216641879770146,19.952860121365998
2023-10-20,2.314839491043977,0.8901569906400338,2.069184206239469,1.320334450218635,19.65091959183213
2023-10-23,2.314829162943424,0.8851008236246919,2.071470253297673,1.318869845913897,19.59775416972295
