ticker,signal_date,entry_date,exit_date,entry_price,exit_price,days_held,gross_return,net_return,rsi_at_signal,sentiment_at_signal,exit_reason
QCOM,2010-01-29,2010-02-01,2010-02-08,25.82388613862573,25.073832823468134,5,-0.029044943550758373,-0.030044943550758374,21.473069322548426,-0.38488550062034177,max_hold
QCOM,2010-02-05,2010-02-08,2010-02-16,25.073832823468134,25.718609139778167,5,0.02571510789154452,0.02471510789154452,23.024164029715138,-0.38488550062034177,max_hold
QCOM,2010-02-25,2010-02-26,2010-03-05,24.53068433180967,26.096892770525127,5,0.0638469117913889,0.0628469117913889,29.898964057417587,-0.38488550062034177,max_hold
MSFT,2010-05-07,2010-05-10,2010-05-17,21.6442905056054,21.726361693039337,5,0.00379181694187114,0.00279181694187114,27.79384876567309,-0.2778956700761965,max_hold
EXC,2010-05-20,2010-05-21,2010-05-28,14.467865359218887,14.709822472628211,5,0.016723760375275454,0.015723760375275453,27.269630593243434,-0.29681318307120996,max_hold
MSFT,2010-05-20,2010-05-21,2010-05-28,19.958223861125315,19.366162814159527,5,-0.02966501684145384,-0.03066501684145384,27.500057234727777,-0.24620684842337645,max_hold
MSFT,2010-05-28,2010-06-01,2010-06-08,19.133823140471815,18.923970548289418,5,-0.010967624747116878,-0.011967624747116878,29.913420238676892,-0.30564424167274173,max_hold
EXC,2010-06-01,2010-06-02,2010-06-09,14.138970201437107,14.649333679500323,5,0.03609622700890491,0.03509622700890491,26.926121997740736,-0.29681318307120996,max_hold
ADBE,2010-06-28,2010-06-29,2010-07-07,28.3700008392334,26.34000015258789,5,-0.07155448102201611,-0.07255448102201612,29.522312929712044,-0.22417535987718407,max_hold
GOOG,2010-06-30,2010-07-01,2010-07-09,10.98661779769153,11.644645345895714,5,0.05989355052857559,0.05889355052857559,27.535577231678275,-0.37605316547342166,max_hold
ADBE,2010-07-06,2010-07-07,2010-07-14,26.34000015258789,28.170000076293945,5,0.06947607870557504,0.06847607870557504,24.076211869961824,-0.22417535987718407,max_hold
AMD,2010-08-11,2010-08-12,2010-08-19,6.349999904632568,6.480000019073486,5,0.020472459274539112,0.01947245927453911,27.905206060009547,-0.35833660710299525,max_hold
AMD,2010-08-20,2010-08-23,2010-08-30,6.300000190734863,6.019999980926514,5,-0.04444447640178384,-0.04544447640178384,27.726379053990343,-0.35833660710299525,max_hold
ISRG,2010-08-24,2010-08-25,2010-09-01,30.17888832092285,30.134443283081055,5,-0.0014727195173382945,-0.0024727195173382946,21.75537405066197,-0.3735853850552146,max_hold
INTC,2010-08-24,2010-08-25,2010-09-01,12.093202270061619,11.8812732376733,5,-0.01752464133614784,-0.01852464133614784,27.849211175118114,-0.3138412394752029,max_hold
AMD,2010-08-30,2010-08-31,2010-09-08,5.690000057220459,5.960000038146973,5,0.047451665766486295,0.046451665766486294,28.772097999723854,-0.47968777377369076,max_hold
ISRG,2010-08-31,2010-09-01,2010-09-09,30.134443283081055,31.55555534362793,5,0.0471590613835815,0.0461590613835815,27.113569265029838,-0.3735853850552146,max_hold
CSCO,2010-11-18,2010-11-19,2010-11-29,12.665212365805914,12.435280428827358,5,-0.018154605729260087,-0.019154605729260088,26.742223083106452,-0.2359994084743911,max_hold
ISRG,2010-11-19,2010-11-22,2010-11-30,27.501110076904297,27.956666946411133,5,0.016565035674302342,0.015565035674302341,28.46720602968611,-0.3735853850552146,max_hold
TSLA,2011-01-20,2011-01-21,2011-01-28,1.5413329601287842,1.658666968345642,5,0.07612502376323294,0.07512502376323293,29.042704250840572,-0.9370174543078736,max_hold
MRVL,2011-03-04,2011-03-07,2011-03-14,13.806124364246266,13.201787935107378,5,-0.04377306861757224,-0.04477306861757224,27.213486834845256,-0.22347585959894384,max_hold
MRVL,2011-03-11,2011-03-14,2011-03-21,13.201787935107378,13.49119091973653,5,0.02192149927356013,0.02092149927356013,27.636643588632126,-0.22347585959894384,max_hold
NVDA,2011-03-16,2011-03-17,2011-03-24,0.4116123521271266,0.4159572128444685,5,0.010555710232913462,0.009555710232913461,29.737664481070595,-0.2829910598249369,max_hold
MRVL,2011-03-21,2011-03-22,2011-03-29,13.193275949352877,13.925292065196173,5,0.05548402979316136,0.05448402979316136,29.50168813444192,-0.22347585959894384,max_hold
MU,2011-06-08,2011-06-09,2011-06-16,8.317919901678753,7.91811455301943,5,-0.04806554443721345,-0.04906554443721345,26.50727037616393,-0.2132580645350545,max_hold
MU,2011-06-15,2011-06-16,2011-06-23,7.91811455301943,7.8498552116638205,5,-0.008620655952695233,-0.009620655952695234,24.40303050388482,-0.2355178401081812,max_hold
NVDA,2011-06-17,2011-06-20,2011-06-27,0.3583312928955091,0.35993216347988144,5,0.004467571256298708,0.003467571256298708,28.653412690875513,-0.3469911325083474,max_hold
MU,2011-06-24,2011-06-27,2011-07-05,7.069744449069895,7.684082474977022,5,0.0868967796973128,0.0858967796973128,25.820195726963902,-0.351353884412671,max_hold
MCHP,2011-07-12,2011-07-13,2011-07-20,11.433285672713213,11.329812549778401,5,-0.009050165096614493,-0.010050165096614494,26.005429582882513,-0.28162430365764124,max_hold
NXPI,2011-08-01,2011-08-02,2011-08-09,16.647900175173646,12.674505196702603,5,-0.23867244136869648,-0.23967244136869648,29.10941741229574,-0.4263443598407452,max_hold
MAR,2011-08-02,2011-08-03,2011-08-10,24.25835021542563,22.07710767017528,5,-0.08991718422233508,-0.09091718422233508,25.147229447027854,-0.41638079322375937,max_hold
CHTR,2011-08-02,2011-08-03,2011-08-10,51.0099983215332,44.400001525878906,5,-0.12958237626257618,-0.13058237626257618,28.446809592891995,-0.7860577946250175,max_hold
CSCO,2011-08-08,2011-08-09,2011-08-11,9.052082667647573,9.939920402432588,2,0.09808104580818444,0.09708104580818444,28.480199217545135,-0.5969165656718176,rsi_reversion
MU,2011-08-04,2011-08-05,2011-08-12,6.357895093698907,6.250629702956568,5,-0.016871211173120293,-0.017871211173120294,28.24683172504045,-0.5885699786949347,max_hold
CSCO,2011-08-10,2011-08-11,2011-08-12,9.939920402432588,10.255165343127327,1,0.03171503673385456,0.03071503673385456,28.109455261470714,-0.32343172613827803,rsi_reversion
AMAT,2011-08-05,2011-08-08,2011-08-15,8.834679764626602,9.231566400892435,5,0.044923715045670054,0.04392371504567005,29.898524555312733,-0.2165858810634887,max_hold
NXPI,2011-08-08,2011-08-09,2011-08-16,12.674505196702603,16.218101492636897,5,0.2795845866122013,0.2785845866122013,17.8684623988175,-0.4263443598407452,max_hold
TXN,2011-08-08,2011-08-09,2011-08-16,17.714720567647227,18.148904295121266,5,0.02450977004215349,0.02350977004215349,20.790305017332756,-0.2655921399590852,max_hold
MAR,2011-08-09,2011-08-10,2011-08-17,22.07710767017528,23.143780205706793,5,0.04831577358172323,0.04731577358172323,27.445789572901106,-0.41638079322375937,max_hold
CHTR,2011-08-09,2011-08-10,2011-08-17,44.400001525878906,48.72999954223633,5,0.0975224744943679,0.0965224744943679,29.197845433726116,-0.7860577946250175,max_hold
MAR,2011-08-19,2011-08-22,2011-08-29,21.647001140621473,22.540241613614306,5,0.04126393615403057,0.040263936154030566,29.627734497907753,-0.41638079322375937,max_hold
ILMN,2011-09-21,2011-09-22,2011-09-29,39.28988265991211,40.875484466552734,5,0.040356491271948514,0.03935649127194851,28.784091780188845,-0.20570557403192963,max_hold
ILMN,2011-10-03,2011-10-04,2011-10-11,36.57587432861328,25.554475784301758,5,-0.30132973569655697,-0.30232973569655697,26.65188589913045,-0.20570557403192963,max_hold
ILMN,2011-10-10,2011-10-11,2011-10-18,25.554475784301758,26.206226348876953,5,0.02550436056980554,0.02450436056980554,17.944037749878504,-0.4860207907107421,max_hold
NFLX,2011-10-11,2011-10-12,2011-10-19,1.5628570318222046,1.5808570384979248,5,0.011517372548615734,0.010517372548615733,22.20464851614507,-0.22493285148347977,max_hold
ILMN,2011-10-17,2011-10-18,2011-10-25,26.206226348876953,26.721790313720703,5,0.01967333861732601,0.018673338617326007,21.594822411266378,-0.4860207907107421,max_hold
NFLX,2011-10-27,2011-10-28,2011-11-04,1.1468570232391357,1.3067140579223633,5,0.1393870652086464,0.1383870652086464,25.026014287607595,-0.23569998273124856,max_hold
DXCM,2011-11-03,2011-11-04,2011-11-11,1.965000033378601,1.7949999570846558,5,-0.08651403226780052,-0.08751403226780052,29.109821335259497,-0.5379748411518208,max_hold
VRTX,2011-11-07,2011-11-08,2011-11-15,32.68000030517578,29.959999084472656,5,-0.08323137072530373,-0.08423137072530373,27.675174349441136,-0.36664742071651757,max_hold
DXCM,2011-11-10,2011-11-11,2011-11-18,1.7949999570846558,1.8125,5,0.009749327762529347,0.008749327762529346,25.569934101626274,-0.5379748411518208,max_hold
VRTX,2011-11-14,2011-11-15,2011-11-22,29.959999084472656,27.56999969482422,5,-0.07977301277312454,-0.08077301277312454,26.785941536127126,-0.23231958518338652,max_hold
DXCM,2011-11-17,2011-11-18,2011-11-28,1.8125,1.784999966621399,5,-0.015172432208883313,-0.016172432208883314,29.01599125163125,-0.5379748411518208,max_hold
DXCM,2011-11-25,2011-11-28,2011-12-02,1.784999966621399,2.0274999141693115,4,0.13585431489217914,0.13485431489217914,29.844385558803012,-0.5379748411518208,rsi_reversion
NFLX,2011-11-25,2011-11-28,2011-12-05,0.9599999785423279,0.9564290046691895,5,-0.0037197645343290953,-0.004719764534329095,24.436337297162325,-0.23925494685156842,max_hold
BKR,2012-03-27,2012-03-28,2012-04-04,21.29903869112812,20.967273183402963,5,-0.015576548431894821,-0.016576548431894822,28.857119298847508,-0.6933068239368033,max_hold
TMUS,2012-04-10,2012-04-11,2012-04-18,13.250594568615384,13.045769898686267,5,-0.015457772016831073,-0.016457772016831074,29.041480586623905,-0.9505197871476412,max_hold
BKR,2012-04-10,2012-04-11,2012-04-18,20.880504303225344,21.140809683490925,5,0.012466431676430911,0.01146643167643091,29.47108180873181,-0.6933068239368033,max_hold
TMUS,2012-04-18,2012-04-19,2012-04-26,12.604609339751615,10.729672445290388,5,-0.14875009958049001,-0.14975009958049001,28.775789014602836,-0.9505197871476412,max_hold
MU,2012-04-20,2012-04-23,2012-04-30,6.387148518594547,6.406650460962966,5,0.0030533096751461652,0.0020533096751461652,27.76323758909821,-0.551194012487632,max_hold
AVGO,2012-04-24,2012-04-25,2012-05-02,2.4644394635928215,2.435890694886127,5,-0.011584284835738812,-0.012584284835738813,27.514380692280014,-0.22113692336168503,max_hold
TMUS,2012-04-26,2012-04-27,2012-05-04,11.155079165361796,10.839964537271111,5,-0.028248533553142607,-0.02924853355314261,21.33019458657681,-0.9505197871476412,max_hold
MU,2012-04-27,2012-04-30,2012-05-07,6.406650460962966,6.435904439216162,5,0.004566189217196426,0.0035661892171964258,28.99837418872457,-0.5010142535082774,max_hold
TMUS,2012-05-03,2012-05-04,2012-05-11,10.839964537271111,11.092056274414062,5,0.023255771388936086,0.022255771388936085,24.867903355696285,-0.9505197871476412,max_hold
AVGO,2012-05-07,2012-05-08,2012-05-15,2.218922927227131,2.2260608768990644,5,0.003216853359054417,0.002216853359054417,29.178323696107142,-0.2160392579578425,max_hold
QCOM,2012-05-16,2012-05-17,2012-05-24,40.48421628547301,39.90353910970974,5,-0.014343297932918997,-0.015343297932918998,29.184453845049774,-0.24114092240557444,max_hold
TXN,2012-05-17,2012-05-18,2012-05-25,20.025066963008324,19.617774727302496,5,-0.020339119787125104,-0.021339119787125105,25.773363054026078,-0.5148238093934978,max_hold
NFLX,2012-05-18,2012-05-21,2012-05-29,0.9978569746017456,1.0151430368423462,5,0.017323186268753288,0.016323186268753287,26.89501021999925,-0.3042771776546158,max_hold
TXN,2012-05-24,2012-05-25,2012-06-04,19.617774727302496,18.348391516507842,5,-0.06470576956050089,-0.06570576956050089,29.86584383907585,-0.5148238093934978,max_hold
INTC,2012-06-04,2012-06-05,2012-06-08,17.570091052082255,18.159499811445325,3,0.03354614142954149,0.032546141429541486,29.84580570949153,-0.34916853176855495,rsi_reversion
TXN,2012-06-01,2012-06-04,2012-06-11,18.348391516507842,19.441278150816835,5,0.05956307577837183,0.05856307577837183,22.60945181473599,-0.5148238093934978,max_hold
CSCO,2012-06-04,2012-06-05,2012-06-12,10.447325689561495,10.779087299926939,5,0.03175564926600538,0.03075564926600538,28.181948178626328,-0.2866751290190853,max_hold
FAST,2012-06-05,2012-06-06,2012-06-13,6.780395162080194,6.766563600516225,5,-0.0020399344335154668,-0.003039934433515467,26.75136317897463,-0.2241905818040078,max_hold
TMUS,2012-06-14,2012-06-15,2012-06-22,9.0280506137028,9.421946328975123,5,0.04363020679951313,0.042630206799513126,28.639378434172727,-0.31729187061270214,max_hold
ORLY,2012-06-27,2012-06-28,2012-07-06,5.473999977111816,5.767333030700684,5,0.05358660117197056,0.05258660117197056,26.586906223579703,-0.4438955531930844,max_hold
LULU,2012-07-12,2012-07-13,2012-07-20,55.52000045776367,58.4900016784668,5,0.053494257856905536,0.052494257856905535,29.92200762289299,-0.24773571811325554,max_hold
AMD,2012-07-20,2012-07-23,2012-07-30,4.150000095367432,4.079999923706055,5,-0.016867510856088175,-0.017867510856088176,23.8289548733311,-0.435059266730303,max_hold
META,2012-07-27,2012-07-30,2012-08-06,23.772314475738238,21.187078667788644,5,-0.10874985734300535,-0.10974985734300535,24.71859442692832,-0.36462113434824167,max_hold
AMD,2012-07-31,2012-08-01,2012-08-08,4.090000152587891,4.050000190734863,5,-0.009779941408490589,-0.01077994140849059,24.703902840986473,-0.3239598851019053,max_hold
SBUX,2012-07-31,2012-08-01,2012-08-08,17.273589306710022,17.268261176366682,5,-0.00030845530993783843,-0.0013084553099378384,29.32720167572826,-0.2856212081818246,max_hold
META,2012-08-03,2012-08-06,2012-08-13,21.187078667788644,21.939865856966264,5,0.03553048539542658,0.03453048539542658,24.96635759551326,-0.3226957801346507,max_hold
MNST,2012-08-13,2012-08-14,2012-08-21,4.514999866485596,5.02666711807251,5,0.11332608343689454,0.11232608343689454,25.38773041329246,-0.30933234595907233,max_hold
META,2012-08-14,2012-08-15,2012-08-22,20.444189782653932,19.17633610717657,5,-0.06201535443351658,-0.06301535443351658,29.547930486857595,-0.34478075851987205,max_hold
AMD,2012-08-28,2012-08-29,2012-09-06,3.799999952316284,3.549999952316284,5,-0.06578947450975958,-0.06678947450975958,29.390880917173448,-0.25062894243752115,max_hold
CSX,2012-09-05,2012-09-06,2012-09-11,5.68373008118146,5.903148114094212,3,0.038604583570784445,0.037604583570784444,29.988134846675678,-0.36848504696473466,rsi_reversion
AMD,2012-09-05,2012-09-06,2012-09-13,3.549999952316284,3.819999933242798,5,0.07605633367694709,0.07505633367694708,23.014553814290508,-0.5053617344510019,max_hold
EXC,2012-09-05,2012-09-06,2012-09-13,15.25023545259221,14.770869578739056,5,-0.03143334247811058,-0.03243334247811058,28.50823266431513,-0.21767459674765188,max_hold
EXC,2012-09-12,2012-09-13,2012-09-20,14.770869578739056,15.033889160254455,5,0.01780664165459722,0.01680664165459722,24.831164637672984,-0.3772739564669921,max_hold
MNST,2012-09-12,2012-09-13,2012-09-20,4.1875,4.480000019073486,5,0.0698507508235191,0.0688507508235191,27.970955678214594,-0.36512270819372145,max_hold
KLAC,2012-09-24,2012-09-25,2012-10-02,2.8841444849176456,2.873822233650892,5,-0.003578964688049746,-0.004578964688049746,29.776028668382466,-0.39034971334874535,max_hold
MRVL,2012-09-26,2012-09-27,2012-10-04,7.94253947488793,7.899513035787955,5,-0.005417214385400659,-0.006417214385400659,28.84009152007377,-0.28674808409347785,max_hold
INTC,2012-09-26,2012-09-27,2012-10-04,16.110157393949585,15.98274292477659,5,-0.007908952473726139,-0.00890895247372614,29.741400429674314,-0.31774214647123433,max_hold
ENPH,2012-10-01,2012-10-02,2012-10-09,3.940000057220459,3.640000104904175,5,-0.07614211877142063,-0.07714211877142063,28.089739604508054,-0.46450255464331774,max_hold
ENPH,2012-10-08,2012-10-09,2012-10-16,3.640000104904175,3.8399999141693115,5,0.05494500096186172,0.05394500096186172,26.650838950187918,-0.46450255464331774,max_hold
KLAC,2012-10-10,2012-10-11,2012-10-18,2.769993261946429,2.785780854859704,5,0.005699505890560008,0.004699505890560008,27.11543398724764,-0.32035720802959383,max_hold
INTC,2012-10-10,2012-10-11,2012-10-18,15.480190751761867,15.444797869527685,5,-0.002286333728165113,-0.003286333728165113,28.382792799083347,-0.2877269862528668,max_hold
DLTR,2012-10-12,2012-10-15,2012-10-22,41.20000076293945,38.880001068115234,5,-0.05631067116171329,-0.05731067116171329,26.228112477286132,-0.3035120982930384,max_hold
AMD,2012-10-12,2012-10-15,2012-10-22,2.7899999618530273,2.2300000190734863,5,-0.2007168281133621,-0.2017168281133621,26.55610073307767,-0.4415022445899411,max_hold
AMD,2012-10-19,2012-10-22,2012-10-31,2.2300000190734863,2.130000114440918,5,-0.04484300617814163,-0.04584300617814163,20.595304497904095,-0.38499714387831774,max_hold
DLTR,2012-10-19,2012-10-22,2012-10-31,38.880001068115234,39.209999084472656,5,0.008487603068201732,0.007487603068201732,22.135625889771063,-0.4363898602116852,max_hold
MRVL,2012-10-22,2012-10-23,2012-11-01,6.333378478673632,6.789449716418362,5,0.07201073475720077,0.07101073475720077,19.89473476165894,-0.30960645519369345,max_hold
MSFT,2012-10-22,2012-10-23,2012-11-01,22.041570822563987,22.89085482133705,5,0.038531010589483605,0.037531010589483604,26.95194912745481,-0.20283256870602523,rsi_reversion
MNST,2012-10-23,2012-10-24,2012-11-02,3.581666946411133,3.6500000953674316,5,0.019078588260354357,0.018078588260354356,23.02749589344151,-0.24547897877661465,max_hold
CSCO,2012-10-25,2012-10-26,2012-11-06,11.324561150269838,11.482583215996899,5,0.013953924009081353,0.012953924009081352,28.73441557260233,-0.2237470602749291,max_hold
AMD,2012-10-26,2012-10-31,2012-11-07,2.130000114440918,2.069999933242798,5,-0.02816909764057407,-0.02916909764057407,22.081944059285732,-0.3314762602996515,max_hold
EXC,2012-11-01,2012-11-02,2012-11-09,14.160019900657558,13.358263960685296,5,-0.056621102625359354,-0.057621102625359355,27.739840655817076,-0.38109309474472725,max_hold
DLTR,2012-11-06,2012-11-07,2012-11-14,39.0,37.900001525878906,5,-0.028205089080028056,-0.029205089080028057,29.153087323251526,-0.4363898602116852,max_hold
EXC,2012-11-08,2012-11-09,2012-11-16,13.358263960685296,12.670896901111279,5,-0.05145631659899874,-0.05245631659899874,22.735723338753886,-0.4847303113953793,max_hold
AAPL,2012-11-08,2012-11-09,2012-11-16,16.307304186578,15.848044483379153,5,-0.02816282188302155,-0.02916282188302155,24.324301774404404,-0.2365291801106496,max_hold
PANW,2012-11-08,2012-11-09,2012-11-16,8.616666793823242,8.451666831970215,5,-0.019148931460516216,-0.020148931460516217,29.35429512835141,-0.6068944207262397,max_hold
XEL,2012-11-09,2012-11-12,2012-11-19,16.859917985749224,16.739528838359345,5,-0.007140553559728868,-0.00814055355972887,28.033149887980414,-0.3180001977173539,max_hold
DLTR,2012-11-13,2012-11-14,2012-11-19,37.900001525878906,38.9900016784668,3,0.02875989732727624,0.02775989732727624,25.276277297388873,-0.4363898602116852,rsi_reversion
VRTX,2012-11-12,2012-11-13,2012-11-20,43.88999938964844,41.40999984741211,5,-0.05650488896614658,-0.05750488896614658,28.832606441241737,-0.2615903107620451,max_hold
MRVL,2012-11-14,2012-11-15,2012-11-23,6.393615493597519,6.746424469357006,5,0.05518145032537314,0.05418145032537314,28.2523447973292,-0.28696894032045744,rsi_reversion
CSX,2012-11-14,2012-11-15,2012-11-23,5.168227797948384,5.141792205482689,5,-0.005115020757441968,-0.006115020757441968,29.806119189944795,-0.36068594184861896,max_hold
EXC,2012-11-15,2012-11-16,2012-11-26,12.670896901111279,12.437852545472571,5,-0.01839209627049121,-0.01939209627049121,16.673171301923617,-0.5317251196268076,max_hold
VRTX,2012-11-19,2012-11-20,2012-11-28,41.40999984741211,38.939998626708984,5,-0.05964745785570169,-0.06064745785570169,27.050575314675086,-0.2615903107620451,max_hold
EXC,2012-11-23,2012-11-26,2012-12-03,12.437852545472571,13.042052296647286,5,0.04857749751942886,0.04757749751942886,14.044256542976697,-0.29813452701535365,max_hold
VRTX,2012-11-27,2012-11-28,2012-12-05,38.939998626708984,39.630001068115234,5,0.017719631888558407,0.016719631888558406,27.104503471921248,-0.20552014559961881,max_hold
MRVL,2012-12-27,2012-12-28,2013-01-07,6.135087109296655,6.750330732380509,5,0.10028278525199097,0.09928278525199097,28.590595724183316,-0.5601602360986375,max_hold
ISRG,2013-03-15,2013-03-18,2013-03-25,51.68888854980469,54.445556640625,5,0.0533319281602298,0.0523319281602298,27.33745291234247,-0.48986105562854715,max_hold
AAPL,2013-04-18,2013-04-19,2013-04-26,11.77531786954153,12.43818395490226,5,0.056292840049382065,0.055292840049382064,28.463120813574676,-0.5102460796091087,max_hold
XEL,2013-05-29,2013-05-30,2013-06-06,18.610642597288418,18.391006781011335,5,-0.011801624534398591,-0.012801624534398592,27.875194565352587,-0.24508042121339582,max_hold
PANW,2013-06-18,2013-06-19,2013-06-26,6.921667098999023,6.908332824707031,5,-0.001926454147718304,-0.002926454147718304,28.396365551149017,-0.22551150505654202,max_hold
FAST,2013-06-20,2013-06-21,2013-06-28,7.999585764277487,8.258956849786964,5,0.03242306453763022,0.03142306453763022,27.830486358422235,-0.29496601473454165,max_hold
CSX,2013-06-24,2013-06-25,2013-07-02,6.171735410984725,6.239111694842729,5,0.010916910620971443,0.009916910620971442,28.190388215020747,-0.3402939851580171,max_hold
ISRG,2013-07-09,2013-07-10,2013-07-17,46.393333435058594,47.0,5,0.013076589242948522,0.012076589242948521,20.502114577319247,-0.26739151329784167,max_hold
ISRG,2013-07-16,2013-07-17,2013-07-24,47.0,43.733333587646484,5,-0.06950354068837272,-0.07050354068837272,25.077001242268523,-0.37076491770051795,max_hold
ISRG,2013-07-23,2013-07-24,2013-07-31,43.733333587646484,42.981109619140625,5,-0.017200243082277744,-0.018200243082277745,23.377398953159528,-0.24517494117698618,max_hold
XEL,2013-08-19,2013-08-20,2013-08-27,17.915185254039333,17.91517978459471,5,-3.0529657080169414e-07,-0.0010003052965708017,27.041803038660845,-0.2278581536349285,max_hold
ON,2013-10-09,2013-10-10,2013-10-17,6.880000114440918,7.070000171661377,5,0.027616286927329314,0.026616286927329313,27.697467719519423,-0.25285382105806764,max_hold
AMD,2013-10-22,2013-10-23,2013-10-30,3.200000047683716,3.3499999046325684,5,0.046874954598025154,0.04587495459802515,29.705577411982887,-0.3125299738420887,max_hold
TSLA,2013-11-18,2013-11-19,2013-11-26,7.961999893188477,7.958666801452637,5,-0.0004186249410391696,-0.0014186249410391696,27.924450311091604,-0.36106810935443173,max_hold
MELI,2013-11-18,2013-11-19,2013-11-26,108.64688789837919,108.04766484919061,5,-0.0055153264007805625,-0.0065153264007805625,28.847335962667856,-0.28552887962580936,max_hold
MELI,2013-12-03,2013-12-04,2013-12-11,102.15361144378738,106.14192825392593,5,0.03904234763479919,0.03804234763479919,29.048369097692202,-0.28552887962580936,max_hold
LULU,2013-12-13,2013-12-16,2013-12-23,59.65999984741211,58.900001525878906,5,-0.012738825401893972,-0.013738825401893973,23.791776789710056,-0.3007961821936147,max_hold
CSCO,2013-12-13,2013-12-16,2013-12-23,13.802641710586748,14.413076508733129,5,0.04422593956620435,0.04322593956620435,28.811278138060004,-0.4795065614889486,rsi_reversion
MELI,2013-12-13,2013-12-16,2013-12-23,99.52093683465016,101.67227280852175,5,0.021616918432409316,0.020616918432409315,29.926655433893842,-0.28552887962580936,max_hold
LULU,2013-12-20,2013-12-23,2013-12-31,58.900001525878906,59.119998931884766,5,0.0037351001749839075,0.0027351001749839074,26.9177390378579,-0.43776527951345817,max_hold
LULU,2014-01-02,2014-01-03,2014-01-10,58.83000183105469,58.29999923706055,5,-0.009009052821656871,-0.010009052821656872,28.87760645609052,-0.34505639358028467,max_hold
COST,2014-01-07,2014-01-08,2014-01-15,92.06249788564723,92.08632015741024,5,0.0002587619531309038,-0.0007412380468690962,29.420535844065853,-0.3081244943761823,max_hold
MELI,2014-01-13,2014-01-14,2014-01-16,93.3089293864293,96.82057990983235,2,0.037634667405301636,0.036634667405301635,28.688507061328053,-0.28552887962580936,rsi_reversion
LULU,2014-01-13,2014-01-14,2014-01-22,49.88999938964844,47.779998779296875,5,-0.04229305744969325,-0.04329305744969325,21.777197008654255,-0.34724939868667676,max_hold
LULU,2014-01-21,2014-01-22,2014-01-29,47.779998779296875,46.18000030517578,5,-0.03348678348678347,-0.03448678348678347,21.954844188947774,-0.41001136808354893,max_hold
DLTR,2014-01-22,2014-01-23,2014-01-30,52.689998626708984,51.029998779296875,5,-0.03150502734252569,-0.032505027342525694,21.891385102767316,-0.25861691938184284,max_hold
LULU,2014-01-28,2014-01-29,2014-02-05,46.18000030517578,44.79999923706055,5,-0.029883089194362,-0.030883089194362,23.805095376017775,-0.5813007824923554,max_hold
DLTR,2014-01-29,2014-01-30,2014-02-06,51.029998779296875,49.939998626708984,5,-0.021359987824066118,-0.02235998782406612,13.558661559137633,-0.25861691938184284,max_hold
SBUX,2014-01-29,2014-01-30,2014-02-06,28.046968541290422,27.52210409531068,5,-0.018713767415078797,-0.019713767415078798,29.75669029907867,-0.22675259104456114,max_hold
LULU,2014-02-04,2014-02-05,2014-02-12,44.79999923706055,48.7599983215332,5,0.08839283821230004,0.08739283821230004,25.510137957099772,-0.5813007824923554,max_hold
AMZN,2014-03-31,2014-04-01,2014-04-08,16.904499053955078,16.0939998626709,5,-0.04794576808796658,-0.04894576808796658,29.11580652925292,-0.31679588472298525,max_hold
NFLX,2014-04-04,2014-04-07,2014-04-14,4.864428997039795,4.755570888519287,5,-0.02237839396705188,-0.02337839396705188,22.319880217280044,-0.24527489305266947,max_hold
WDAY,2014-04-10,2014-04-11,2014-04-21,74.5,79.79000091552734,5,0.07100672369835359,0.07000672369835359,29.232302399442503,-0.22444464580303844,max_hold
INTU,2014-04-11,2014-04-14,2014-04-22,66.11888208480339,67.2090042268474,5,0.016487304498673083,0.015487304498673082,27.99468629942585,-0.22312050741282588,max_hold
ASML,2014-04-16,2014-04-17,2014-04-25,72.36740707498718,74.36997024368013,5,0.027672169691224102,0.0266721696912241,28.18418531908084,-0.3899127871090926,max_hold
ISRG,2014-04-25,2014-04-28,2014-05-05,40.988887786865234,40.15444564819336,5,-0.020357764841310688,-0.02135776484131069,29.666352679448835,-0.47433287965626575,max_hold
LULU,2014-04-28,2014-04-29,2014-05-06,45.20000076293945,45.349998474121094,5,0.0033185333772078884,0.0023185333772078884,29.61761878215198,-0.5817006120991842,max_hold
ISRG,2014-05-07,2014-05-08,2014-05-15,39.101112365722656,41.43888854980469,5,0.05978797130414648,0.05878797130414648,28.28305342703193,-0.3781081991443148,max_hold
LULU,2014-05-07,2014-05-08,2014-05-15,43.09000015258789,44.95000076293945,5,0.043165481637619685,0.042165481637619684,28.8808691328872,-0.5817006120991842,max_hold
ON,2014-05-15,2014-05-16,2014-05-23,8.479999542236328,8.489999771118164,5,0.001179272337460402,0.00017927233746040192,28.51406369522398,-0.3111403391696258,max_hold
EBAY,2014-06-10,2014-06-11,2014-06-18,17.92678260291638,18.257116025715064,5,0.018426810327077048,0.017426810327077047,27.090173204243783,-0.532391772630749,max_hold
EXC,2014-07-14,2014-07-15,2014-07-22,15.1655298940123,14.865911146560633,5,-0.01975656304432616,-0.02075656304432616,28.39480315407924,-0.2292234974774761,max_hold
CTSH,2014-08-06,2014-08-07,2014-08-14,38.43644928680976,39.27240610274669,5,0.021749064532446516,0.020749064532446515,23.60651161861911,-0.4944078692654267,max_hold
MDLZ,2014-08-07,2014-08-08,2014-08-15,26.607756265739006,27.258944815039417,5,0.0244736362884872,0.0234736362884872,24.578838383661903,-0.23182856280175476,max_hold
ADBE,2014-09-17,2014-09-18,2014-09-25,67.27999877929688,68.8499984741211,5,0.023335310988551017,0.022335310988551016,29.283232548034775,-0.31691234802882123,max_hold
CMCSA,2014-10-02,2014-10-03,2014-10-08,18.5388713189362,18.717669267195735,3,0.00964448941812912,0.00864448941812912,29.60897890513229,-0.2951080503156542,rsi_reversion
ON,2014-10-01,2014-10-02,2014-10-09,8.760000228881836,8.630000114440918,5,-0.014840195324687944,-0.015840195324687945,29.748430343664864,-0.2185157510440118,max_hold
CHTR,2014-10-01,2014-10-02,2014-10-09,148.52000427246094,154.2100067138672,5,0.03831135387639706,0.03731135387639706,29.777901975823056,-0.2040900046806187,max_hold
ADI,2014-10-03,2014-10-06,2014-10-13,37.58135036119788,34.145566493263644,5,-0.09142257622231753,-0.09242257622231753,29.586912190002124,-0.21287469611256088,max_hold
ON,2014-10-10,2014-10-13,2014-10-20,7.340000152587891,7.389999866485596,5,0.0068119499806926775,0.0058119499806926775,20.48350912640666,-0.34822143352877855,max_hold
MCHP,2014-10-10,2014-10-13,2014-10-20,15.500281990785215,14.900069807193624,5,-0.03872266220372067,-0.03972266220372067,20.5793648988882,-0.23609255432806797,max_hold
ADI,2014-10-10,2014-10-13,2014-10-20,34.145566493263644,35.18339262443598,5,0.030394169368286317,0.029394169368286316,23.527621505211172,-0.34374400904914626,max_hold
AMD,2014-10-13,2014-10-14,2014-10-21,2.609999895095825,2.700000047683716,5,0.03448281846945678,0.03348281846945678,10.9802021435774,-0.24182083108619484,max_hold
CHTR,2014-10-15,2014-10-16,2014-10-21,140.75,150.39999389648438,3,0.06856123549900084,0.06756123549900084,29.81358965783744,-0.42419613931330324,rsi_reversion
GOOG,2014-10-17,2014-10-20,2014-10-27,25.164407489145376,26.526728427246333,5,0.05413681759400024,0.05313681759400024,24.708456627083024,-0.21888836002803502,max_hold
GOOGL,2014-10-17,2014-10-20,2014-10-27,25.777210007501985,27.129840549155965,5,0.05247389229712307,0.05147389229712307,24.933903239121904,-0.21287694571312835,max_hold
MCHP,2014-10-17,2014-10-20,2014-10-27,14.900069807193624,15.960185381989161,5,0.07114836296160987,0.07014836296160987,25.12340200030266,-0.23609255432806797,max_hold
AMD,2014-10-20,2014-10-21,2014-10-28,2.700000047683716,2.690000057220459,5,-0.0037037001061669406,-0.004703700106166941,18.50627559007168,-0.25310383364792116,max_hold
AMZN,2014-10-24,2014-10-27,2014-11-03,14.28499984741211,15.312000274658203,5,0.07189362535640109,0.07089362535640109,29.04269136155706,-0.2473046258535593,max_hold
NFLX,2014-11-28,2014-12-01,2014-12-08,4.9285712242126465,4.988142967224121,5,0.01208702082234625,0.01108702082234625,29.819660661045177,-0.28002855420499584,max_hold
PEP,2014-12-16,2014-12-17,2014-12-22,64.72815307072771,66.82088937307063,3,0.032331160446617435,0.031331160446617434,28.13040724793082,-0.44719792774708284,rsi_reversion
GOOGL,2014-12-16,2014-12-17,2014-12-23,24.757416470735144,26.473588215882295,4,0.06931950056968894,0.06831950056968894,24.992405761695267,-0.22666552148132824,rsi_reversion
GOOG,2014-12-16,2014-12-17,2014-12-23,24.549435346812228,26.03129689786874,4,0.06036234765167148,0.05936234765167148,25.432209008523955,-0.22974628474269174,rsi_reversion
TSLA,2014-12-16,2014-12-17,2014-12-24,12.870667457580566,14.65133285522461,5,0.13835066468097312,0.13735066468097312,23.450695397435197,-0.22238714911344487,max_hold
NFLX,2014-12-16,2014-12-17,2014-12-24,4.537570953369141,4.807285785675049,5,0.059440355881519746,0.058440355881519745,24.8918503764491,-0.29550076419794263,max_hold
TSLA,2015-01-14,2015-01-15,2015-01-23,12.965999603271484,13.352666854858398,5,0.02982163068162924,0.02882163068162924,28.26946600487527,-0.2863701536597953,max_hold
AMD,2015-01-20,2015-01-21,2015-01-26,2.180000066757202,2.440000057220459,3,0.11926604701898591,0.11826604701898591,22.979994771256273,-0.2018681137397063,rsi_reversion
QCOM,2015-01-29,2015-01-30,2015-02-06,45.40313434956579,48.838617822534225,5,0.0756662182508836,0.0746662182508836,21.368034862894646,-0.37133357648078474,max_hold
LRCX,2015-03-26,2015-03-27,2015-04-06,6.106438533975795,5.981502086994331,5,-0.020459789496991787,-0.021459789496991788,27.95133807963279,-0.30105994389345414,max_hold
AMD,2015-04-22,2015-04-23,2015-04-30,2.2799999713897705,2.2799999713897705,5,0.0,-0.001,28.525618006472186,-0.4434894326592134,max_hold
AMAT,2015-04-27,2015-04-28,2015-05-05,17.56334251570131,17.249244646021836,5,-0.017883718284186334,-0.018883718284186335,25.997472154845795,-0.517241242493353,max_hold
AMAT,2015-05-04,2015-05-05,2015-05-12,17.249244646021836,17.371393188443037,5,0.0070813850071616,0.0060813850071616,28.036274784919243,-0.517241242493353,max_hold
MU,2015-06-15,2015-06-16,2015-06-23,23.452050592192343,24.017625929000115,5,0.02411624239784227,0.023116242397842268,27.696043393735593,-0.34491890711636186,max_hold
MU,2015-06-24,2015-06-25,2015-07-02,23.530060077825674,18.361832555607705,5,-0.21964361778610242,-0.22064361778610242,29.13913835959464,-0.20790397249743872,max_hold
MU,2015-07-01,2015-07-02,2015-07-10,18.361832555607705,16.899130704370016,5,-0.07965990577508997,-0.08065990577508997,13.011363931136373,-0.4619718247909471,max_hold
ENPH,2015-07-08,2015-07-09,2015-07-16,6.460000038146973,6.309999942779541,5,-0.02321982886713092,-0.02421982886713092,15.179309138422752,-0.25060631003041817,max_hold
MU,2015-07-09,2015-07-10,2015-07-17,16.899130704370016,19.044433141898406,5,0.1269475025110982,0.1259475025110982,12.51223403341001,-0.5646841584736798,max_hold
INTC,2015-07-09,2015-07-10,2015-07-17,22.72695388848631,23.084978814646043,5,0.015753317752851714,0.014753317752851713,26.056782323195435,-0.30228473997653243,max_hold
NVDA,2015-07-09,2015-07-10,2015-07-17,0.474631610712331,0.48573698029673057,5,0.023397871809955006,0.022397871809955006,29.346431732340704,-0.3454961211498067,max_hold
AMD,2015-07-09,2015-07-10,2015-07-17,2.0,1.8700000047683716,5,-0.06499999761581421,-0.06599999761581421,29.82368731259615,-0.4605744181198836,max_hold
ENPH,2015-07-15,2015-07-16,2015-07-23,6.309999942779541,5.789999961853027,5,-0.0824088725264639,-0.0834088725264639,28.4720989263988,-0.25060631003041817,max_hold
AMD,2015-07-16,2015-07-17,2015-07-24,1.8700000047683716,1.7599999904632568,5,-0.058823536911562724,-0.059823536911562725,29.640731918050392,-0.6329357940474055,max_hold
AMAT,2015-07-17,2015-07-20,2015-07-27,15.563890394863018,15.125474505123666,5,-0.02816878547821522,-0.02916878547821522,29.688046233307034,-0.4517398854677737,max_hold
ENPH,2015-07-22,2015-07-23,2015-07-30,5.789999961853027,5.980000019073486,5,0.032815208717143385,0.031815208717143384,27.081179380945983,-0.25060631003041817,max_hold
AMD,2015-07-23,2015-07-24,2015-07-31,1.7599999904632568,1.940000057220459,5,0.1022727657571314,0.1012727657571314,26.546414696871764,-0.6906699377507454,max_hold
CSX,2015-07-23,2015-07-24,2015-07-31,8.66786269985838,8.847682143153524,5,0.020745534340095295,0.019745534340095294,28.011997483486866,-0.6855467787514932,max_hold
AMAT,2015-07-24,2015-07-27,2015-08-03,15.125474505123666,15.309606522382486,5,0.012173635755787116,0.011173635755787115,29.488876964361012,-0.4517398854677737,max_hold
ENPH,2015-08-03,2015-08-04,2015-08-05,5.46999979019165,6.0,1,0.09689218101227381,0.09589218101227381,28.47264674131344,-0.3754333392891277,rsi_reversion
AMAT,2015-08-03,2015-08-04,2015-08-11,14.993951047374757,15.221927709662049,5,0.015204575602986825,0.014204575602986824,29.82728603515571,-0.4517398854677737,max_hold
CSX,2015-08-07,2015-08-10,2015-08-17,8.476803317180114,8.291367984116441,5,-0.021875620575960153,-0.022875620575960154,27.45652274022963,-0.7437089623609048,max_hold
JD,2015-08-11,2015-08-12,2015-08-19,23.630270819717175,23.376185118664672,5,-0.010752551377468444,-0.011752551377468445,29.35494988244261,-0.37774663335952363,max_hold
CSX,2015-08-19,2015-08-20,2015-08-27,8.021638976488127,7.544917511124517,5,-0.05942943415440505,-0.06042943415440505,27.290091162991573,-0.7811795807519779,max_hold
AVGO,2015-08-24,2015-08-25,2015-08-27,8.623207639733922,9.104497803017248,2,0.05581335662910902,0.05481335662910902,28.777157258589284,-0.40865873353008786,rsi_reversion
MU,2015-08-20,2015-08-21,2015-08-28,14.032225466383037,15.845980223925835,5,0.12925638644333404,0.12825638644333404,26.315488697612054,-0.6305082676354619,max_hold
JD,2015-08-20,2015-08-21,2015-08-28,21.054339455932094,23.016953691343627,5,0.09321661406283455,0.09221661406283455,26.601893704587198,-0.4986754969141811,max_hold
ON,2015-08-20,2015-08-21,2015-08-28,9.199999809265137,9.789999961853027,5,0.06413045269780482,0.06313045269780482,28.791796051324923,-0.42857255292833346,max_hold
NXPI,2015-08-20,2015-08-21,2015-08-28,68.82824274462473,75.43303475803526,5,0.09596049165335319,0.09496049165335319,29.142514348866897,-0.5148672138009068,max_hold
BKR,2015-08-20,2015-08-21,2015-08-28,27.15190408657138,28.408984906343015,5,0.04629807234746952,0.04529807234746952,29.189329139827677,-0.31251587763722105,max_hold
ENPH,2015-08-20,2015-08-21,2015-08-28,4.519999980926514,4.659999847412109,5,0.030973421919550104,0.029973421919550103,29.297942771895393,-0.6622577372538969,max_hold
AMAT,2015-08-21,2015-08-24,2015-08-31,12.939205758921869,14.077009863426424,5,0.0879346171398514,0.0869346171398514,26.948949592023254,-0.45178590246941486,max_hold
CSX,2015-08-26,2015-08-27,2015-09-03,7.544917511124517,7.655248105583599,5,0.014623167754505895,0.013623167754505894,26.413325474860656,-0.47128940753061876,max_hold
ADSK,2015-09-01,2015-09-02,2015-09-10,46.11000061035156,45.970001220703125,5,-0.0030362044631377927,-0.004036204463137793,27.49232237689779,-0.23773623568972593,max_hold
JD,2015-09-04,2015-09-08,2015-09-15,21.098146519143025,21.282140603025617,5,0.00872086482647405,0.007720864826474051,29.199606623996402,-0.6792665807560434,max_hold
DLTR,2015-09-10,2015-09-11,2015-09-18,65.9000015258789,67.13999938964844,5,0.018816355615448366,0.017816355615448365,28.37709607624562,-0.32231043297841155,max_hold
MRVL,2015-09-11,2015-09-14,2015-09-21,7.835895911924762,7.890248473342189,5,0.006936355718395015,0.005936355718395015,21.03009275789782,-0.33002157015734035,max_hold
MRVL,2015-09-18,2015-09-21,2015-09-28,7.890248473342189,8.297898669659103,5,0.051665064502618874,0.05066506450261887,25.29727475661872,-0.45699775220040495,max_hold
ENPH,2015-09-25,2015-09-28,2015-10-05,3.869999885559082,4.190000057220459,5,0.08268738530341024,0.08168738530341024,29.971292533268368,-0.6622577372538969,rsi_reversion
MELI,2015-09-28,2015-09-29,2015-10-06,89.38038546589873,96.33824688379325,5,0.07784550694905157,0.07684550694905157,23.608372991905725,-0.31426541946622394,max_hold
ILMN,2015-10-12,2015-10-13,2015-10-20,142.53890991210938,143.32684326171875,5,0.0055278474494804275,0.0045278474494804275,29.978592796835486,-0.33096095317473345,max_hold
NXPI,2015-10-29,2015-10-30,2015-11-06,64.25843409594927,69.74047774839349,5,0.08531243765228624,0.08431243765228624,29.900267883362986,-0.24103614951548885,max_hold
ENPH,2015-11-04,2015-11-05,2015-11-12,2.4000000953674316,1.8300000429153442,5,-0.23750001241763385,-0.23850001241763386,27.496112748178547,-0.4367391292672866,max_hold
ENPH,2015-11-11,2015-11-12,2015-11-19,1.8300000429153442,1.8700000047683716,5,0.021857902139337693,0.020857902139337692,24.02591764187642,-0.5463091979772803,max_hold
QCOM,2015-11-18,2015-11-19,2015-11-27,35.68369522436894,36.15481971917414,5,0.013202794493196501,0.0122027944931965,28.49015304233454,-0.3308932333212555,max_hold
ENPH,2015-11-18,2015-11-19,2015-11-27,1.8700000047683716,1.7599999904632568,5,-0.058823536911562724,-0.059823536911562725,28.66577136561665,-0.6331259145849591,max_hold
ENPH,2015-11-25,2015-11-27,2015-12-04,1.7599999904632568,2.109999895095825,5,0.19886358325515863,0.19786358325515863,28.422975778711262,-0.6331259145849591,max_hold
CSX,2015-12-10,2015-12-11,2015-12-18,7.199156012959531,7.247546907984932,5,0.006721745568270876,0.005721745568270876,29.103379429035584,-0.39513242447760333,max_hold
CTSH,2015-12-11,2015-12-14,2015-12-21,51.280534343217525,51.820418869640925,5,0.010528059688496683,0.009528059688496682,25.76644492029338,-0.2791638443339046,max_hold
FTNT,2015-12-14,2015-12-15,2015-12-22,6.136000156402588,6.334000110626221,5,0.03226857059594934,0.03126857059594934,26.04893987681791,-0.33954156718109135,max_hold
AAPL,2015-12-18,2015-12-21,2015-12-29,24.122650434311574,24.05069228904836,5,-0.002983011566625393,-0.003983011566625393,29.205923675082857,-0.30582981667801334,max_hold
AAPL,2016-01-05,2016-01-06,2016-01-13,22.611613274859756,22.557645994841828,5,-0.002386706307149322,-0.003386706307149322,29.86196740006828,-0.29908094109304934,max_hold
WDAY,2016-01-06,2016-01-07,2016-01-14,72.80999755859375,71.91000366210938,5,-0.012360856017885502,-0.013360856017885503,29.841276216894414,-0.25994575330216396,max_hold
CTSH,2016-01-08,2016-01-11,2016-01-14,48.833609855626115,50.65356002516637,3,0.0372683931194282,0.0362683931194282,29.38129365298309,-0.2854066196300665,rsi_reversion
ASML,2016-01-07,2016-01-08,2016-01-15,73.59699127080502,70.76184127724376,5,-0.038522634480112616,-0.03952263448011262,27.80324469507373,-0.20848113153137626,max_hold
ADSK,2016-01-07,2016-01-08,2016-01-15,56.16999816894531,50.9900016784668,5,-0.09221998681392829,-0.09321998681392829,28.787303971942137,-0.2392842694776477,max_hold
ODFL,2016-01-08,2016-01-11,2016-01-19,17.53260389501609,16.811387615639564,5,-0.04113571969657881,-0.04213571969657881,29.443426658644626,-0.34355453180912754,max_hold
LRCX,2016-01-08,2016-01-11,2016-01-19,6.158152859272806,5.979804000646666,5,-0.028961421176414315,-0.029961421176414316,29.670452502846317,-0.3631650744977141,max_hold
CSX,2016-01-08,2016-01-11,2016-01-19,6.655443913009107,6.581434211765341,5,-0.011120175034320834,-0.012120175034320835,29.969098743830173,-0.41800916542731054,max_hold
AMAT,2016-01-11,2016-01-12,2016-01-20,15.017219905820136,14.476138715239562,5,-0.03603071633590915,-0.03703071633590915,29.24025118179499,-0.7060251147832297,max_hold
MU,2016-01-13,2016-01-14,2016-01-22,11.779656196638125,10.902032092591119,5,-0.07450337169411425,-0.07550337169411425,28.558746483290022,-0.5211484290770986,max_hold
BKR,2016-01-13,2016-01-14,2016-01-22,21.05624857955176,22.694851457528145,5,0.0778202665961909,0.0768202665961909,28.676691160099338,-0.592919951050981,max_hold
WDAY,2016-01-13,2016-01-14,2016-01-22,71.91000366210938,69.75,5,-0.030037596330251826,-0.031037596330251827,29.331232850954365,-0.25994575330216396,max_hold
ADI,2016-01-13,2016-01-14,2016-01-22,41.10620759549899,41.8870133913096,5,0.018994839015412213,0.017994839015412212,29.938605337264875,-0.20095420841460182,max_hold
ADSK,2016-01-14,2016-01-15,2016-01-25,50.9900016784668,48.810001373291016,5,-0.04275348565239212,-0.04375348565239212,28.85738938426654,-0.2392842694776477,max_hold
ODFL,2016-01-15,2016-01-19,2016-01-26,16.811387615639564,16.49864523787269,5,-0.01860300796799963,-0.01960300796799963,25.305483851810678,-0.34355453180912754,max_hold
PEP,2016-01-15,2016-01-19,2016-01-26,67.95741962683614,68.85480654325065,5,0.013205135235301535,0.012205135235301534,29.33473985554555,-0.22016833440365743,max_hold
FTNT,2016-01-19,2016-01-20,2016-01-27,4.814000129699707,5.322000026702881,5,0.10552552623941502,0.10452552623941502,24.3724818441936,-0.2624537970019356,max_hold
ENPH,2016-01-20,2016-01-21,2016-01-28,2.0999999046325684,2.3399999141693115,5,0.11428572401708537,0.11328572401708537,29.592654298009563,-0.4339479330786645,max_hold
MU,2016-01-21,2016-01-22,2016-01-29,10.902032092591119,9.741619539500412,5,-0.10644002358783256,-0.10744002358783256,29.88072770449014,-0.46854791929860334,max_hold
ADSK,2016-01-22,2016-01-25,2016-02-01,48.810001373291016,46.650001525878906,5,-0.04425322242654284,-0.04525322242654284,28.16904087256887,-0.2392842694776477,max_hold
CSX,2016-01-25,2016-01-26,2016-02-02,6.3053078759759575,6.43625449138907,5,0.02076767986414052,0.01976767986414052,29.661872622115553,-0.45382607772348765,max_hold
WDAY,2016-01-27,2016-01-28,2016-02-04,63.2400016784668,62.9900016784668,5,-0.003953194075975608,-0.004953194075975608,26.449195514932498,-0.25994575330216396,max_hold
TSLA,2016-01-27,2016-01-28,2016-02-04,12.719332695007324,11.380000114440918,5,-0.10529896596636157,-0.10629896596636157,28.197587915184556,-0.2231949603569049,max_hold
NFLX,2016-01-27,2016-01-28,2016-02-04,9.383999824523926,8.949999809265137,5,-0.046248936847226196,-0.0472489368472262,28.273710414925574,-0.416150383013449,max_hold
MU,2016-01-28,2016-01-29,2016-02-05,9.741619539500412,10.872779300810759,5,0.1161161916377158,0.1151161916377158,26.666541519231217,-0.46854791929860334,max_hold
WDAY,2016-02-05,2016-02-08,2016-02-16,51.939998626708984,49.369998931884766,5,-0.049480164858969666,-0.05048016485896967,25.291597868888573,-0.5202829874620905,max_hold
AMZN,2016-02-08,2016-02-09,2016-02-17,23.90049934387207,26.437000274658203,5,0.10612752873033493,0.10512752873033493,28.22495478986201,-0.20277099350445377,max_hold
WDAY,2016-02-12,2016-02-16,2016-02-23,49.369998931884766,57.09000015258789,5,0.1563702934519875,0.1553702934519875,24.042383953656824,-0.22818327319052134,max_hold
AAPL,2016-04-27,2016-04-28,2016-05-05,22.067374663291364,21.38062881628272,5,-0.03112041452538683,-0.03212041452538683,26.605135443037284,-0.2454952846164822,max_hold
AAPL,2016-05-12,2016-05-13,2016-05-20,20.470811496382066,21.526195775561394,5,0.05155556629329783,0.05055556629329783,23.083858000865575,-0.24678566047074812,max_hold
ENPH,2016-05-12,2016-05-13,2016-05-20,1.7899999618530273,1.8600000143051147,5,0.03910617538763672,0.03810617538763672,29.349578775632395,-0.6766841943558201,max_hold
ODFL,2016-06-13,2016-06-14,2016-06-21,18.892070029111462,18.777182477205166,5,-0.006081257994982159,-0.007081257994982159,29.166208810175107,-0.29697594565385554,max_hold
PANW,2016-06-27,2016-06-28,2016-07-06,19.84166717529297,19.668333053588867,5,-0.008735864792648984,-0.009735864792648985,27.55287436782244,-0.30891688810384227,max_hold
ADSK,2016-06-27,2016-06-28,2016-07-06,51.119998931884766,52.52000045776367,5,0.02738657189223237,0.02638657189223237,28.623084928567437,-0.3831610315230018,max_hold
PCAR,2016-06-27,2016-06-28,2016-07-06,22.652882352252423,23.1891549788956,5,0.023673483060748568,0.022673483060748567,29.04555024463896,-0.47527989998679876,max_hold
FTNT,2016-06-27,2016-06-28,2016-07-06,6.0879998207092285,6.25600004196167,5,0.02759530653745479,0.026595306537454788,29.224309324432554,-0.23418758716112315,max_hold
DLTR,2016-08-26,2016-08-29,2016-09-06,85.75,83.55999755859375,5,-0.02553938707179304,-0.02653938707179304,20.190861582253177,-0.2754654165221661,max_hold
DLTR,2016-09-02,2016-09-06,2016-09-13,83.55999755859375,81.7300033569336,5,-0.021900362076685442,-0.022900362076685443,19.34676952544038,-0.2754654165221661,max_hold
MAR,2016-09-09,2016-09-12,2016-09-19,60.75422903008871,62.849541003580256,5,0.03448833121483341,0.03348833121483341,26.848657512481637,-0.2926878302356647,max_hold
DLTR,2016-09-12,2016-09-13,2016-09-20,81.7300033569336,80.33000183105469,5,-0.01712959095039779,-0.01812959095039779,23.08463221796805,-0.2754654165221661,max_hold
ENPH,2016-09-16,2016-09-19,2016-09-26,1.4700000286102295,1.2200000286102295,5,-0.17006802390089437,-0.17106802390089437,20.281804188705976,-0.667401409100267,max_hold
DLTR,2016-09-19,2016-09-20,2016-09-27,80.33000183105469,79.2699966430664,5,-0.013195632563504978,-0.014195632563504978,25.93909868250101,-0.2754654165221661,max_hold
CTSH,2016-09-20,2016-09-21,2016-09-28,46.134187034838725,47.449070389807176,5,0.028501279408597924,0.027501279408597923,28.71954280739108,-0.35156178270549376,max_hold
ENPH,2016-09-23,2016-09-26,2016-10-03,1.2200000286102295,1.190000057220459,5,-0.02459013990675485,-0.02559013990675485,29.19785645974835,-0.7007373112331329,max_hold
DLTR,2016-09-26,2016-09-27,2016-10-04,79.2699966430664,77.83999633789062,5,-0.018039616068292852,-0.019039616068292853,27.15035645883613,-0.2754654165221661,max_hold
CTSH,2016-09-30,2016-10-03,2016-10-10,42.37240560740023,44.20975367957469,5,0.043361901356234744,0.042361901356234744,21.537629560973585,-0.4722810346130874,max_hold
ENPH,2016-09-30,2016-10-03,2016-10-10,1.190000057220459,1.190000057220459,5,0.0,-0.001,28.999244991192683,-0.7007373112331329,max_hold
DLTR,2016-10-04,2016-10-05,2016-10-12,76.5,77.37999725341797,5,0.011503232070823044,0.010503232070823043,28.039574641762044,-0.41743977346856437,max_hold
AEP,2016-10-07,2016-10-10,2016-10-17,43.66275453132158,44.03619467326031,5,0.008552830574874548,0.007552830574874548,29.83953102308952,-0.20980241875591477,max_hold
ENPH,2016-10-10,2016-10-11,2016-10-18,1.0199999809265137,1.149999976158142,5,0.12745097810055195,0.12645097810055195,26.062493501271604,-0.7007373112331329,max_hold
VRTX,2016-10-12,2016-10-13,2016-10-20,79.55000305175781,81.4000015258789,5,0.02325579387995025,0.022255793879950247,28.90858722853379,-0.3342457821764516,max_hold
FTNT,2016-10-25,2016-10-26,2016-11-02,6.127999782562256,6.406000137329102,5,0.04536559475049584,0.04436559475049584,28.32525260740158,-0.321802416229528,max_hold
PCAR,2016-10-25,2016-10-26,2016-11-02,25.32819737907367,25.34212806543923,5,0.0005500070201231999,-0.0004499929798768001,28.661468114849654,-0.2703130033452843,max_hold
LULU,2016-10-25,2016-10-26,2016-11-02,55.22999954223633,57.279998779296875,5,0.037117495094180386,0.036117495094180385,29.028103916728426,-0.24683134985029936,max_hold
ENPH,2016-10-31,2016-11-01,2016-11-03,0.9900000095367432,1.2100000381469727,2,0.2222222489807606,0.2212222489807606,29.519235829185888,-0.7007373112331329,rsi_reversion
PCAR,2016-11-03,2016-11-04,2016-11-09,24.89182587959944,24.780421652432132,3,-0.00447553456729799,-0.00547553456729799,27.926958737915868,-0.4134976876530152,rsi_reversion
MNST,2016-11-04,2016-11-07,2016-11-14,11.379166603088379,10.447500228881836,5,-0.08187474590218957,-0.08287474590218957,27.516501714116316,-0.38277377443900706,max_hold
AAPL,2016-11-14,2016-11-15,2016-11-21,24.496156727620768,25.312157547067688,4,0.03331138139424272,0.03231138139424272,29.572733548444788,-0.35298044141739765,rsi_reversion
QCOM,2017-01-23,2017-01-24,2017-01-31,42.33372150894165,41.248840553198576,5,-0.025626874205092687,-0.026626874205092688,18.48804029597447,-0.2595013550417411,max_hold
QCOM,2017-01-30,2017-01-31,2017-02-07,41.248840553198576,40.948769203077504,5,-0.007274661447370212,-0.008274661447370213,23.74708207432569,-0.2022712338760842,max_hold
ADP,2017-02-01,2017-02-02,2017-02-09,76.94881588382674,78.19317966845922,5,0.016171318172214066,0.015171318172214066,24.59403416574648,-0.23366473036258503,max_hold
PANW,2017-03-01,2017-03-02,2017-03-09,19.3700008392334,19.161666870117188,5,-0.010755496132671127,-0.011755496132671128,19.088219589360946,-0.23811450452062075,max_hold
PANW,2017-03-08,2017-03-09,2017-03-16,19.161666870117188,19.566667556762695,5,0.021135984118224593,0.020135984118224592,20.64102586120829,-0.23811450452062075,max_hold
PANW,2017-03-15,2017-03-16,2017-03-23,19.566667556762695,18.661666870117188,5,-0.0462521624604757,-0.0472521624604757,28.034360812195118,-0.23811450452062075,max_hold
PANW,2017-03-22,2017-03-23,2017-03-30,18.661666870117188,19.051666259765625,5,0.020898422009286932,0.01989842200928693,24.649617734206913,-0.23811450452062075,max_hold
LULU,2017-03-30,2017-03-31,2017-04-07,51.22999954223633,50.869998931884766,5,-0.007027144516266515,-0.008027144516266516,21.50786406714947,-0.41726038086356815,max_hold
PANW,2017-03-31,2017-04-03,2017-04-10,18.80500030517578,18.676666259765625,5,-0.006824463883408405,-0.007824463883408406,29.280718550920255,-0.23811450452062075,max_hold
LULU,2017-04-06,2017-04-07,2017-04-17,50.869998931884766,51.560001373291016,5,0.013564034910442446,0.012564034910442445,27.47662881059786,-0.2814262318906149,max_hold
ADP,2017-05-03,2017-05-04,2017-05-11,79.87418286102823,78.42797420991147,5,-0.018106083834785514,-0.019106083834785514,27.72954349691014,-0.27692683994893336,max_hold
DLTR,2017-06-15,2017-06-16,2017-06-23,69.66999816894531,67.3499984741211,5,-0.03329983860769403,-0.03429983860769403,29.85936752589481,-0.27684848108082855,max_hold
ORLY,2017-06-20,2017-06-21,2017-06-28,14.983332633972168,14.6813325881958,5,-0.020155732583259423,-0.021155732583259423,27.908513662937537,-0.44594378338188895,max_hold
ORLY,2017-06-27,2017-06-28,2017-07-06,14.6813325881958,11.866666793823242,5,-0.1917173238508082,-0.1927173238508082,29.738779524697733,-0.44594378338188895,max_hold
MDLZ,2017-06-29,2017-06-30,2017-07-10,34.690416685682735,34.43576191302342,5,-0.007340781604517677,-0.008340781604517677,28.974902547651155,-0.35449275204494496,max_hold
ORLY,2017-07-05,2017-07-06,2017-07-13,11.866666793823242,11.854000091552734,5,-0.0010674187192228901,-0.00206741871922289,14.568515069139536,-0.5528828852000316,max_hold
ORLY,2017-07-12,2017-07-13,2017-07-20,11.854000091552734,12.483332633972168,5,0.05309031023779909,0.05209031023779909,19.453195907552796,-0.6843485666704557,max_hold
CSX,2017-08-02,2017-08-03,2017-08-10,14.127860732802853,14.851912982292948,5,0.051249956605882385,0.050249956605882384,29.07612088588256,-0.3814868705784961,max_hold
MDLZ,2017-08-28,2017-08-29,2017-09-06,32.860009634729046,32.45412875172422,5,-0.012351818746147325,-0.013351818746147326,29.41426640220392,-0.22259210797888768,max_hold
KHC,2017-09-20,2017-09-21,2017-09-28,51.48279108190584,50.38221651381476,5,-0.021377523342511306,-0.022377523342511307,29.170094282571796,-0.3422732302501757,max_hold
PEP,2017-09-27,2017-09-28,2017-10-05,84.02554315306458,82.73540072448412,5,-0.015354169460473188,-0.01635416946047319,27.7493799403058,-0.29574923461214586,max_hold
KHC,2017-09-27,2017-09-28,2017-10-05,50.38221651381476,50.169813216318744,5,-0.004215838686608353,-0.005215838686608353,29.453242687596372,-0.3422732302501757,max_hold
PEP,2017-10-04,2017-10-05,2017-10-12,82.73540072448412,84.13116287955826,5,0.016870192721035293,0.015870192721035292,25.869910797962135,-0.28625474645636234,rsi_reversion
KHC,2017-10-04,2017-10-05,2017-10-12,50.169813216318744,50.427259307767656,5,0.005131493919239283,0.004131493919239283,29.510639183461876,-0.4709707017993384,max_hold
CHTR,2017-10-26,2017-10-27,2017-11-03,314.8299865722656,334.5899963378906,5,0.06276406507767418,0.06176406507767418,20.652261335319096,-0.22851215215182302,max_hold
AMD,2017-10-30,2017-10-31,2017-11-07,10.760000228881836,11.9399995803833,5,0.10966536490716128,0.10866536490716128,25.4874403349166,-0.4556815725814804,max_hold
TSLA,2017-11-02,2017-11-03,2017-11-10,19.96666717529297,20.166667938232422,5,0.010016732446311183,0.009016732446311182,27.86103948333124,-0.3395888820878422,max_hold
GILD,2017-11-14,2017-11-15,2017-11-22,51.012318685669634,52.34847851845346,5,0.026192885703099522,0.02519288570309952,24.89394880860293,-0.31947541894387427,max_hold
AMD,2017-12-04,2017-12-05,2017-12-12,9.890000343322754,10.130000114440918,5,0.02426691231413347,0.02326691231413347,27.67704353452926,-0.2987621743490005,max_hold
AAPL,2018-02-02,2018-02-05,2018-02-12,37.158783638850124,37.169582206382735,5,0.0002906060552887446,-0.0007093939447112554,24.843974339498118,-0.23420558382270357,max_hold
AEP,2018-02-06,2018-02-07,2018-02-14,47.79161456143726,48.434236283433954,5,0.013446327936265767,0.012446327936265766,26.013219108659626,-0.21074085421389135,max_hold
EXC,2018-02-06,2018-02-07,2018-02-14,19.149842042934697,19.38303365976713,5,0.012177208371202619,0.011177208371202618,29.780465805773503,-0.27783566314834307,max_hold
FANG,2018-02-08,2018-02-09,2018-02-14,85.29052122280137,88.19488565349617,3,0.03405260501466323,0.03305260501466323,29.840595954843337,-0.20680800511894748,rsi_reversion
BKR,2018-02-08,2018-02-09,2018-02-16,21.981346275191065,20.654687156369008,5,-0.06035386105169416,-0.06135386105169416,27.30143327312122,-0.6042649647819048,max_hold
BKR,2018-02-15,2018-02-16,2018-02-26,20.654687156369008,22.41827609077002,5,0.08538444184845462,0.08438444184845462,27.651535308648292,-0.45465593899278245,max_hold
KHC,2018-02-23,2018-02-26,2018-03-05,45.15384837010737,43.28542349807874,5,-0.041379083720925025,-0.042379083720925026,29.486885560981023,-0.285917006090274,max_hold
KHC,2018-03-02,2018-03-05,2018-03-12,43.28542349807874,44.0438182149541,5,0.01752078772913057,0.01652078772913057,28.432311960981693,-0.20785949683880728,max_hold
KHC,2018-03-21,2018-03-22,2018-03-29,40.422598054270146,40.4618920793703,5,0.0009720806427979678,-2.7919357202032223e-05,19.694434673724956,-0.27617657352181857,max_hold
MDLZ,2018-03-23,2018-03-26,2018-04-03,33.02310924362983,33.19356641679343,5,0.005161754209939584,0.004161754209939584,28.7861246012408,-0.3172654609690934,max_hold
META,2018-03-23,2018-03-26,2018-04-03,159.29433410055668,155.06482597696663,5,-0.026551528950930048,-0.02755152895093005,29.13919678780897,-0.3238995720962058,max_hold
TSLA,2018-03-27,2018-03-28,2018-04-05,17.6386661529541,19.28933334350586,5,0.09358231377803516,0.09258231377803516,28.08153721294903,-0.40615207119575314,rsi_reversion
AMD,2018-04-02,2018-04-03,2018-04-10,9.630000114440918,9.75,5,0.012461047158154548,0.011461047158154547,26.88619305646239,-0.3389551646149048,max_hold
KHC,2018-04-02,2018-04-03,2018-04-10,39.695740308973114,40.370216646361904,5,0.016991151497339096,0.015991151497339096,29.639894853533548,-0.3156120568555964,max_hold
NXPI,2018-04-20,2018-04-23,2018-04-30,92.62476191521337,92.76511137446839,5,0.0015152477194326774,0.0005152477194326774,20.25564293739255,-0.33785699601028524,max_hold
KHC,2018-04-20,2018-04-23,2018-04-30,37.980098761506426,37.9146180419555,5,-0.00172407975982658,-0.00272407975982658,29.543154898731416,-0.37364328105155614,max_hold
QCOM,2018-04-23,2018-04-24,2018-05-01,41.03498762496008,40.93820373290109,5,-0.002358570031592344,-0.003358570031592344,29.723650566225587,-0.3738201550543755,max_hold
KHC,2018-04-30,2018-05-01,2018-05-08,36.87998099103375,38.43191866345934,5,0.04208076118051429,0.04108076118051429,29.01959900539208,-0.4951804371705302,max_hold
MDLZ,2018-05-02,2018-05-03,2018-05-10,30.646442462428173,31.406546907087378,5,0.024802371289622815,0.023802371289622815,25.080082080059725,-0.26863826508350064,max_hold
NXPI,2018-05-02,2018-05-03,2018-05-10,82.64304860078379,86.61643011881155,5,0.04807883524749457,0.047078835247494566,28.907624813077362,-0.21566993927520053,max_hold
DLTR,2018-06-04,2018-06-05,2018-06-12,81.4000015258789,84.0999984741211,5,0.033169495056874165,0.032169495056874164,22.150974810707666,-0.2491779650007472,max_hold
AEP,2018-06-11,2018-06-12,2018-06-19,47.07687099590303,49.17751783325295,5,0.044621632511063325,0.043621632511063324,29.15125089095271,-0.2419071949134841,rsi_reversion
SBUX,2018-06-22,2018-06-25,2018-07-02,42.65089284703883,40.55002737826442,5,-0.04925724477348836,-0.05025724477348836,27.462517694489406,-0.2330161951793426,max_hold
LRCX,2018-06-25,2018-06-26,2018-07-03,15.741199934330805,15.53223658061246,5,-0.0132749316818348,-0.014274931681834802,29.68436166209746,-0.24696081110720172,max_hold
INTC,2018-06-26,2018-06-27,2018-07-05,41.94242845372895,42.4864603926243,5,0.012970921306941774,0.011970921306941773,29.996161503227015,-0.35502846166848784,max_hold
KLAC,2018-06-27,2018-06-28,2018-07-06,8.966176152569846,9.201634770319146,5,0.026260761972852098,0.025260761972852097,25.995445017477962,-0.3040188642529291,max_hold
AMAT,2018-06-27,2018-06-28,2018-07-06,41.148618760548125,41.60622501580804,5,0.011120816908164466,0.010120816908164465,27.817205830111178,-0.2324453746295224,max_hold
EBAY,2018-06-27,2018-06-28,2018-07-06,31.905846511277282,32.80534741134987,5,0.02819235339061299,0.02719235339061299,29.10064284094159,-0.28334774269987245,max_hold
SBUX,2018-06-29,2018-07-02,2018-07-10,40.55002737826442,41.75053048476687,5,0.029605482021103358,0.028605482021103357,23.46199994985828,-0.27711011238474637,max_hold
AVGO,2018-07-12,2018-07-13,2018-07-20,17.197492801280486,17.00325914046664,5,-0.011294301039008747,-0.012294301039008748,22.563069454800086,-0.4448115203587597,max_hold
EBAY,2018-07-19,2018-07-20,2018-07-27,30.353771217810127,30.538952754895146,5,0.006100775279493487,0.005100775279493487,27.076282726625436,-0.36876075226096516,max_hold
AVGO,2018-07-19,2018-07-20,2018-07-27,17.00325914046664,18.128985339340307,5,0.06620649544736468,0.06520649544736468,29.324260549421822,-0.24931229018861392,max_hold
NXPI,2018-07-26,2018-07-27,2018-08-03,82.45005731083488,83.92363871900028,5,0.017872412175652386,0.016872412175652385,27.25219547472365,-0.4753273425629903,max_hold
INTC,2018-07-27,2018-07-30,2018-08-06,40.48879285034545,41.71000110414156,5,0.03016163653754611,0.02916163653754611,29.001528990950774,-0.286717711344107,max_hold
META,2018-07-27,2018-07-30,2018-08-06,173.63697646255832,177.27214088016572,5,0.02093542799273096,0.01993542799273096,29.473344922560457,-0.4250059103053838,max_hold
EBAY,2018-08-01,2018-08-02,2018-08-09,29.101519115284233,29.859920214019127,5,0.026060532982162377,0.025060532982162376,28.36572206954142,-0.2557248946529698,max_hold
NXPI,2018-08-14,2018-08-15,2018-08-22,78.68718186120631,80.12568200343351,5,0.01828125125594804,0.017281251255948038,26.9461708274181,-0.3078596222340912,max_hold
MU,2018-08-15,2018-08-16,2018-08-23,47.0016041965389,48.805606154782765,5,0.0383817103497226,0.0373817103497226,26.562162839798034,-0.4772545610548596,max_hold
INTC,2018-08-20,2018-08-21,2018-08-28,39.90545742931059,41.52184289166546,5,0.04050537361257356,0.03950537361257356,29.655408643499044,-0.5511207293061664,max_hold
AMAT,2018-08-22,2018-08-23,2018-08-30,39.36077716349314,39.44352347388885,5,0.0021022529624354913,0.0011022529624354913,29.914768599813456,-0.2478034699638161,max_hold
JD,2018-09-05,2018-09-06,2018-09-13,23.86683701925912,24.80433900921037,5,0.0392805292630416,0.038280529263041596,19.700497560243022,-0.2913945581108835,max_hold
AMAT,2018-09-06,2018-09-07,2018-09-14,36.777171319065886,35.77499004295806,5,-0.0272500912974859,-0.028250091297485902,23.513160567925098,-0.38784162175364395,max_hold
ASML,2018-09-06,2018-09-07,2018-09-14,168.1423723796566,170.22094171022414,5,0.012361960290855567,0.011361960290855566,27.017226275019084,-0.24086552174350814,max_hold
MU,2018-09-06,2018-09-07,2018-09-14,44.017692836163185,43.013306947491515,5,-0.022817776761041575,-0.023817776761041576,28.804504853605806,-0.4302893103522662,max_hold
LRCX,2018-09-06,2018-09-07,2018-09-14,14.223757393563956,13.885477558106196,5,-0.023782733781077203,-0.024782733781077204,28.952056221261373,-0.25862001047558175,max_hold
TSLA,2018-09-07,2018-09-10,2018-09-17,18.21733283996582,19.336000442504883,5,0.06140677191146726,0.06040677191146726,27.15642164745077,-0.26623750652348344,max_hold
INTC,2018-09-11,2018-09-12,2018-09-19,38.10945433216657,39.41797234908897,5,0.034335784645909584,0.03333578464590958,28.041960255634933,-0.3413151187938247,max_hold
AMAT,2018-09-13,2018-09-14,2018-09-21,35.77499004295806,36.16116070653569,5,0.010794431056833975,0.009794431056833974,23.56658002902755,-0.5995664800357268,max_hold
LRCX,2018-09-13,2018-09-14,2018-09-21,13.885477558106196,13.862900195031536,5,-0.0016259695052028844,-0.0026259695052028844,28.213337947749523,-0.4031064224785372,max_hold
ENPH,2018-09-13,2018-09-14,2018-09-21,4.110000133514404,4.420000076293945,5,0.07542577438177944,0.07442577438177944,29.934295485393207,-0.28568413093705075,max_hold
JD,2018-09-18,2018-09-19,2018-09-26,22.885531414325573,21.658892128039128,5,-0.05359889897590975,-0.05459889897590975,26.923874508402903,-0.290465626960461,max_hold
JD,2018-09-25,2018-09-26,2018-10-03,21.658892128039128,22.03564787601648,5,0.017394968576883496,0.016394968576883495,27.597029549138654,-0.25351466664366756,max_hold
AMAT,2018-09-25,2018-09-26,2018-10-03,35.030251999256976,35.99566682064747,5,0.02755945978952634,0.02655945978952634,29.459900088659737,-0.6749470723649558,max_hold
LRCX,2018-09-26,2018-09-27,2018-10-04,13.564890215515035,13.633522165099567,5,0.005059528569278937,0.004059528569278937,28.36226054775223,-0.32319725693434365,max_hold
ADI,2018-10-05,2018-10-08,2018-10-15,75.27136522930937,72.60011464808368,5,-0.03548827064698379,-0.03648827064698379,27.224327076004514,-0.26448124632631614,max_hold
SNPS,2018-10-05,2018-10-08,2018-10-15,92.97000122070312,87.66999816894531,5,-0.057007668948783174,-0.058007668948783175,27.673241155152482,-0.2173224380979728,max_hold
AMAT,2018-10-05,2018-10-08,2018-10-15,34.018887912017796,30.74571924043484,5,-0.09621621612229858,-0.09721621612229858,28.20200153945659,-0.5321670686985156,max_hold
JD,2018-10-05,2018-10-08,2018-10-15,20.169407095081734,21.124430879092486,5,0.04735011691264002,0.046350116912640016,29.96999127993608,-0.25351466664366756,max_hold
MCHP,2018-10-08,2018-10-09,2018-10-16,28.881766257720493,29.619900068470997,5,0.0255570869234214,0.0245570869234214,17.08128826660281,-0.3253779260445558,max_hold
LRCX,2018-10-09,2018-10-10,2018-10-17,12.859597603088567,13.771690096418428,5,0.07092698554663945,0.06992698554663945,28.301218753202733,-0.35629216098320954,max_hold
TXN,2018-10-10,2018-10-11,2018-10-18,80.33206988013426,81.1313946286273,5,0.009950257097641524,0.008950257097641523,29.08537567041479,-0.5830125754145992,max_hold
ASML,2018-10-10,2018-10-11,2018-10-18,163.4006257687984,169.23734171316696,5,0.03572027901917063,0.03472027901917063,29.47669676173338,-0.3708154195039744,max_hold
AMAT,2018-10-12,2018-10-15,2018-10-22,30.74571924043484,31.619176254315892,5,0.02840906101595886,0.027409061015958858,23.53963792746363,-0.6216364063505359,max_hold
ADI,2018-10-12,2018-10-15,2018-10-22,72.60011464808368,71.99305737843758,5,-0.008361657176282677,-0.009361657176282678,24.740602957123983,-0.4078154140953743,max_hold
SNPS,2018-10-12,2018-10-15,2018-10-22,87.66999816894531,88.45999908447266,5,0.009011074849174294,0.008011074849174293,27.597273669917485,-0.37075071823508055,max_hold
MCHP,2018-10-15,2018-10-16,2018-10-23,29.619900068470997,28.07924943805539,5,-0.05201403876630761,-0.053014038766307614,24.396332266636904,-0.4575077550582915,max_hold
EBAY,2018-10-19,2018-10-22,2018-10-29,25.106671853033635,24.445269519702784,5,-0.026343688132082543,-0.027343688132082544,24.00270879712994,-0.2854162454153756,max_hold
ADI,2018-10-19,2018-10-22,2018-10-29,71.99305737843758,70.5273516134992,5,-0.020358987634512715,-0.021358987634512716,26.694128690874166,-0.48013611422388963,max_hold
KLAC,2018-10-19,2018-10-22,2018-10-29,8.178827771114406,7.959792038643003,5,-0.02678082221574385,-0.02778082221574385,29.873776241169324,-0.32504049440593935,max_hold
MCHP,2018-10-22,2018-10-23,2018-10-30,28.07924943805539,26.79180228605533,5,-0.04585048310640383,-0.04685048310640383,24.550764675599964,-0.36187997694024887,max_hold
PCAR,2018-10-22,2018-10-23,2018-10-30,28.50927439022412,27.550765881536694,5,-0.033620936666704515,-0.034620936666704516,26.756043656670457,-0.26115880732267055,max_hold
MU,2018-10-22,2018-10-23,2018-10-30,37.20148596533863,33.77874461407317,5,-0.09200550092150872,-0.09300550092150872,29.7517099146244,-0.35633128384748286,max_hold
NVDA,2018-10-24,2018-10-25,2018-11-01,4.8299468279243145,5.245805181764511,5,0.08609998591204215,0.08509998591204215,24.521622207013095,-0.3726332459338932,max_hold
NXPI,2018-10-24,2018-10-25,2018-11-01,63.41008756245818,71.16704012239757,5,0.12232994556739696,0.12132994556739696,25.57788965426475,-0.5417045941683231,rsi_reversion
AMAT,2018-10-24,2018-10-25,2018-11-01,29.61482265602479,30.322784146374342,5,0.023905646796285263,0.02290564679628526,25.67270359893915,-0.7471012743983556,rsi_reversion
TXN,2018-10-24,2018-10-25,2018-11-01,73.7456466067244,75.28369915835714,5,0.02085618097343378,0.01985618097343378,27.76061504139085,-0.5843986331657363,max_hold
ASML,2018-10-24,2018-10-25,2018-11-01,153.24896411075107,158.7052347567476,5,0.03560396429207402,0.03460396429207402,28.035972718492133,-0.5974781106350812,max_hold
ADI,2018-10-26,2018-10-29,2018-11-01,70.5273516134992,72.99039796256693,3,0.03492327859644573,0.03392327859644573,26.085535975841935,-0.5795598219678232,rsi_reversion
MCHP,2018-10-29,2018-10-30,2018-11-01,26.79180228605533,28.431143300829174,2,0.061188157380031694,0.06018815738003169,23.218695457344694,-0.36187997694024887,rsi_reversion
KLAC,2018-10-29,2018-10-30,2018-11-01,7.944529245019413,8.254236107880166,2,0.038983664520451544,0.03798366452045154,28.34520742158007,-0.25857032014899045,rsi_reversion
AMD,2018-10-25,2018-10-26,2018-11-02,18.489999771118164,20.59000015258789,5,0.11357492739129071,0.11257492739129071,28.742687814566693,-0.5580399255842645,max_hold
EBAY,2018-10-26,2018-10-29,2018-11-05,24.445269519702784,26.376560100461646,5,0.0790046752891087,0.0780046752891087,25.00547878742026,-0.42018842996231986,max_hold
PCAR,2018-10-29,2018-10-30,2018-11-06,27.550765881536694,28.759947955637372,5,0.04388923630290131,0.04288923630290131,22.522522161633717,-0.5099879062887371,max_hold
MU,2018-10-29,2018-10-30,2018-11-06,33.77874461407317,38.75194566879922,5,0.1472287117696518,0.1462287117696518,23.929790253634607,-0.6570231285090081,max_hold
QCOM,2018-11-08,2018-11-09,2018-11-16,47.515520886003415,45.32807047203486,5,-0.04603654496846543,-0.04703654496846543,24.650969431714515,-0.5037655730352808,max_hold
QCOM,2018-11-15,2018-11-16,2018-11-26,45.32807047203486,45.879042745016484,5,0.012155211268512822,0.011155211268512821,26.60655427658361,-0.3720725269254489,max_hold
NVDA,2018-11-16,2018-11-19,2018-11-27,3.9977347652906055,3.755828535667613,5,-0.06051082521113871,-0.06151082521113871,29.109322538402225,-0.32580857703851307,max_hold
META,2018-11-19,2018-11-20,2018-11-28,125.82489486219124,134.98714332528849,5,0.07281745375692239,0.07181745375692239,28.02921042607815,-0.5923485245218079,max_hold
AAPL,2018-11-20,2018-11-21,2018-11-29,42.60725857383587,43.30184364075627,5,0.016302036088914784,0.015302036088914783,29.06050922595334,-0.448565756326832,max_hold
QCOM,2018-11-23,2018-11-26,2018-12-03,45.879042745016484,49.76053282697833,5,0.08460268239540514,0.08360268239540514,29.212335184332304,-0.3421858847238431,rsi_reversion
KHC,2018-12-10,2018-12-11,2018-12-18,32.97264515740252,31.801586319795977,5,-0.03551607194437156,-0.036516071944371564,28.50014432946061,-0.21919642831032296,max_hold
KHC,2018-12-17,2018-12-18,2018-12-26,31.801586319795977,28.877299881536395,5,-0.09195410596355258,-0.09295410596355258,24.707597340572207,-0.21919642831032296,max_hold
AAPL,2018-12-20,2018-12-21,2018-12-31,37.185619812707245,37.58153062422218,5,0.01064687945256848,0.00964687945256848,28.121471023850788,-0.5449886425156465,max_hold
MU,2018-12-21,2018-12-24,2019-01-02,29.117596355315378,30.22925142477487,5,0.038178119371331976,0.037178119371331975,28.964345598034555,-0.25032339891449273,max_hold
NVDA,2018-12-21,2018-12-24,2019-01-02,3.128618945125404,3.231265475170395,5,0.032808894865551164,0.03180889486555116,29.25846671643987,-0.30309673257714587,max_hold
MAR,2018-12-21,2018-12-24,2019-01-02,96.51003940929627,100.46382868421423,5,0.0409676475019356,0.0399676475019356,29.492272521088893,-0.21435761719597243,max_hold
KLAC,2018-12-24,2018-12-26,2019-01-02,7.42585013026391,7.921815424404432,4,0.06678902555806032,0.06578902555806032,28.576912745005714,-0.4751792214882155,rsi_reversion
LRCX,2018-12-24,2018-12-26,2019-01-02,11.363190134487768,12.135160287051585,4,0.06793604114929441,0.06693604114929441,28.599683709732687,-0.36798209784558056,rsi_reversion
KHC,2019-01-02,2019-01-03,2019-01-10,29.208990288325293,30.56282654955559,5,0.04634998498292564,0.04534998498292564,26.150944158096095,-0.2756462419422276,max_hold
AAPL,2019-01-03,2019-01-04,2019-01-11,34.26264280679694,36.24212260924212,5,0.05777370454483721,0.05677370454483721,27.903588883587744,-0.4022470070409392,max_hold
QCOM,2019-01-24,2019-01-25,2019-02-01,42.33708825503571,41.21486211535101,5,-0.026506927753852216,-0.027506927753852217,28.29183622629199,-0.5680523399080026,max_hold
QCOM,2019-01-31,2019-02-01,2019-02-08,41.21486211535101,41.76351703963078,5,0.013312065020239627,0.012312065020239626,29.488350460009443,-0.5346555038220195,max_hold
KHC,2019-02-22,2019-02-25,2019-03-04,23.692115757285396,22.270585635545082,5,-0.06000013406583116,-0.06100013406583116,15.24584815162659,-0.2997553802731068,max_hold
KHC,2019-03-01,2019-03-04,2019-03-11,22.270585635545082,21.92144089938078,5,-0.01567739357545439,-0.01667739357545439,17.215134683945294,-0.41548529401330625,max_hold
KHC,2019-03-12,2019-03-13,2019-03-20,21.976259886389393,21.99681307461885,5,0.0009352450478703478,-6.475495212965223e-05,21.52155263272431,-0.34703385528283515,max_hold
KHC,2019-03-19,2019-03-20,2019-03-27,21.99681307461885,22.54502444336767,5,0.024922308831245132,0.02392230883124513,25.231570784662594,-0.4737193096200729,max_hold
TSLA,2019-04-26,2019-04-29,2019-05-06,15.723999977111816,16.667999267578125,5,0.06003556931063425,0.05903556931063425,28.478925441386536,-0.32490476882681246,max_hold
INTC,2019-05-09,2019-05-10,2019-05-17,40.46690378344486,39.368973127441805,5,-0.027131570576255037,-0.02813157057625504,23.417032357996007,-0.34808495275959994,max_hold
ORLY,2019-05-13,2019-05-14,2019-05-21,23.66866683959961,23.753999710083008,5,0.003605309545387181,0.002605309545387181,26.557384129954457,-0.2764932849004204,max_hold
DLTR,2019-05-13,2019-05-14,2019-05-21,99.29000091552734,99.6500015258789,5,0.0036257488874216204,0.0026257488874216204,29.19854168679271,-0.2118087936986405,max_hold
INTC,2019-05-16,2019-05-17,2019-05-24,39.368973127441805,38.85484560648181,5,-0.013059205768352289,-0.01405920576835229,25.496415372392008,-0.347586292369868,max_hold
MU,2019-05-17,2019-05-20,2019-05-28,33.88601569623461,33.30093627410222,5,-0.01726610255325478,-0.01826610255325478,28.32028916396412,-0.2298270521485205,max_hold
TSLA,2019-05-20,2019-05-21,2019-05-29,13.184000015258789,12.473333358764648,5,-0.053903720848880066,-0.05490372084888007,26.096479840541107,-0.3412654901699105,max_hold
AVGO,2019-05-20,2019-05-21,2019-05-29,23.035107474921496,21.01083409445256,5,-0.08787774846168095,-0.08887774846168095,26.58665531283259,-0.4298342713211318,max_hold
ORLY,2019-05-20,2019-05-21,2019-05-29,23.753999710083008,24.546667098999023,5,0.03336984922920361,0.03236984922920361,27.82736611271038,-0.2764932849004204,max_hold
INTC,2019-05-23,2019-05-24,2019-06-03,38.85484560648181,38.55858871734356,5,-0.00762470895235845,-0.00862470895235845,29.862107450769187,-0.473415754667736,max_hold
MU,2019-05-24,2019-05-28,2019-06-04,33.30093627410222,32.530574643490276,5,-0.023133332476632074,-0.024133332476632074,27.857687639127022,-0.501592097877762,max_hold
KHC,2019-05-28,2019-05-29,2019-06-05,19.79713252554549,20.049347230988165,5,0.012739961462460592,0.01173996146246059,20.36160414490469,-0.37478901184716845,max_hold
AVGO,2019-05-28,2019-05-29,2019-06-05,21.01083409445256,22.363395214382045,5,0.06437446099708155,0.06337446099708155,21.654269677333716,-0.4298342713211318,max_hold
BKNG,2019-06-03,2019-06-04,2019-06-05,65.38972535024674,68.60351669001142,1,0.049148261788081626,0.048148261788081625,29.876198402625235,-0.3344200079587674,rsi_reversion
TSLA,2019-05-30,2019-05-31,2019-06-07,12.34000015258789,13.666666984558105,5,0.10750946641536241,0.10650946641536241,23.49488666815057,-0.24837489327431378,max_hold
AAPL,2019-05-31,2019-06-03,2019-06-07,41.96771774456351,44.575160856832326,4,0.062129733337872306,0.061129733337872305,29.594226522424094,-0.3505453850331672,rsi_reversion
MU,2019-06-03,2019-06-04,2019-06-11,32.530574643490276,34.9099006837709,5,0.07314122379810928,0.07214122379810928,26.523201526370826,-0.4203954698807826,max_hold
META,2019-06-03,2019-06-04,2019-06-11,162.15692649826045,176.78676982371022,5,0.09022028007916583,0.08922028007916583,27.86310543049818,-0.3038383900451077,max_hold
GOOGL,2019-06-04,2019-06-05,2019-06-12,52.25277336430937,53.48852151892269,5,0.023649427103086262,0.02264942710308626,29.05218367418128,-0.25140870342956456,max_hold
GOOG,2019-06-04,2019-06-05,2019-06-12,52.08367844573135,53.39427073511667,5,0.025163205220823492,0.02416320522082349,29.614048822033354,-0.2416863931343059,max_hold
ILMN,2019-07-19,2019-07-22,2019-07-29,286.5369567871094,293.1322937011719,5,0.02301740406548225,0.02201740406548225,24.383307779225575,-0.29368401504686786,max_hold
CSX,2019-07-24,2019-07-25,2019-08-01,20.885401659789668,21.17594293330867,5,0.013911213116785559,0.012911213116785558,29.668306227882553,-0.33295014874472356,max_hold
ALGN,2019-07-25,2019-07-26,2019-08-02,203.25999450683594,201.5500030517578,5,-0.008412828403479122,-0.009412828403479123,16.11681700979358,-0.27939349750301457,max_hold
CSX,2019-08-02,2019-08-05,2019-08-12,19.956285221608052,19.986557041113624,5,0.0015169065369338153,0.0005169065369338153,28.888519578187626,-0.33295014874472356,max_hold
CSCO,2019-08-05,2019-08-06,2019-08-13,42.22912562795642,41.838941340030566,5,-0.00923969611313824,-0.010239696113138241,24.62516119451091,-0.2075067213528071,max_hold
PYPL,2019-08-05,2019-08-06,2019-08-13,103.84196751067738,102.24973111423475,5,-0.01533326490832243,-0.01633326490832243,25.734427110760706,-0.22336725033464963,max_hold
QCOM,2019-08-06,2019-08-07,2019-08-14,57.07903021719797,59.94740345450926,5,0.05025266242955628,0.04925266242955628,29.032385514979765,-0.45434595726831556,max_hold
KHC,2019-08-08,2019-08-09,2019-08-16,19.208460231767397,17.512780817003375,5,-0.0882777377418138,-0.0892777377418138,29.732961184277798,-0.23559185890240225,max_hold
KHC,2019-08-15,2019-08-16,2019-08-23,17.512780817003375,18.078986956312374,5,0.0323310241374839,0.0313310241374839,19.85725911432155,-0.4443467470478598,max_hold
CSCO,2019-08-16,2019-08-19,2019-08-26,38.93696712768221,38.24601965829928,5,-0.017745282192040523,-0.018745282192040524,27.203470148133405,-0.3509728002416731,max_hold
KHC,2019-08-23,2019-08-26,2019-09-03,18.022506018311947,17.944856444629334,5,-0.004308478166339169,-0.005308478166339169,29.956625970079685,-0.5872752857756111,max_hold
NFLX,2019-09-24,2019-09-25,2019-10-02,25.570999145507812,26.361000061035156,5,0.030894409367110187,0.029894409367110186,23.99739527244965,-0.2096247118153222,max_hold
ZS,2019-09-24,2019-09-25,2019-10-02,48.869998931884766,46.459999084472656,5,-0.049314505833552014,-0.050314505833552015,27.69520355906961,-0.22523410888374903,max_hold
CTSH,2019-09-27,2019-09-30,2019-10-07,52.79506624090623,53.894771575927734,5,0.02082969893443254,0.019829698934432538,29.979613165059405,-0.285120930967716,max_hold
ZS,2019-10-01,2019-10-02,2019-10-09,46.459999084472656,47.369998931884766,5,0.019586738384509417,0.018586738384509416,25.76856895088453,-0.22523410888374903,max_hold
EXC,2019-10-16,2019-10-17,2019-10-24,24.60846708195322,25.308393258086088,5,0.028442493951448267,0.027442493951448266,27.98751593093482,-0.27250282639687473,max_hold
ZS,2019-10-18,2019-10-21,2019-10-28,42.869998931884766,43.34000015258789,5,0.010963406401056863,0.009963406401056862,26.884570697526428,-0.22523410888374903,max_hold
CRWD,2019-10-18,2019-10-21,2019-10-28,11.732500076293945,12.5649995803833,5,0.07095670135740795,0.06995670135740795,29.670219936113696,-0.30550862171105053,max_hold
ZM,2019-10-22,2019-10-23,2019-10-30,61.33000183105469,65.97000122070312,5,0.07565627345699766,0.07465627345699766,18.966311932870482,-0.3570143195055649,max_hold
BKNG,2019-11-07,2019-11-08,2019-11-15,75.84190304765907,73.21812293960365,5,-0.034595388599447996,-0.035595388599448,25.704717744017856,-0.29207416251630586,max_hold
CSCO,2019-12-05,2019-12-06,2019-12-12,35.94754456055802,36.48810527052317,4,0.015037486331076266,0.014037486331076265,29.316626922667652,-0.3890271700172906,rsi_reversion
DLTR,2020-01-29,2020-01-30,2020-02-06,85.69999694824219,88.9800033569336,5,0.03827312165101171,0.03727312165101171,29.90589636768013,-0.4558793216835239,max_hold
ON,2020-02-04,2020-02-05,2020-02-12,20.360000610351562,21.729999542236328,5,0.06728874709307342,0.06628874709307342,24.55601837814754,-0.30622469244733697,max_hold
KHC,2020-02-13,2020-02-14,2020-02-24,19.899309071539502,19.263390041688236,5,-0.03195683968549312,-0.03295683968549312,28.344505160586294,-0.40801172744175596,max_hold
BKR,2020-02-21,2020-02-24,2020-03-02,16.60196220022819,13.791488910183602,5,-0.16928560950499927,-0.17028560950499927,29.25466265535003,-0.32936358949583755,max_hold
KHC,2020-02-24,2020-02-25,2020-03-03,19.020451543107622,18.577452566109454,5,-0.023290665628739826,-0.024290665628739827,26.66091184730719,-0.518256370084768,max_hold
ON,2020-02-24,2020-02-25,2020-03-03,19.559999465942383,18.729999542236328,5,-0.04243353509038894,-0.04343353509038894,29.801780538556727,-0.30622469244733697,max_hold
MAR,2020-02-25,2020-02-26,2020-03-04,120.59027215919602,110.71985643263648,5,-0.08185084542747534,-0.08285084542747534,26.097425948366563,-0.23036009240792507,max_hold
CSCO,2020-02-25,2020-02-26,2020-03-04,35.45274874735458,33.59637099316053,5,-0.052362026070900236,-0.05336202607090024,29.304662660421542,-0.31404498946299453,max_hold
FANG,2020-02-25,2020-02-26,2020-03-04,51.63768419583322,48.295710432263405,5,-0.06471966773133264,-0.06571966773133264,29.636338279980592,-0.3429006506649315,max_hold
BKNG,2020-02-27,2020-02-28,2020-03-06,64.22297925873583,62.63852921773204,5,-0.024671076603601683,-0.025671076603601684,23.622722934520652,-0.2129673653763926,max_hold
AAPL,2020-02-27,2020-02-28,2020-03-06,62.04996261815576,68.01712645055636,5,0.09616708182600275,0.09516708182600275,28.734185108206916,-0.2084187156013718,max_hold
BKR,2020-02-28,2020-03-02,2020-03-09,13.791488910183602,11.216633756144875,5,-0.18669885251747265,-0.18769885251747265,12.27294339721172,-0.45806369960654464,max_hold
CSX,2020-02-28,2020-03-02,2020-03-09,21.50600292374339,19.25203589617149,5,-0.10480641314725403,-0.10580641314725403,26.801210045827446,-0.4512408979431713,max_hold
DLTR,2020-03-04,2020-03-05,2020-03-10,78.62999725341797,85.08000183105469,3,0.08202982071649934,0.08102982071649933,27.87451367903232,-0.3984538070506998,rsi_reversion
MAR,2020-03-03,2020-03-04,2020-03-11,110.71985643263648,101.81359571738376,5,-0.080439597757891,-0.081439597757891,24.99930814811256,-0.5395753266859336,max_hold
CSCO,2020-03-03,2020-03-04,2020-03-11,33.59637099316053,32.19377078438194,5,-0.04174856293449447,-0.04274856293449447,27.902864166873385,-0.4490664457415409,max_hold
FANG,2020-03-03,2020-03-04,2020-03-11,48.295710432263405,21.88302478325958,5,-0.5468950640253782,-0.5478950640253782,29.63607032369555,-0.3429006506649315,max_hold
BKR,2020-03-06,2020-03-09,2020-03-16,11.216633756144875,9.31493987241918,5,-0.16954229986192415,-0.17054229986192415,26.164420793318513,-0.45806369960654464,max_hold
BKNG,2020-03-06,2020-03-09,2020-03-16,57.98486705986298,49.81887626939542,5,-0.14082968892619996,-0.14182968892619996,29.94460238433298,-0.35733962447281026,max_hold
CSX,2020-03-09,2020-03-10,2020-03-17,19.059360198936798,15.14166855477298,5,-0.20555210685311254,-0.20655210685311254,20.98897062734028,-0.4512408979431713,max_hold
ON,2020-03-09,2020-03-10,2020-03-17,16.31999969482422,12.100000381469727,5,-0.2585783941339679,-0.2595783941339679,25.329587169063473,-0.3271896613206953,max_hold
META,2020-03-09,2020-03-10,2020-03-17,173.01293168440577,149.30997192012035,5,-0.13700108733792327,-0.13800108733792327,26.289518257022934,-0.33666330186938126,max_hold
FANG,2020-03-10,2020-03-11,2020-03-18,21.88302478325958,14.20734773163465,5,-0.3507594186657774,-0.3517594186657774,15.906933353284956,-0.27337381649357895,max_hold
PANW,2020-03-11,2020-03-12,2020-03-19,24.34166717529297,21.93833351135254,5,-0.09873332202897911,-0.09973332202897911,21.44503524382735,-0.2706189984001003,max_hold
MAR,2020-03-11,2020-03-12,2020-03-19,86.28268392837211,58.65306849684235,5,-0.3202220210774457,-0.3212220210774457,26.720399146426317,-0.6149970144564505,max_hold
LULU,2020-03-12,2020-03-13,2020-03-20,175.89999389648438,163.50999450683594,5,-0.07043774769509004,-0.07143774769509004,20.743148556444112,-0.2346679832713719,max_hold
CSCO,2020-03-12,2020-03-13,2020-03-20,29.02554678217664,31.574975266578576,5,0.08783395205383115,0.08683395205383115,24.818329835041965,-0.4490664457415409,max_hold
CMCSA,2020-03-12,2020-03-13,2020-03-20,27.971763725583113,27.863684012342535,5,-0.003863886249751425,-0.004863886249751425,25.70475504198997,-0.3162376622096042,max_hold
AEP,2020-03-12,2020-03-13,2020-03-20,68.59546566085083,64.24626455883713,5,-0.0634036238418002,-0.0644036238418002,26.016441143124638,-0.30747751985573785,max_hold
EXC,2020-03-16,2020-03-17,2020-03-24,17.653016128398974,17.75460406893218,5,0.005754707285956506,0.004754707285956506,21.774185011418624,-0.21648677425051546,max_hold
CSX,2020-03-16,2020-03-17,2020-03-24,15.14166855477298,15.59124284486284,5,0.029691198725132928,0.028691198725132927,24.132252731828046,-0.47677695068712755,max_hold
CHTR,2020-03-16,2020-03-17,2020-03-24,397.4700012207031,396.5199890136719,5,-0.0023901481976340566,-0.0033901481976340566,27.265071167991636,-0.29382892580626274,max_hold
BKNG,2020-03-16,2020-03-17,2020-03-24,51.169257769791564,47.61590250736792,5,-0.06944316601991851,-0.07044316601991851,27.92659886942657,-0.26871916734346973,max_hold
BKR,2020-03-16,2020-03-17,2020-03-24,9.988103880482312,8.136896901220705,5,-0.18534118201143646,-0.18634118201143646,29.548565471318568,-0.42117161093307776,max_hold
META,2020-03-16,2020-03-17,2020-03-24,149.30997192012035,153.73755450355938,5,0.0296536294696228,0.0286536294696228,29.836959434494077,-0.3193617792718762,max_hold
FANG,2020-03-17,2020-03-18,2020-03-25,14.20734773163465,19.015280627373276,5,0.33841171389316305,0.33741171389316305,15.044239009059737,-0.41467083229066765,max_hold
TSLA,2020-03-17,2020-03-18,2020-03-25,25.933332443237305,36.349998474121094,5,0.4016709404271015,0.4006709404271015,27.65317305929237,-0.25654028346918134,max_hold
MAR,2020-03-18,2020-03-19,2020-03-26,58.65306849684235,83.9818374635864,5,0.4318404751169609,0.4308404751169609,16.21116949768178,-0.8180396864694457,max_hold
PANW,2020-03-18,2020-03-19,2020-03-26,21.93833351135254,28.093332290649414,5,0.2805590851334181,0.2795590851334181,24.089699080179315,-0.2706189984001003,max_hold
ROST,2020-03-19,2020-03-20,2020-03-27,61.50783336815099,76.87772351109888,5,0.24988508457048786,0.24888508457048786,22.991584742335647,-0.255033832406409,max_hold
AEP,2020-03-20,2020-03-23,2020-03-30,56.36528741623624,67.35739354298849,5,0.19501552516852638,0.19401552516852638,29.501324631993313,-0.4375420212764262,max_hold
BKR,2020-03-23,2020-03-24,2020-03-31,8.136896901220705,9.390670168408958,5,0.1540849395548025,0.1530849395548025,26.170833143500317,-0.5258166467839317,max_hold
EXC,2020-03-23,2020-03-24,2020-03-31,17.75460406893218,20.768254884949418,5,0.16973911692520693,0.16873911692520693,29.555719623060696,-0.21648677425051546,max_hold
FANG,2020-03-24,2020-03-25,2020-04-01,19.015280627373276,19.471332457337688,5,0.023983439366543235,0.022983439366543235,28.95705607863455,-0.6763346601460808,max_hold
MAR,2020-04-02,2020-04-03,2020-04-13,61.70170996203944,78.19129487345725,5,0.2672468059890505,0.2662468059890505,28.64176574574799,-0.6939955507073434,max_hold
FANG,2020-09-10,2020-09-11,2020-09-18,23.721241992960934,26.349074411280267,5,0.11077971461608627,0.10977971461608627,23.178361779840927,-0.34858478208873706,max_hold
ILMN,2020-09-21,2020-09-22,2020-09-29,261.4883117675781,296.3034973144531,5,0.13314241585612518,0.13214241585612518,20.953940359532737,-0.2229064744832795,max_hold
CSCO,2020-09-21,2020-09-22,2020-09-29,32.889329857083524,32.79698248441798,5,-0.0028078216572616777,-0.0038078216572616777,27.682558448205086,-0.2052235735556733,max_hold
CSCO,2020-10-27,2020-10-28,2020-11-04,30.76974330961938,31.37122937105289,5,0.019547971375031725,0.018547971375031724,27.884072367990967,-0.29231545454038693,max_hold
FANG,2020-10-28,2020-10-29,2020-11-05,18.882582307990344,21.47893975986076,5,0.13750012628154917,0.13650012628154917,29.263901248643407,-0.2081554159205882,max_hold
META,2021-01-14,2021-01-15,2021-01-20,245.54817530475583,266.37866964606815,2,0.0848326171247622,0.0838326171247622,29.65016625747444,-0.45971401036141074,rsi_reversion
AAPL,2021-02-26,2021-03-01,2021-03-08,120.31722988203185,117.57545493676041,5,-0.022787882898897216,-0.023787882898897217,29.17876344158178,-0.26183358350722963,max_hold
JD,2021-05-13,2021-05-14,2021-05-21,59.9387127494664,65.61540852104997,5,0.09470833641875487,0.09370833641875487,25.3155934518159,-0.30400706037399317,max_hold
PDD,2021-08-17,2021-08-18,2021-08-24,80.9800033569336,90.94000244140625,4,0.12299331528269031,0.1219933152826903,29.362484739464705,-0.23558756934947123,rsi_reversion
ZM,2021-09-30,2021-10-01,2021-10-08,268.77099609375,257.2300109863281,5,-0.04293984572426213,-0.04393984572426213,28.19035863472689,-0.3189722140408009,max_hold
META,2021-10-04,2021-10-05,2021-10-12,325.4628469564341,319.9654552495772,5,-0.016890996186709972,-0.017890996186709973,28.067526927079655,-0.20988535523406288,max_hold
QCOM,2021-10-06,2021-10-07,2021-10-14,115.94334643120854,113.1626996904402,5,-0.02398280562324584,-0.02498280562324584,28.7288350469327,-0.2637512924678495,max_hold
TMUS,2021-10-12,2021-10-13,2021-10-20,111.39648008000431,113.22203063432221,5,0.01638786569384232,0.015387865693842318,20.858431026782213,-0.29907504368938076,max_hold
MU,2021-10-12,2021-10-13,2021-10-20,65.17162430257373,65.62080976787554,5,0.00689234724634713,0.00589234724634713,27.389807141312673,-0.3565090671558964,max_hold
BIIB,2021-10-18,2021-10-19,2021-10-26,270.0,269.8800048828125,5,-0.00044442635995367574,-0.0014444263599536758,24.76929037121944,-0.29380001986434895,max_hold
MRNA,2021-11-10,2021-11-11,2021-11-18,227.6699981689453,246.1199951171875,5,0.0810383322204411,0.0800383322204411,25.92648842472599,-0.25690408011205407,max_hold
PYPL,2021-11-18,2021-11-19,2021-11-29,199.96005909212133,186.83642150757427,5,-0.06563129479023111,-0.06663129479023111,28.889537320730653,-0.22560670051947554,max_hold
PYPL,2021-11-26,2021-11-29,2021-12-06,186.83642150757427,181.38719243788478,5,-0.02916577520442709,-0.030165775204427092,24.57905240017395,-0.29278905570884506,max_hold
TMUS,2021-11-30,2021-12-01,2021-12-07,105.0450964245383,110.16993949621961,4,0.04878707570479368,0.04778707570479368,26.038843588381567,-0.2975725701136062,rsi_reversion
BIIB,2021-11-30,2021-12-01,2021-12-08,236.97999572753906,227.17999267578125,5,-0.04135371435749824,-0.04235371435749824,22.77723553115915,-0.3503684010554809,max_hold
CRWD,2021-11-30,2021-12-01,2021-12-08,55.172000885009766,51.401248931884766,5,-0.06834539064450562,-0.06934539064450562,29.40852673628069,-0.3144701173410447,max_hold
BIIB,2021-12-07,2021-12-08,2021-12-15,227.17999267578125,230.1999969482422,5,0.013293442951954448,0.012293442951954447,22.98335887221053,-0.26087595729480245,max_hold
JD,2021-12-20,2021-12-21,2021-12-29,61.393157096221756,58.26523338938453,5,-0.050949061015624575,-0.051949061015624576,28.694652515371416,-0.32994153072263366,max_hold
ADBE,2022-01-05,2022-01-06,2022-01-13,510.0,532.219970703125,5,0.04356857000612746,0.04256857000612746,27.78511396436072,-0.3819084431250053,max_hold
MRNA,2022-01-18,2022-01-19,2022-01-26,188.83999633789062,157.99000549316406,5,-0.16336576701435013,-0.16436576701435013,29.95939152603556,-0.27416744576508134,max_hold
NFLX,2022-01-24,2022-01-25,2022-02-01,37.91400146484375,43.29600143432617,5,0.14195283434994188,0.14095283434994188,10.453721501804381,-0.26483289186283954,max_hold
GOOGL,2022-01-24,2022-01-25,2022-02-01,127.52651182595139,136.29752469047622,5,0.06877795635542472,0.06777795635542472,29.50630069028155,-0.28961698080957365,rsi_reversion
AMZN,2022-01-25,2022-01-26,2022-02-02,144.75,155.05050659179688,5,0.07116066730084203,0.07016066730084203,22.24109390822632,-0.21998858643650346,max_hold
MRNA,2022-01-25,2022-01-26,2022-02-02,157.99000549316406,170.8070068359375,5,0.08112539336121483,0.08012539336121483,23.285362919769696,-0.2053214982856159,max_hold
EBAY,2022-01-25,2022-01-26,2022-02-02,53.77682653809268,55.52133442524876,5,0.032439770054492945,0.031439770054492944,28.105600063811835,-0.4071152210119279,max_hold
CSX,2022-01-26,2022-01-27,2022-02-03,31.76230670363664,32.67113915392528,5,0.02861355312662428,0.02761355312662428,29.686227271097863,-0.4172181207907872,max_hold
ENPH,2022-01-28,2022-01-31,2022-02-07,125.0,140.52000427246094,5,0.12416003417968757,0.12316003417968757,23.101326503415848,-0.34736806719775726,max_hold
META,2022-02-04,2022-02-07,2022-02-14,235.4449621196371,217.22943132787472,5,-0.0773664071117669,-0.0783664071117669,24.64492014939367,-0.3181290016634126,max_hold
PYPL,2022-02-11,2022-02-14,2022-02-22,112.36689599442072,101.02339547599365,5,-0.10095055503704842,-0.10195055503704842,24.00138242916148,-0.21271420606059016,max_hold
PYPL,2022-02-18,2022-02-22,2022-03-01,101.02339547599365,111.48671321718525,5,0.10357321382726647,0.10257321382726647,20.99370128618891,-0.20951493698866666,max_hold
ADBE,2022-02-18,2022-02-22,2022-03-01,440.3500061035156,468.0,5,0.0627909470040624,0.0617909470040624,28.088723299371352,-0.4170422821293422,max_hold
SBUX,2022-02-23,2022-02-24,2022-03-03,78.45241516312159,83.81408427000316,5,0.0683429451564157,0.0673429451564157,28.159073696022872,-0.3473125809123024,max_hold
BKNG,2022-03-01,2022-03-02,2022-03-09,81.70922090591354,78.52001544634103,5,-0.039031157367720004,-0.040031157367720005,27.098547119613173,-0.2498238806595429,max_hold
META,2022-03-01,2022-03-02,2022-03-09,202.8373007560138,193.88307116469204,5,-0.044144886359400504,-0.045144886359400505,28.948155385453504,-0.2925558909414182,max_hold
PYPL,2022-03-03,2022-03-04,2022-03-11,99.13446019486916,98.64986453222694,5,-0.004888266518924378,-0.005888266518924378,28.175000601725472,-0.27242024561077716,max_hold
META,2022-03-08,2022-03-09,2022-03-16,193.88307116469204,192.85290617320103,5,-0.005313331304804492,-0.006313331304804492,28.005637082001954,-0.2568322675383139,max_hold
JD,2022-03-11,2022-03-14,2022-03-16,37.67876571886034,49.906576683462745,2,0.32452790666870746,0.32352790666870745,24.12169718259844,-0.21503190810286676,rsi_reversion
PDD,2022-03-14,2022-03-15,2022-03-22,25.520000457763672,42.779998779296875,5,0.6763322104989375,0.6753322104989375,21.63776351382809,-0.3020172204669389,rsi_reversion
SBUX,2022-03-14,2022-03-15,2022-03-22,72.17623717209415,78.36276945377739,5,0.08571425338968996,0.08471425338968996,27.349023312170644,-0.3380370969269842,max_hold
NFLX,2022-04-20,2022-04-21,2022-04-28,22.0,19.1560001373291,5,-0.12927272103049536,-0.13027272103049536,19.958938498607466,-0.319278172279634,max_hold
PYPL,2022-04-21,2022-04-22,2022-04-29,88.31017449573238,89.99636890105049,5,0.01909399924693389,0.01809399924693389,29.118240869187616,-0.41265665147895747,max_hold
NVDA,2022-04-27,2022-04-28,2022-05-05,18.889349582079028,19.785667939358376,5,0.047450991013989974,0.04645099101398997,29.739268110730805,-0.23471828988728297,max_hold
ALGN,2022-04-28,2022-04-29,2022-05-06,303.3299865722656,285.8500061035156,5,-0.057626945051756584,-0.058626945051756585,23.421056122930523,-0.2901513693386659,max_hold
ORLY,2022-04-29,2022-05-02,2022-05-09,40.2140007019043,40.25266647338867,5,0.0009615002439322673,-3.8499756067732725e-05,27.89917758369134,-0.31432361131696546,max_hold
AMZN,2022-04-29,2022-05-02,2022-05-09,122.4010009765625,111.3125,5,-0.09059158738976114,-0.09159158738976114,29.345900798391156,-0.33351383857783506,max_hold
AMZN,2022-05-06,2022-05-09,2022-05-16,111.3125,113.0999984741211,5,0.016058380452519616,0.015058380452519615,25.92308231818555,-0.2623982421152576,max_hold
TSLA,2022-05-12,2022-05-13,2022-05-20,257.82666015625,237.99667358398438,5,-0.07691208721490672,-0.07791208721490672,29.977868654681075,-0.3213867108604685,max_hold
DLTR,2022-05-19,2022-05-20,2022-05-26,135.42999267578125,159.80999755859375,4,0.18001924389952606,0.17901924389952606,26.745242375136073,-0.3255354950295685,rsi_reversion
COST,2022-05-19,2022-05-20,2022-05-27,408.29953438334576,434.9609003099338,5,0.06529854599725327,0.06429854599725326,20.355482075312096,-0.2671906791976014,max_hold
CSCO,2022-05-19,2022-05-20,2022-05-27,36.96957696105287,39.84872008698332,5,0.07787871440789274,0.07687871440789273,26.93797280085805,-0.33994075772806837,max_hold
LULU,2022-05-24,2022-05-25,2022-06-02,254.8800048828125,290.54998779296875,5,0.13994814119121046,0.13894814119121046,28.668328217073253,-0.43285925945664916,max_hold
TSLA,2022-05-24,2022-05-25,2022-06-02,207.9499969482422,244.1566619873047,5,0.17411236148310305,0.17311236148310305,29.202568980417354,-0.5656559460816925,max_hold
CHTR,2022-06-16,2022-06-17,2022-06-27,415.0199890136719,463.1199951171875,5,0.11589804678523818,0.11489804678523818,25.649554289098035,-0.27736126753243584,max_hold
CSX,2022-06-16,2022-06-17,2022-06-27,27.254128654729243,27.89517784538112,5,0.02352117724154934,0.02252117724154934,29.331831505167955,-0.5601755947641885,max_hold
BKR,2022-06-16,2022-06-17,2022-06-27,27.193876485829712,26.512437018123958,5,-0.02505856302101106,-0.02605856302101106,29.998534366811782,-0.495876965693583,max_hold
BKR,2022-06-24,2022-06-27,2022-07-05,26.512437018123958,25.522085616668278,5,-0.03735421986212262,-0.03835421986212262,28.02877132669377,-0.4019792178179752,max_hold
BKR,2022-07-22,2022-07-25,2022-08-01,22.18758467879791,23.177940878586774,5,0.04463560203266437,0.04363560203266437,28.331182350546868,-0.26162171115092836,max_hold
INTC,2022-09-01,2022-09-02,2022-09-12,30.64548843444026,30.19831684196443,5,-0.014591759352521327,-0.015591759352521328,29.784891131603686,-0.3176586990125478,max_hold
NVDA,2022-09-01,2022-09-02,2022-09-12,14.045247525726571,14.317454878749421,5,0.019380744449270182,0.01838074444927018,29.845691274273804,-0.48888024626397214,max_hold
ADI,2022-09-06,2022-09-07,2022-09-14,140.11215123711628,140.05594113642837,5,-0.00040117934234540353,-0.0014011793423454036,29.79233461208912,-0.24778302130877694,max_hold
ADBE,2022-09-15,2022-09-16,2022-09-23,298.32000732421875,285.57000732421875,5,-0.04273933925639495,-0.04373933925639495,23.338973392639033,-0.35276644429165266,max_hold
CHTR,2022-09-15,2022-09-16,2022-09-23,375.4599914550781,330.9800109863281,5,-0.11846796324788123,-0.11946796324788123,29.07894408933059,-0.4128881848631154,max_hold
CSX,2022-09-16,2022-09-19,2022-09-26,27.725378084909103,26.061094564808382,5,-0.060027441826179806,-0.06102744182617981,29.959797052278518,-0.30312957163618603,max_hold
CHTR,2022-09-22,2022-09-23,2022-09-30,330.9800109863281,315.25,5,-0.04752556185931689,-0.04852556185931689,19.951420601083313,-0.4066823112277134,max_hold
ADBE,2022-09-22,2022-09-23,2022-09-30,285.57000732421875,279.69000244140625,5,-0.020590414721447625,-0.021590414721447626,20.387653199450412,-0.24487130533000423,max_hold
INTC,2022-09-22,2022-09-23,2022-09-30,26.544832205535517,25.022548923283036,5,-0.05734763250584918,-0.05834763250584918,25.808556309264645,-0.33501099494069075,max_hold
MU,2022-09-22,2022-09-23,2022-09-30,48.33352092882423,49.56932330565877,5,0.025568225800358668,0.024568225800358667,29.352223826800227,-0.5974687832643432,max_hold
CSX,2022-09-23,2022-09-26,2022-10-03,26.061094564808382,25.559920530224502,5,-0.01923073619711435,-0.020230736197114352,24.00653390654186,-0.43431411507210754,max_hold
AMD,2022-09-23,2022-09-26,2022-10-03,67.87000274658203,64.45999908447266,5,-0.05024316375589222,-0.05124316375589222,25.327629802329085,-0.33254172805955867,max_hold
MSFT,2022-09-23,2022-09-26,2022-10-03,229.4087220067833,227.8215623611014,5,-0.006918479959253543,-0.007918479959253544,28.815149244787193,-0.22326546710036566,max_hold
NVDA,2022-09-26,2022-09-27,2022-10-04,12.462132843167092,12.832800195456576,5,0.029743492302179986,0.028743492302179985,28.904242163910666,-0.27128668768229725,max_hold
ZM,2022-09-26,2022-09-27,2022-10-04,74.9000015258789,75.83000183105469,5,0.012416559228699775,0.011416559228699774,28.96053520066657,-0.28665706555298553,max_hold
KLAC,2022-09-26,2022-09-27,2022-10-04,29.975096069432695,31.78762275921161,5,0.06046775248294378,0.05946775248294378,29.45624238958034,-0.38028278362556317,max_hold
ADI,2022-09-26,2022-09-27,2022-10-04,133.658273068246,138.86633748919948,5,0.03896552230847883,0.03796552230847883,29.524959670465122,-0.45265998302477467,rsi_reversion
ADBE,2022-09-29,2022-09-30,2022-10-07,279.69000244140625,291.3599853515625,5,0.04172470523897642,0.04072470523897642,21.344090040983858,-0.24487130533000423,max_hold
INTC,2022-09-29,2022-09-30,2022-10-07,25.022548923283036,24.898865431494915,5,-0.0049428814053805725,-0.0059428814053805725,22.05874455689539,-0.4995285910211663,max_hold
CHTR,2022-09-29,2022-09-30,2022-10-07,315.25,321.260009765625,5,0.019064265711736805,0.018064265711736804,23.926330000061895,-0.5171216755027191,max_hold
QCOM,2022-09-29,2022-09-30,2022-10-07,103.97483121253812,112.07270776697243,5,0.07788304592561635,0.07688304592561634,26.94984280791836,-0.5803332955067044,max_hold
LRCX,2022-09-29,2022-09-30,2022-10-07,34.48783482274489,37.223754595509625,5,0.079329995252714,0.078329995252714,28.41175227839001,-0.2331870977699317,max_hold
AVGO,2022-09-29,2022-09-30,2022-10-07,42.346526055700146,44.545608332524296,5,0.051930641817739875,0.050930641817739875,29.34263992690505,-0.4637068090670036,max_hold
CSX,2022-09-30,2022-10-03,2022-10-10,25.559920530224502,25.465360829114644,5,-0.0036995303251449174,-0.0046995303251449174,23.27744612538669,-0.6278423441892155,max_hold
AMD,2022-09-30,2022-10-03,2022-10-10,64.45999908447266,57.310001373291016,5,-0.11092146777432943,-0.11192146777432943,24.55682932563893,-0.6732914272880121,max_hold
CMCSA,2022-09-30,2022-10-03,2022-10-10,24.282258816714187,24.25190946916509,5,-0.001249856851381903,-0.002249856851381903,26.56857418273377,-0.25886560896048055,max_hold
ALGN,2022-09-30,2022-10-03,2022-10-10,209.13999938964844,213.1699981689453,5,0.019269383145538832,0.01826938314553883,29.258155182388833,-0.6667671966198649,max_hold
AMD,2022-10-07,2022-10-10,2022-10-17,57.310001373291016,57.349998474121094,5,0.0006979078672422201,-0.00030209213275777993,25.540223802955595,-0.39157561819928327,max_hold
INTC,2022-10-07,2022-10-10,2022-10-17,24.68003709742075,25.03206492592475,5,0.01426366691080827,0.01326366691080827,29.589037242694417,-0.2097085091799307,max_hold
LRCX,2022-10-11,2022-10-12,2022-10-19,31.648908666010996,31.03761354545667,5,-0.019314887821418658,-0.02031488782141866,25.955166914292406,-0.48318556984409666,max_hold
JD,2022-10-11,2022-10-12,2022-10-19,41.626056804063026,38.194650336384406,5,-0.08243409852224315,-0.08343409852224315,29.520582422405624,-0.2808915174000749,max_hold
KLAC,2022-10-12,2022-10-13,2022-10-20,25.000301124746233,26.457063200283013,5,0.05826978116254855,0.05726978116254855,28.903235751561425,-0.48242370975303867,max_hold
AMD,2022-10-14,2022-10-17,2022-10-24,57.349998474121094,58.56999969482422,5,0.02127290764015699,0.02027290764015699,25.438047821264135,-0.27105844069353763,max_hold
JD,2022-10-19,2022-10-20,2022-10-27,37.4041621044206,35.571683415980964,5,-0.048991304318592555,-0.049991304318592555,27.318783767374953,-0.2808915174000749,max_hold
META,2022-10-27,2022-10-28,2022-11-04,98.63531100336684,89.49286744595292,5,-0.09268935703058556,-0.09368935703058556,23.846351523519388,-0.34473787829513447,max_hold
META,2022-11-03,2022-11-04,2022-11-11,89.49286744595292,108.19375389288676,5,0.20896510504848664,0.20796510504848664,23.047717709074675,-0.3033981539297403,max_hold
TSLA,2022-11-08,2022-11-09,2022-11-16,190.77999877929688,191.50999450683594,5,0.003826374526731957,0.002826374526731957,28.643194231490895,-0.3210123221135199,max_hold
TSLA,2022-11-21,2022-11-22,2022-11-30,168.6300048828125,182.42999267578125,5,0.08183589748786924,0.08083589748786923,28.310636933094457,-0.569273561949935,max_hold
TSLA,2022-12-16,2022-12-19,2022-12-27,154.0,117.5,5,-0.237012987012987,-0.238012987012987,28.624038736373663,-0.48882318078095194,max_hold
CRWD,2022-12-22,2022-12-23,2023-01-03,25.75,26.875,5,0.043689320388349495,0.042689320388349494,29.56702821567957,-0.2760673508752345,max_hold
TSLA,2022-12-23,2022-12-27,2023-01-04,117.5,109.11000061035156,5,-0.07140425012466756,-0.07240425012466756,19.81992341987636,-0.6092561451960437,max_hold
PANW,2022-12-27,2022-12-28,2023-01-05,69.58999633789062,68.80999755859375,5,-0.011208490017870276,-0.012208490017870277,26.19253602343892,-0.20687410627979838,max_hold
AAPL,2022-12-28,2022-12-29,2023-01-06,125.74553370652504,123.80024463429882,5,-0.015470045057554782,-0.016470045057554783,29.72661683828929,-0.26679458391477834,max_hold
PANW,2023-01-04,2023-01-05,2023-01-12,68.80999755859375,67.86499786376953,5,-0.013733465024752034,-0.014733465024752035,29.233543855486133,-0.20687410627979838,max_hold
TSLA,2023-01-04,2023-01-05,2023-01-12,110.51000213623047,122.55999755859375,5,0.10903986236022978,0.10803986236022978,29.497492162772176,-0.27596762062521346,max_hold
CRWD,2023-01-05,2023-01-06,2023-01-13,23.596250534057617,24.107500076293945,5,0.021666558485570198,0.020666558485570197,28.402237759533477,-0.5130258072220409,max_hold
ORLY,2023-01-27,2023-01-30,2023-02-06,51.79999923706055,53.0186653137207,5,0.02352637248280609,0.02252637248280609,27.8822796749712,-0.411363560735415,rsi_reversion
SIRI,2023-02-22,2023-02-23,2023-03-02,38.542076110839844,37.312939222468884,5,-0.03189078047680127,-0.032890780476801273,16.720965211022218,-0.33410904875292297,max_hold
SIRI,2023-03-01,2023-03-02,2023-03-09,37.312939222468884,33.88893320737483,5,-0.09176457514320402,-0.09276457514320402,18.41182738882823,-0.33410904875292297,max_hold
SIRI,2023-03-08,2023-03-09,2023-03-16,33.88893320737483,31.694053649902344,5,-0.06476685306207408,-0.06576685306207408,15.897272856229804,-0.46262229957572454,max_hold
SIRI,2023-03-15,2023-03-16,2023-03-23,31.694053649902344,32.3964176586065,5,0.022160750292865128,0.021160750292865127,20.707968323869963,-0.46262229957572454,max_hold
SIRI,2023-03-22,2023-03-23,2023-03-30,32.3964176586065,34.327904260462915,5,0.05962037599991521,0.05862037599991521,29.298520067726656,-0.46262229957572454,max_hold
PDD,2023-04-12,2023-04-13,2023-04-20,68.02999877929688,69.73999786376953,5,0.025135956418582905,0.024135956418582905,29.024512999548932,-0.23804961532862737,max_hold
PDD,2023-04-25,2023-04-26,2023-05-03,66.29000091552734,64.20999908447266,5,-0.03137730882980694,-0.03237730882980694,29.551462018151042,-0.37927654683066914,max_hold
TSLA,2023-04-26,2023-04-27,2023-05-04,152.63999938964844,162.7100067138672,5,0.06597227046963461,0.06497227046963461,29.53857079861085,-0.3830336299121432,max_hold
ZS,2023-05-01,2023-05-02,2023-05-08,86.5999984741211,107.48999786376953,4,0.24122401567814178,0.24022401567814178,26.516303591484274,-0.2850645988618134,rsi_reversion
ILMN,2023-05-02,2023-05-03,2023-05-10,190.62257385253906,191.35214233398438,5,0.00382729320405506,0.00282729320405506,29.234706256248415,-0.2333772408804365,max_hold
QCOM,2023-05-04,2023-05-05,2023-05-12,100.14080187825655,96.67968824572539,5,-0.034562471715963716,-0.03556247171596372,25.23817921668065,-0.2790801459777078,max_hold
PDD,2023-05-10,2023-05-11,2023-05-18,61.040000915527344,66.16000366210938,5,0.08387946706730154,0.08287946706730154,29.70000749529673,-0.2867255509890191,max_hold
QCOM,2023-05-12,2023-05-15,2023-05-22,96.02264005906837,95.93934757783897,5,-0.0008674254444385188,-0.0018674254444385188,26.583015043472173,-0.30871951667497427,max_hold
PYPL,2023-05-12,2023-05-15,2023-05-22,61.06896431857802,60.27778490559841,5,-0.01295550729912942,-0.013955507299129422,29.845185144347,-0.2975593357249098,max_hold
DLTR,2023-05-25,2023-05-26,2023-06-05,136.50999450683594,133.61000061035156,5,-0.02124382106204803,-0.02224382106204803,24.243853584293745,-0.24531565328379037,max_hold
DLTR,2023-06-05,2023-06-06,2023-06-13,130.13999938964844,134.13999938964844,5,0.030736130465343736,0.029736130465343735,29.971762136236237,-0.4392896564367751,max_hold
MRNA,2023-08-07,2023-08-08,2023-08-15,101.36000061035156,98.7300033569336,5,-0.025947091925622723,-0.026947091925622724,21.17167273923755,-0.20310309660107892,max_hold
XEL,2023-08-07,2023-08-08,2023-08-15,53.52120176013357,52.84042211456514,5,-0.012719812395459384,-0.013719812395459385,28.87559361563612,-0.3739247808754816,max_hold
ENPH,2023-08-09,2023-08-10,2023-08-17,139.0800018310547,132.30999755859375,5,-0.048677050498494356,-0.04967705049849436,29.874571078419223,-0.2981977013648889,max_hold
AAPL,2023-08-10,2023-08-11,2023-08-18,174.95373578240464,170.0007364455324,5,-0.0283103376713969,-0.029310337671396902,29.84115284975792,-0.2006620378091973,max_hold
MRNA,2023-08-14,2023-08-15,2023-08-21,98.7300033569336,101.98999786376953,4,0.03301928892932615,0.03201928892932615,25.972435063459486,-0.22082275740524418,rsi_reversion
XEL,2023-08-14,2023-08-15,2023-08-22,52.84042211456514,51.389302268215985,5,-0.027462306095945577,-0.028462306095945578,28.185478100761216,-0.3739247808754816,max_hold
CSX,2023-08-15,2023-08-16,2023-08-23,28.96840040199811,29.29324596593013,5,0.011213790179094962,0.010213790179094961,28.332216676511607,-0.242950720678929,max_hold
XEL,2023-08-21,2023-08-22,2023-08-29,51.389302268215985,51.75656053004024,5,0.007146589768964429,0.006146589768964429,25.374796185582284,-0.3739247808754816,max_hold
XEL,2023-08-31,2023-09-01,2023-09-11,51.49679772068229,51.12953847362054,5,-0.0071316909655966265,-0.008131690965596627,28.594879739685823,-0.3966490388897693,max_hold
ROST,2023-09-25,2023-09-26,2023-10-03,106.06136108629443,111.0619696409347,5,0.047148259304080176,0.046148259304080175,27.620510756209782,-0.30968842255810974,max_hold
KHC,2023-10-12,2023-10-13,2023-10-20,26.137866415424178,26.679407911553763,5,0.02071865727380162,0.01971865727380162,26.410236403547586,-0.35696815981139296,max_hold
CTSH,2023-10-13,2023-10-16,2023-10-23,62.61506993460238,62.226696085299565,5,-0.006202561934506301,-0.007202561934506301,29.61050493499718,-0.2672986331506565,max_hold
