ticker,signal_date,entry_date,exit_date,entry_price,exit_price,days_held,gross_return,net_return,rsi_at_signal,sentiment_at_signal,exit_reason
MELI,2010-01-15,2010-01-19,2010-01-26,40.756048193582195,38.197889488705144,5,-0.06276758464722498,-0.06376758464722498,28.15973927318167,,max_hold
KLAC,2010-01-22,2010-01-25,2010-02-01,1.7350283823681354,1.603168557275482,5,-0.07599865594860089,-0.07699865594860089,26.844947064438813,,max_hold
ADI,2010-01-22,2010-01-25,2010-02-01,19.099547118491667,18.53758826554551,5,-0.02942262711570187,-0.030422627115701872,27.584278391934546,,max_hold
PAYX,2010-01-22,2010-01-25,2010-02-01,16.927997702259127,16.757724560666027,5,-0.010058669937695885,-0.011058669937695886,28.689892226705112,,max_hold
TXN,2010-01-22,2010-01-25,2010-02-01,15.167843754259351,14.692036778389518,5,-0.03136945393020807,-0.03236945393020807,28.897339332007462,0.686513097025454,max_hold
GOOG,2010-01-22,2010-01-25,2010-02-01,13.485987820224711,13.190159625961096,5,-0.021935967776862908,-0.02293596777686291,29.341316678778355,-0.05975447151658181,max_hold
GOOGL,2010-01-22,2010-01-25,2010-02-01,13.549496681471938,13.252273749693485,5,-0.021936086540017885,-0.022936086540017886,29.34136265642168,,max_hold
MELI,2010-01-25,2010-01-26,2010-02-02,38.197889488705144,37.43239368786522,5,-0.020040264294347354,-0.021040264294347355,26.389847267195563,,max_hold
CHTR,2010-01-26,2010-01-27,2010-02-03,30.549999237060547,30.100000381469727,5,-0.014729913807818407,-0.015729913807818408,0.0,,max_hold
TMUS,2010-01-26,2010-01-27,2010-02-03,8.980785089661568,9.248631080569442,5,0.02982434032590442,0.02882434032590442,29.35891101409915,,max_hold
ADBE,2010-01-27,2010-01-28,2010-02-04,33.290000915527344,32.880001068115234,5,-0.012316005891753301,-0.013316005891753302,29.493577723312413,-0.15664365885158996,max_hold
QCOM,2010-01-28,2010-01-29,2010-02-05,26.86341547228352,25.27120934613734,5,-0.05927042776034741,-0.06027042776034741,23.79745559063329,-0.09205065256059315,max_hold
ADP,2010-01-28,2010-01-29,2010-02-05,23.89905308409885,23.69337924667893,5,-0.008605940858667838,-0.009605940858667839,29.850895233050807,,max_hold
KLAC,2010-01-29,2010-02-01,2010-02-08,1.603168557275482,1.6223281572285144,5,0.011951082664441337,0.010951082664441336,20.781897316419176,0.0754679637029767,max_hold
GOOGL,2010-01-29,2010-02-01,2010-02-08,13.252273749693485,13.200217169398961,5,-0.0039281244319094855,-0.0049281244319094855,24.812508446377407,,max_hold
GOOG,2010-01-29,2010-02-01,2010-02-08,13.190159625961096,13.138345427566998,5,-0.003928246500680466,-0.004928246500680466,24.812533479093375,-0.054940170582408035,max_hold
ADI,2010-01-29,2010-02-01,2010-02-08,18.53758826554551,18.48961814253681,5,-0.002587721893567929,-0.003587721893567929,25.884254839251426,,max_hold
PAYX,2010-01-29,2010-02-01,2010-02-08,16.757724560666027,16.510436457242385,5,-0.014756663563028183,-0.015756663563028184,27.936215180824533,,max_hold
ON,2010-01-29,2010-02-01,2010-02-08,7.230000019073486,7.46999979019165,5,0.03319498900207751,0.03219498900207751,29.581181204715335,0.004639565944671631,max_hold
MELI,2010-02-01,2010-02-02,2010-02-09,37.43239368786522,35.69787273696231,5,-0.04633743076562069,-0.04733743076562069,28.77081587750365,,max_hold
CHTR,2010-02-02,2010-02-03,2010-02-10,30.100000381469727,29.399999618530273,5,-0.023255839005583256,-0.024255839005583257,0.0,,max_hold
QCOM,2010-02-04,2010-02-05,2010-02-12,25.27120934613734,25.11989840808389,5,-0.0059874830674289115,-0.0069874830674289115,23.28150314793369,-0.38488550062034177,max_hold
ADSK,2010-02-04,2010-02-05,2010-02-12,23.06999969482422,23.940000534057617,5,0.03771135027056727,0.03671135027056727,28.71310783031268,,max_hold
EXC,2010-02-04,2010-02-05,2010-02-12,16.43769713561647,16.268907569974875,5,-0.01026844358117962,-0.011268443581179621,29.470151718611632,6.30505383014679e-05,max_hold
ADBE,2010-02-04,2010-02-05,2010-02-12,32.43000030517578,32.25,5,-0.005550425639282319,-0.006550425639282319,29.603821538413527,-0.15664365885158996,max_hold
PCAR,2010-02-08,2010-02-09,2010-02-16,13.07831231605619,13.651563694207223,4,0.04383221353777089,0.04283221353777089,29.493250989649283,0.07612637430429459,rsi_reversion
HON,2010-02-08,2010-02-09,2010-02-17,24.512579574545168,25.72298194771995,5,0.04937882483945977,0.048378824839459766,29.541076980392603,0.15004228241741657,rsi_reversion
MELI,2010-02-08,2010-02-09,2010-02-17,35.69787273696231,38.67270427419423,5,0.08333358010298797,0.08233358010298797,29.688378352700283,,max_hold
CHTR,2010-02-09,2010-02-10,2010-02-18,29.399999618530273,29.100000381469727,5,-0.010204055814730828,-0.011204055814730829,15.36889465311603,,max_hold
QCOM,2010-02-11,2010-02-12,2010-02-22,25.11989840808389,26.19233392300165,5,0.042692669273401096,0.041692669273401095,27.878432360130887,-0.38488550062034177,max_hold
EXC,2010-02-12,2010-02-16,2010-02-23,16.27637054410425,16.627361600679777,5,0.021564454779672282,0.02056445477967228,28.781553783053624,6.30505383014679e-05,max_hold
CHTR,2010-02-17,2010-02-18,2010-02-25,29.100000381469727,29.5,5,0.01374569117823743,0.012745691178237428,15.121942761322458,,max_hold
CHTR,2010-02-24,2010-02-25,2010-03-03,29.5,30.5,4,0.03389830508474567,0.03289830508474567,14.893768364921328,,rsi_reversion
QCOM,2010-02-25,2010-02-26,2010-03-05,24.53068433180967,26.096892770525127,5,0.0638469117913889,0.0628469117913889,29.898964057417587,-0.38488550062034177,max_hold
BIIB,2010-04-13,2010-04-14,2010-04-21,54.810001373291016,53.400001525878906,5,-0.025725229193283794,-0.026725229193283795,29.89066806925669,0.46820836501670055,max_hold
GILD,2010-04-21,2010-04-22,2010-04-29,14.007769115645276,13.90881391097038,5,-0.0070643086602828475,-0.008064308660282848,20.120050172499674,0.1876521196546405,max_hold
BIIB,2010-04-21,2010-04-22,2010-04-29,52.61000061035156,52.22999954223633,5,-0.007222981632896364,-0.008222981632896365,26.8975003282536,0.3276958427739298,max_hold
QCOM,2010-04-23,2010-04-26,2010-05-03,25.290662604915806,25.713604648934606,5,0.016723248837956284,0.015723248837956283,29.61234623914534,0.11116030818104727,max_hold
EBAY,2010-04-27,2010-04-28,2010-05-05,8.870600824134831,8.566255482551963,5,-0.03430943941867115,-0.03530943941867115,26.359444764139354,0.31469345291861245,max_hold
GILD,2010-04-28,2010-04-29,2010-05-06,13.90881391097038,13.567576113077621,5,-0.024533925040409965,-0.025533925040409966,28.052671261740983,0.1876521196546405,max_hold
BIIB,2010-04-28,2010-04-29,2010-05-06,52.22999954223633,52.58000183105469,5,0.006701173499634505,0.005701173499634505,28.1910288812646,0.3276958427739298,max_hold
EBAY,2010-05-04,2010-05-05,2010-05-12,8.566255482551963,8.362120946367028,5,-0.0238300779845666,-0.0248300779845666,27.026261162663886,0.31469345291861245,max_hold
GOOGL,2010-05-04,2010-05-05,2010-05-12,12.418862991936683,12.693031461528902,5,0.022076777058433583,0.021076777058433582,27.765613894753244,,max_hold
GOOG,2010-05-04,2010-05-05,2010-05-12,12.360654356482877,12.633535800658262,5,0.02207661797712701,0.02107661797712701,27.765615447817865,-0.00010204393878978008,max_hold
NVDA,2010-05-04,2010-05-05,2010-05-12,0.33043321936051684,0.3315764909688853,5,0.0034599172885250162,0.002459917288525016,29.103754053028766,0.4751595270947845,max_hold
PAYX,2010-05-07,2010-05-10,2010-05-12,17.083166392709018,17.62918022067116,2,0.03196209738934441,0.030962097389344412,28.88415925591609,0.019939865916967392,rsi_reversion
AZN,2010-05-06,2010-05-07,2010-05-14,23.002180537269485,23.612177574639055,5,0.02651909615182868,0.02551909615182868,26.196595052418658,0.1873176030044502,max_hold
AMGN,2010-05-06,2010-05-07,2010-05-14,36.39433720360707,37.175227373486116,5,0.02145636464020151,0.020456364640201508,27.07528478712881,0.3641045913272784,max_hold
QCOM,2010-05-06,2010-05-07,2010-05-14,24.081312242947195,24.95363064936048,5,0.03622387341739497,0.03522387341739497,27.15640425051933,0.11116030818104727,max_hold
ASML,2010-05-06,2010-05-07,2010-05-14,28.6374731600885,28.43098144385256,5,-0.007210542462374958,-0.008210542462374959,27.272303310186558,0.33372875582426786,max_hold
ADP,2010-05-06,2010-05-07,2010-05-14,24.311633097274132,25.02232355465262,5,0.029232526442584783,0.028232526442584782,27.985299966113843,0.2902886356065738,max_hold
BIIB,2010-05-06,2010-05-07,2010-05-14,49.79999923706055,51.20000076293945,5,0.028112480870020606,0.027112480870020605,29.87819026953916,0.3276958427739298,max_hold
MNST,2010-05-07,2010-05-10,2010-05-17,1.5837500095367432,1.6233329772949219,5,0.024993191804151493,0.023993191804151492,25.089297696922415,,max_hold
VRTX,2010-05-07,2010-05-10,2010-05-17,37.5,38.060001373291016,5,0.014933369954427178,0.013933369954427177,27.54503335515477,0.028766115316473655,max_hold
MSFT,2010-05-07,2010-05-10,2010-05-17,21.6442905056054,21.726361693039337,5,0.00379181694187114,0.00279181694187114,27.79384876567309,-0.2778956700761965,max_hold
SNPS,2010-05-07,2010-05-10,2010-05-17,21.959999084472656,22.049999237060547,5,0.0040983677750481284,0.0030983677750481284,27.911252401861304,0.05796149466186762,max_hold
GILD,2010-05-07,2010-05-10,2010-05-17,13.175153507565044,12.864630370408515,5,-0.02356884395906511,-0.024568843959065112,29.180790229084636,0.1876521196546405,max_hold
MU,2010-05-07,2010-05-10,2010-05-17,8.9712612533778,8.717726913179451,5,-0.028260724221233713,-0.029260724221233714,29.240306290054008,0.3040804660366232,max_hold
NVDA,2010-05-14,2010-05-17,2010-05-24,0.2968182751547986,0.29018670882164455,5,-0.022342176638872724,-0.023342176638872725,25.645942772198524,0.1913800058382385,max_hold
BKNG,2010-05-18,2010-05-19,2010-05-26,7.471267696452007,7.698285280042557,5,0.030385416881576477,0.029385416881576476,29.647890275823357,,max_hold
EBAY,2010-05-20,2010-05-21,2010-05-28,7.5381575660821305,8.143138518007294,5,0.08025581139976024,0.07925581139976023,25.79247484370937,0.19364065539897754,max_hold
EXC,2010-05-20,2010-05-21,2010-05-28,14.467865359218887,14.709822472628211,5,0.016723760375275454,0.015723760375275453,27.269630593243434,-0.29681318307120996,max_hold
MSFT,2010-05-20,2010-05-21,2010-05-28,19.958223861125315,19.366162814159527,5,-0.02966501684145384,-0.03066501684145384,27.500057234727777,-0.24620684842337645,max_hold
GOOGL,2010-05-20,2010-05-21,2010-05-28,11.627593570139647,12.214600938275652,5,0.050483994353180295,0.049483994353180294,28.707752687163946,,max_hold
GOOG,2010-05-20,2010-05-21,2010-05-28,11.573093122251095,12.157351247601273,5,0.050484180778503474,0.04948418077850347,28.707755946819447,0.14352262839965144,max_hold
QCOM,2010-05-20,2010-05-21,2010-05-28,23.195769540291657,23.526163977155054,5,0.014243736828368325,0.013243736828368324,28.728777796015763,0.11116030818104727,max_hold
BKR,2010-05-20,2010-05-21,2010-05-28,20.103538628216427,20.21377294413973,5,0.00548332897814241,0.00448332897814241,29.421902221016893,-0.032537263683371925,max_hold
ADP,2010-05-20,2010-05-21,2010-05-28,23.464726209021936,24.323482970220606,5,0.036597774614923306,0.035597774614923305,29.845619741595613,0.2902886356065738,max_hold
AMGN,2010-05-21,2010-05-24,2010-06-01,34.71244755248638,34.51890163476744,5,-0.0055756920460965365,-0.0065756920460965365,28.649567203172722,0.3641045913272784,max_hold
VRTX,2010-05-21,2010-05-24,2010-06-01,34.04999923706055,34.540000915527344,5,0.014390651672422594,0.013390651672422593,29.159555664550027,0.028766115316473655,max_hold
NVDA,2010-05-21,2010-05-24,2010-06-01,0.29018670882164455,0.2963608274873382,5,0.021276366139458158,0.020276366139458157,29.34230550744013,0.1913800058382385,max_hold
BIIB,2010-05-24,2010-05-25,2010-06-02,47.77000045776367,47.20000076293945,5,-0.01193216850245149,-0.012932168502451491,27.74345863549003,0.3276958427739298,max_hold
PEP,2010-05-26,2010-05-27,2010-06-04,37.545131755925496,38.13365780099584,5,0.015675162598875803,0.014675162598875802,25.816458420025583,0.3055073026130052,max_hold
GILD,2010-05-26,2010-05-27,2010-06-04,12.113909641888995,11.980825084101689,5,-0.01098609464009126,-0.01198609464009126,26.61782138247827,0.20410511135817316,max_hold
ALGN,2010-05-26,2010-05-27,2010-06-04,15.020000457763672,14.0,5,-0.06790948246852047,-0.06890948246852047,27.921407078184046,0.008496614173054695,max_hold
CSCO,2010-05-26,2010-05-27,2010-06-04,14.93895095441235,14.894235192520181,5,-0.0029932330609172553,-0.003993233060917255,29.367870944109697,-0.16212921857547832,max_hold
BKR,2010-05-28,2010-06-01,2010-06-08,18.765644111151122,18.50507881881016,5,-0.01388523041349421,-0.01488523041349421,28.156393892892297,-0.032537263683371925,max_hold
MSFT,2010-05-28,2010-06-01,2010-06-08,19.133823140471815,18.923970548289418,5,-0.010967624747116878,-0.011967624747116878,29.913420238676892,-0.30564424167274173,max_hold
EXC,2010-06-01,2010-06-02,2010-06-09,14.138970201437107,14.649333679500323,5,0.03609622700890491,0.03509622700890491,26.926121997740736,-0.29681318307120996,max_hold
BIIB,2010-06-01,2010-06-02,2010-06-09,47.20000076293945,47.099998474121094,5,-0.002118692525464483,-0.003118692525464483,29.14729831623397,0.3276958427739298,max_hold
ALGN,2010-06-04,2010-06-07,2010-06-14,13.859999656677246,14.600000381469727,5,0.05339110700742156,0.052391107007421556,28.237695719195003,0.008496614173054695,max_hold
CHTR,2010-06-07,2010-06-08,2010-06-15,34.0,34.099998474121094,5,0.002941131591796875,0.001941131591796875,26.182715501829847,,max_hold
NVDA,2010-06-07,2010-06-08,2010-06-15,0.26183113024636945,0.2627459070523771,5,0.0034937664025926907,0.0024937664025926906,28.915022037954202,0.14718974606309737,max_hold
GILD,2010-06-08,2010-06-09,2010-06-16,11.458734781108195,12.035423077060072,5,0.050327397131370244,0.04932739713137024,28.293531494542506,0.20410511135817316,max_hold
ON,2010-06-08,2010-06-09,2010-06-16,6.539999961853027,7.159999847412109,5,0.09480120629594202,0.09380120629594202,29.10732224076328,0.06394852589571835,max_hold
MSFT,2010-06-09,2010-06-10,2010-06-17,18.83403440596725,19.9057657538896,5,0.05690397101445188,0.05590397101445188,29.811547052855502,-0.07291526482554754,max_hold
ADBE,2010-06-28,2010-06-29,2010-07-07,28.3700008392334,26.34000015258789,5,-0.07155448102201611,-0.07255448102201612,29.522312929712044,-0.22417535987718407,max_hold
MSFT,2010-06-29,2010-06-30,2010-07-08,17.46251059481452,18.43682075680441,5,0.05579439203199166,0.05479439203199166,26.614166945047515,-0.0035476782356239243,max_hold
EBAY,2010-06-29,2010-06-30,2010-07-08,7.293194452415085,7.374848525531395,5,0.011195927058995636,0.010195927058995635,27.78407403577299,0.22275067540956825,max_hold
PAYX,2010-06-29,2010-06-30,2010-07-08,15.131464214811814,15.154701678339348,5,0.0015357048860340505,0.0005357048860340505,28.104664256546272,0.03099299909817148,max_hold
AMZN,2010-06-29,2010-06-30,2010-07-08,5.428999900817871,5.750999927520752,5,0.05931111301998215,0.05831111301998215,29.297817143615163,-0.19618743327174223,max_hold
GOOGL,2010-06-30,2010-07-01,2010-07-09,11.03835526882037,11.699482314752727,5,0.05989361909738644,0.05889361909738644,27.535567792187962,,max_hold
GOOG,2010-06-30,2010-07-01,2010-07-09,10.98661779769153,11.644645345895714,5,0.05989355052857559,0.05889355052857559,27.535577231678275,-0.37605316547342166,max_hold
QCOM,2010-06-30,2010-07-01,2010-07-09,21.785452518614697,22.622589998797984,5,0.0384264444113791,0.0374264444113791,28.541507255233796,0.11116030818104727,max_hold
CSCO,2010-06-30,2010-07-01,2010-07-09,13.540218816793956,14.402446569511731,5,0.0636790117193935,0.0626790117193935,29.218729359712952,0.08168224472934163,rsi_reversion
NVDA,2010-06-30,2010-07-01,2010-07-09,0.2341616113747386,0.23690573476264273,5,0.011718929382974697,0.010718929382974696,29.25698348335817,0.11370696076186675,max_hold
ADSK,2010-06-30,2010-07-01,2010-07-09,24.31999969482422,24.579999923706055,5,0.010690799019095865,0.009690799019095864,29.87481146738007,0.03347888260574325,max_hold
REGN,2010-07-01,2010-07-02,2010-07-12,20.86312049515913,22.97320744024866,5,0.101139565655058,0.100139565655058,26.27793389665993,0.8564288727939129,max_hold
ADBE,2010-07-06,2010-07-07,2010-07-14,26.34000015258789,28.170000076293945,5,0.06947607870557504,0.06847607870557504,24.076211869961824,-0.22417535987718407,max_hold
MAR,2010-07-06,2010-07-07,2010-07-14,23.280955902451694,25.276697494053323,5,0.0857242116674195,0.0847242116674195,29.930189512683526,0.5665239697030615,rsi_reversion
GILD,2010-07-16,2010-07-19,2010-07-26,10.919579898782438,11.332477171277285,5,0.03781256021954538,0.036812560219545376,29.217554370943205,0.20410511135817316,max_hold
MU,2010-07-30,2010-08-02,2010-08-09,7.206263407539138,7.469550644039353,5,0.03653588851952949,0.03553588851952949,29.895727099417854,-0.1967305322110468,max_hold
AMD,2010-08-11,2010-08-12,2010-08-19,6.349999904632568,6.480000019073486,5,0.020472459274539112,0.01947245927453911,27.905206060009547,-0.35833660710299525,max_hold
AMAT,2010-08-11,2010-08-12,2010-08-19,8.532297117799017,8.881659967529552,5,0.0409459310789515,0.0399459310789515,29.83653999053091,0.24054161342584468,max_hold
AMD,2010-08-20,2010-08-23,2010-08-30,6.300000190734863,6.019999980926514,5,-0.04444447640178384,-0.04544447640178384,27.726379053990343,-0.35833660710299525,max_hold
ISRG,2010-08-20,2010-08-23,2010-08-30,32.69444274902344,30.13888931274414,5,-0.07816476506104786,-0.07916476506104786,29.805866816372543,0.0386992925520762,max_hold
AMAT,2010-08-24,2010-08-25,2010-09-01,8.195840983734685,8.211467349321866,5,0.001906621372741668,0.0009066213727416681,24.8373583494579,0.16930548500368975,max_hold
ASML,2010-08-24,2010-08-25,2010-09-01,24.676475738437507,24.047600909379344,5,-0.02548479109107915,-0.026484791091079152,27.243717439269503,0.02963348284232423,max_hold
INTC,2010-08-24,2010-08-25,2010-09-01,12.093202270061619,11.8812732376733,5,-0.01752464133614784,-0.01852464133614784,27.849211175118114,-0.3138412394752029,max_hold
SBUX,2010-08-24,2010-08-25,2010-09-01,8.366562336461447,8.581276576230344,5,0.025663376561861462,0.02466337656186146,29.611485389683125,0.6012371662610716,max_hold
CHTR,2010-08-25,2010-08-26,2010-09-02,34.5,33.79999923706055,5,-0.020289877186650762,-0.021289877186650763,29.29252791678583,,max_hold
NXPI,2010-08-26,2010-08-27,2010-09-03,9.779981036562607,10.437826815185666,5,0.06726452496826862,0.06626452496826862,16.814213574540034,,max_hold
BKR,2010-08-26,2010-08-27,2010-09-03,19.07973871976549,20.105105579397815,5,0.05374113737574948,0.05274113737574948,28.217673423197027,0.29882774791160377,max_hold
ISRG,2010-08-27,2010-08-30,2010-09-07,30.13888931274414,31.004444122314453,5,0.028718868853747637,0.027718868853747636,29.827241901105253,-0.3735853850552146,max_hold
LULU,2010-08-30,2010-08-31,2010-09-08,15.6850004196167,17.614999771118164,5,0.12304745297218345,0.12204745297218345,22.352663080501188,0.138938222935306,max_hold
AMD,2010-08-30,2010-08-31,2010-09-08,5.690000057220459,5.960000038146973,5,0.047451665766486295,0.046451665766486294,28.772097999723854,-0.47968777377369076,max_hold
ASML,2010-08-31,2010-09-01,2010-09-09,24.047600909379344,25.183337753067573,5,0.04722869644951788,0.04622869644951788,22.26724077527237,-0.021855927329777963,max_hold
INTC,2010-08-31,2010-09-01,2010-09-09,11.8812732376733,11.954124385155108,5,0.006131594318596223,0.005131594318596223,25.12337344260922,-0.18952148812665698,max_hold
AMAT,2010-08-31,2010-09-01,2010-09-09,8.211467349321866,8.367727801606078,5,0.019029540718701776,0.018029540718701775,27.66454283314988,0.16930548500368975,max_hold
CSCO,2010-08-31,2010-09-01,2010-09-09,12.997334881646998,13.386936315247793,5,0.02997548629380442,0.02897548629380442,29.180610031627182,-0.11896025189246495,max_hold
CHTR,2010-09-01,2010-09-02,2010-09-10,33.79999923706055,34.20000076293945,5,0.011834364938100972,0.010834364938100971,29.48457117867318,,max_hold
DXCM,2010-11-05,2010-11-08,2010-11-15,2.694999933242798,2.930000066757202,5,0.08719856747144217,0.08619856747144217,21.35815711850138,0.002208136022090912,max_hold
CSCO,2010-11-11,2010-11-12,2010-11-19,13.169778475188915,12.665212365805914,5,-0.038312421908506145,-0.039312421908506145,28.82015814795163,-0.006829634273817044,max_hold
AZN,2010-11-15,2010-11-16,2010-11-23,27.378210578866767,26.967894828121214,5,-0.014986945533331353,-0.015986945533331354,26.498406817901625,0.4199292051855803,max_hold
CSCO,2010-11-18,2010-11-19,2010-11-29,12.665212365805914,12.435280428827358,5,-0.018154605729260087,-0.019154605729260088,26.742223083106452,-0.2359994084743911,max_hold
ISRG,2010-11-19,2010-11-22,2010-11-30,27.501110076904297,27.956666946411133,5,0.016565035674302342,0.015565035674302341,28.46720602968611,-0.3735853850552146,max_hold
AZN,2010-11-23,2010-11-24,2010-12-02,26.922925154263773,26.54634373029831,5,-0.013987388881695262,-0.014987388881695263,29.79902034957388,0.4199292051855803,max_hold
CSCO,2010-11-26,2010-11-29,2010-12-06,12.435280428827358,12.333095256235863,5,-0.008217359727136553,-0.009217359727136554,29.059440559572963,0.01608609435498126,max_hold
CSCO,2010-12-03,2010-12-06,2010-12-13,12.333095256235863,12.677987311855905,5,0.027964760545059253,0.026964760545059252,27.770404108967043,0.12912194189644624,max_hold
ORLY,2011-01-06,2011-01-07,2011-01-14,3.7760000228881836,3.7780001163482666,5,0.0005296857648198205,-0.00047031423518017947,28.587704336496643,0.05630595111474869,max_hold
TSLA,2011-01-20,2011-01-21,2011-01-28,1.5413329601287842,1.658666968345642,5,0.07612502376323294,0.07512502376323293,29.042704250840572,-0.9370174543078736,max_hold
PCAR,2011-02-02,2011-02-03,2011-02-10,19.465716260104085,19.500375020172722,5,0.0017805026851065442,0.0007805026851065442,28.96718961469719,0.20683484980822017,max_hold
CSCO,2011-02-10,2011-02-11,2011-02-18,12.205358383339385,11.969044662746253,5,-0.019361473311239052,-0.020361473311239053,27.79875859999771,0.029519507640792968,max_hold
AMGN,2011-02-16,2011-02-17,2011-02-25,35.16631917067715,34.15850325540152,5,-0.028658555659017648,-0.02965855565901765,27.441630334261504,0.094272443380235,max_hold
CSCO,2011-02-17,2011-02-18,2011-02-28,11.969044662746253,11.892399588090171,5,-0.006403608376083669,-0.007403608376083669,28.596619257851543,0.029519507640792968,max_hold
AMGN,2011-02-24,2011-02-25,2011-03-04,34.15850325540152,34.779192340441895,5,0.018170851351404727,0.017170851351404726,18.610231155192764,0.094272443380235,max_hold
MRVL,2011-03-04,2011-03-07,2011-03-14,13.806124364246266,13.201787935107378,5,-0.04377306861757224,-0.04477306861757224,27.213486834845256,-0.22347585959894384,max_hold
MSFT,2011-03-07,2011-03-08,2011-03-15,19.651489620297003,19.125323901124606,5,-0.026774851644271624,-0.027774851644271625,28.47048398360495,-0.022941805172426714,max_hold
CSCO,2011-03-07,2011-03-08,2011-03-15,11.604988846980168,11.05571545594003,5,-0.04733079870068724,-0.04833079870068724,28.887440471332326,-0.17388943118427702,max_hold
MRVL,2011-03-11,2011-03-14,2011-03-21,13.201787935107378,13.49119091973653,5,0.02192149927356013,0.02092149927356013,27.636643588632126,-0.22347585959894384,max_hold
GOOG,2011-03-11,2011-03-14,2011-03-21,14.132666028866462,14.069008723977083,5,-0.004504267259932138,-0.005504267259932138,29.521718115990623,-0.15072637605566463,max_hold
GOOGL,2011-03-11,2011-03-14,2011-03-21,14.19921775664213,14.135262794736944,5,-0.004504118677613023,-0.005504118677613023,29.52173695779605,,max_hold
CSCO,2011-03-14,2011-03-15,2011-03-22,11.05571545594003,11.125969037536096,5,0.006354503412831614,0.0053545034128316136,25.8481431778427,-0.17388943118427702,max_hold
MSFT,2011-03-16,2011-03-17,2011-03-24,19.110066689386034,19.521853976637136,5,0.0215481868244769,0.0205481868244769,25.227548297199817,0.04861014720422358,max_hold
ON,2011-03-16,2011-03-17,2011-03-24,9.680000305175781,9.949999809265137,5,0.027892509873681526,0.026892509873681525,28.32013994918516,0.6639634885791194,max_hold
QCOM,2011-03-16,2011-03-17,2011-03-24,35.39107353740378,35.3843391321851,5,-0.00019028541791932252,-0.0011902854179193225,28.64368719960072,0.36292542221363644,max_hold
INTC,2011-03-16,2011-03-17,2011-03-24,13.475746113565576,13.805570816794274,5,0.024475431671770354,0.023475431671770353,29.08544785310731,0.2659705591913827,max_hold
NVDA,2011-03-16,2011-03-17,2011-03-24,0.4116123521271266,0.4159572128444685,5,0.010555710232913462,0.009555710232913461,29.737664481070595,-0.2829910598249369,max_hold
AZN,2011-03-16,2011-03-17,2011-03-24,26.665764666420575,26.835129634251896,5,0.006351401129876422,0.005351401129876422,29.821906413376,-0.16910960161326513,max_hold
GOOG,2011-03-18,2011-03-21,2011-03-28,14.069008723977083,14.36138415949885,5,0.020781523507302113,0.019781523507302112,26.586395244730724,-0.019912773031445622,max_hold
GOOGL,2011-03-18,2011-03-21,2011-03-28,14.135262794736944,14.429014528452951,5,0.020781483724899852,0.01978148372489985,26.586418070627744,,max_hold
MRVL,2011-03-21,2011-03-22,2011-03-29,13.193275949352877,13.925292065196173,5,0.05548402979316136,0.05448402979316136,29.50168813444192,-0.22347585959894384,max_hold
CSCO,2011-03-28,2011-03-29,2011-04-05,11.030345137641952,10.998302208997725,5,-0.0029049796941419403,-0.0039049796941419404,29.951813371829417,-0.045023551939319145,max_hold
KLAC,2011-04-12,2011-04-13,2011-04-20,2.4701024874147106,2.5572006718120437,5,0.035260959754140675,0.034260959754140674,29.556813524624886,-0.09124286086103581,max_hold
GOOG,2011-04-15,2011-04-18,2011-04-26,12.988332672801421,12.990802548508523,5,0.0001901611060728392,-0.0008098388939271608,27.698282468911742,0.04293267310452641,max_hold
GOOGL,2011-04-15,2011-04-18,2011-04-26,13.049499400388191,13.051978356420372,5,0.00018996560374628935,-0.0008100343962537107,27.698315913199394,,max_hold
GOOG,2011-04-25,2011-04-26,2011-05-03,12.990802548508523,13.252581638139945,5,0.020151109883621343,0.019151109883621342,28.216825599009894,-0.17298717374707637,max_hold
GOOGL,2011-04-25,2011-04-26,2011-05-03,13.051978356420372,13.314990615175052,5,0.020151141196560696,0.019151141196560695,28.21685902989445,,max_hold
AMAT,2011-05-24,2011-05-25,2011-06-02,10.589945676684756,10.358724074208494,5,-0.02183406879841976,-0.02283406879841976,29.385043710235976,0.04083436546390258,max_hold
CSCO,2011-05-25,2011-05-26,2011-06-03,10.357375587674099,10.344555159056878,5,-0.0012378066730029946,-0.0022378066730029946,29.368466221554712,-0.17230167118733014,max_hold
AMAT,2011-06-01,2011-06-02,2011-06-09,10.358724074208494,10.160279257104161,5,-0.01915726451276245,-0.02015726451276245,29.919982084109847,-0.17214879691380733,max_hold
AMD,2011-06-06,2011-06-07,2011-06-14,7.869999885559082,7.670000076293945,5,-0.025412936743763215,-0.026412936743763216,28.040124676608343,0.25528656684426637,max_hold
LULU,2011-06-06,2011-06-07,2011-06-14,42.20500183105469,44.595001220703125,5,0.056628344650132556,0.055628344650132555,29.690179677439048,-0.08137818351662962,rsi_reversion
PAYX,2011-06-06,2011-06-07,2011-06-14,18.402933330179653,18.190980694382002,5,-0.01151732889506596,-0.01251732889506596,29.903772945562523,0.1707640442980705,max_hold
CSCO,2011-06-07,2011-06-08,2011-06-15,9.87668076656536,9.58826271005281,5,-0.029201921508783313,-0.030201921508783314,27.73948187375747,-0.1011110978235925,max_hold
ADSK,2011-06-07,2011-06-08,2011-06-15,39.5,37.459999084472656,5,-0.05164559279816061,-0.05264559279816061,28.731740022119496,0.2361312502357046,max_hold
MU,2011-06-08,2011-06-09,2011-06-16,8.317919901678753,7.91811455301943,5,-0.04806554443721345,-0.04906554443721345,26.50727037616393,-0.2132580645350545,max_hold
AMAT,2011-06-08,2011-06-09,2011-06-16,10.160279257104161,9.97771122853462,5,-0.017968800261261353,-0.018968800261261354,29.055194940893145,-0.17214879691380733,max_hold
NXPI,2011-06-09,2011-06-10,2011-06-17,21.73524502578924,21.691391934376473,5,-0.002017602808743857,-0.003017602808743857,29.966666741414386,0.07508237503480375,max_hold
PCAR,2011-06-10,2011-06-13,2011-06-20,17.780410564180894,18.349098254142543,5,0.031983945922333445,0.030983945922333445,27.80984334146538,0.061440346913575965,max_hold
AMD,2011-06-13,2011-06-14,2011-06-21,7.670000076293945,6.980000019073486,5,-0.08996089313650424,-0.09096089313650424,24.297733518255896,0.25528656684426637,max_hold
DXCM,2011-06-13,2011-06-14,2011-06-21,3.3424999713897705,3.4674999713897705,5,0.03739715813610811,0.03639715813610811,28.021014165905854,0.002208136022090912,rsi_reversion
MCHP,2011-06-13,2011-06-14,2011-06-21,12.547296155910983,12.474865487090863,5,-0.005772611718102949,-0.006772611718102949,28.634852697125197,0.108285809544522,max_hold
PAYX,2011-06-13,2011-06-14,2011-06-21,18.190980694382002,18.057762225995212,5,-0.0073233252579907315,-0.008323325257990732,28.733527358484807,0.1707640442980705,max_hold
TXN,2011-06-13,2011-06-14,2011-06-21,21.33699345726608,20.85811147927348,5,-0.022443742083518403,-0.023443742083518404,29.200939074187417,0.06038990936561496,max_hold
SNPS,2011-06-13,2011-06-14,2011-06-21,25.329999923706055,25.149999618530273,5,-0.007106210253373102,-0.008106210253373103,29.260887583892398,0.08286042174677813,max_hold
VRTX,2011-06-13,2011-06-14,2011-06-21,47.439998626708984,45.220001220703125,5,-0.04679589945763596,-0.04779589945763596,29.3207490669064,0.4248256169036171,max_hold
CSCO,2011-06-14,2011-06-15,2011-06-22,9.58826271005281,9.92154711027516,5,0.03475962333331961,0.03375962333331961,23.993593743643103,0.08308314989798236,max_hold
ADSK,2011-06-14,2011-06-15,2011-06-22,37.459999084472656,36.65999984741211,5,-0.021356093342568938,-0.02235609334256894,26.075338764303638,0.2361312502357046,max_hold
MU,2011-06-15,2011-06-16,2011-06-23,7.91811455301943,7.8498552116638205,5,-0.008620655952695233,-0.009620655952695234,24.40303050388482,-0.2355178401081812,max_hold
CTSH,2011-06-15,2011-06-16,2011-06-23,29.43253689853757,30.804022562638547,5,0.04659760281041625,0.04559760281041625,27.889312678168693,0.11580513789973308,max_hold
ADBE,2011-06-16,2011-06-17,2011-06-24,31.329999923706055,30.270000457763672,5,-0.033833369566666605,-0.034833369566666605,28.875891080371233,0.26187842621185836,max_hold
BKNG,2011-06-16,2011-06-17,2011-06-24,18.223937900993363,19.16287950166812,5,0.05152243196699957,0.05052243196699957,29.037214314193548,,max_hold
GOOGL,2011-06-16,2011-06-17,2011-06-24,12.547763932814604,11.915642162287964,5,-0.05037724441671476,-0.05137724441671476,29.979887572096715,,max_hold
GOOG,2011-06-16,2011-06-17,2011-06-24,12.488954381446446,11.859792434597026,5,-0.050377471774907034,-0.051377471774907035,29.98008608266447,0.0763436587357776,max_hold
INTU,2011-06-16,2011-06-17,2011-06-24,43.65084466341472,44.236702328394536,5,0.013421450821794467,0.012421450821794466,29.998560014069525,0.060338262107658525,max_hold
NXPI,2011-06-17,2011-06-20,2011-06-27,19.79679230486407,20.39323886008079,5,0.030128444347530703,0.029128444347530702,28.321294671498876,0.07508237503480375,max_hold
NVDA,2011-06-17,2011-06-20,2011-06-27,0.3583312928955091,0.35993216347988144,5,0.004467571256298708,0.003467571256298708,28.653412690875513,-0.3469911325083474,max_hold
LRCX,2011-06-17,2011-06-20,2011-06-27,3.5806635145310857,3.650158415615007,5,0.019408386407127276,0.018408386407127275,28.862018905632794,-0.030142666713021668,max_hold
AMAT,2011-06-17,2011-06-20,2011-06-27,9.842770592534391,9.842772427718767,5,1.8644997967776078e-07,-0.0009998135500203223,29.42135899461354,-0.17214879691380733,max_hold
AMD,2011-06-20,2011-06-21,2011-06-28,6.980000019073486,6.949999809265137,5,-0.004298024316099047,-0.005298024316099047,18.977313314697412,0.16150179242296264,max_hold
VRTX,2011-06-20,2011-06-21,2011-06-28,45.220001220703125,48.970001220703125,5,0.08292790576668829,0.08192790576668829,25.61239869177122,0.4248256169036171,rsi_reversion
GOOGL,2011-06-23,2011-06-24,2011-06-30,11.915642162287964,12.443899951789732,4,0.044333136419089536,0.043333136419089535,26.899581144730433,,rsi_reversion
GOOG,2011-06-23,2011-06-24,2011-06-30,11.859792434597026,12.385574096816882,4,0.0443331251469512,0.0433331251469512,26.899689031549855,-0.1664430720926164,rsi_reversion
MU,2011-06-24,2011-06-27,2011-07-05,7.069744449069895,7.684082474977022,5,0.0868967796973128,0.0858967796973128,25.820195726963902,-0.351353884412671,max_hold
AMD,2011-06-27,2011-06-28,2011-07-06,6.949999809265137,7.099999904632568,5,0.021582748127196183,0.020582748127196182,28.169888787728297,-0.052893147598704005,max_hold
MCHP,2011-07-12,2011-07-13,2011-07-20,11.433285672713213,11.329812549778401,5,-0.009050165096614493,-0.010050165096614494,26.005429582882513,-0.28162430365764124,max_hold
AMD,2011-07-12,2011-07-13,2011-07-20,6.489999771118164,6.559999942779541,5,0.01078585117566444,0.00978585117566444,27.16102729730663,0.005341676153732093,max_hold
NVDA,2011-07-12,2011-07-13,2011-07-20,0.3404948787294728,0.32631713911436133,5,-0.04163862806986851,-0.04263862806986851,29.773649403250943,-0.1001886158716326,max_hold
AMGN,2011-07-15,2011-07-18,2011-07-25,36.78812548702038,36.85487021797241,5,0.0018143009481572658,0.0008143009481572658,28.716213451194307,0.332653093601144,max_hold
SNPS,2011-07-18,2011-07-19,2011-07-26,24.3700008392334,24.670000076293945,5,0.012310185750079139,0.011310185750079138,26.24521357660973,0.08286042174677813,max_hold
INTU,2011-07-18,2011-07-19,2011-07-26,42.68899889089285,42.566572319190655,5,-0.0028678716972280194,-0.0038678716972280194,28.836485534396218,-0.15730603711332586,max_hold
ON,2011-07-18,2011-07-19,2011-07-26,9.050000190734863,9.229999542236328,5,0.01988943068595095,0.018889430685950948,29.545111257308093,-0.03177071193298532,max_hold
NXPI,2011-07-18,2011-07-19,2011-07-26,18.858263113129507,19.03368648089567,5,0.009302201730552406,0.008302201730552405,29.620154138621913,0.07508237503480375,max_hold
ADBE,2011-07-18,2011-07-19,2011-07-26,29.020000457763672,29.670000076293945,5,0.022398332469921733,0.021398332469921733,29.932081395442594,0.3179760855599039,max_hold
FTNT,2011-07-20,2011-07-21,2011-07-28,4.322000026702881,3.9639999866485596,5,-0.08283203096771574,-0.08383203096771574,29.34932616203956,0.31674061991195607,max_hold
PEP,2011-07-21,2011-07-22,2011-07-29,41.629177690820356,40.13836643525691,5,-0.03581169118053906,-0.03681169118053906,29.58014570622879,0.35891893441951006,max_hold
ILMN,2011-07-27,2011-07-28,2011-08-04,56.186771392822266,56.44941711425781,5,0.004674511720904828,0.003674511720904828,19.598525590409338,-0.026914374993891897,max_hold
FTNT,2011-07-27,2011-07-28,2011-08-04,3.9639999866485596,4.159999847412109,5,0.04944497008670812,0.04844497008670812,26.340109392733993,0.12556280515615623,max_hold
AMGN,2011-07-27,2011-07-28,2011-08-04,35.800340275161595,35.106230677101586,5,-0.019388351974452767,-0.020388351974452767,28.21344327125857,0.332653093601144,max_hold
PCAR,2011-07-27,2011-07-28,2011-08-04,16.96798722832274,15.277382049524794,5,-0.09963498652191405,-0.10063498652191405,29.047300985104286,-0.001633345693686424,max_hold
PEP,2011-07-28,2011-07-29,2011-08-05,40.13836643525691,40.345940330943016,5,0.005171458485260461,0.004171458485260461,21.792875088085253,0.09524815193645089,max_hold
ORLY,2011-07-28,2011-07-29,2011-08-05,3.950000047683716,3.8459999561309814,5,-0.026329136784117302,-0.027329136784117303,28.336960006477952,0.026946069109934034,max_hold
KDP,2011-07-29,2011-08-01,2011-08-08,4.141784384181806,4.013204738330422,5,-0.031044504958406827,-0.03204450495840683,28.01577217226084,,max_hold
ADBE,2011-07-29,2011-08-01,2011-08-08,27.950000762939453,24.770000457763672,5,-0.11377460530850259,-0.11477460530850259,28.560404455804658,0.05292685799262003,max_hold
INTU,2011-07-29,2011-08-01,2011-08-08,41.08006442806521,37.223890698401085,5,-0.09386970987878118,-0.09486970987878118,29.912541765623033,-0.15730603711332586,max_hold
PAYX,2011-08-01,2011-08-02,2011-08-09,17.048384577314703,15.952636013375155,5,-0.06427286755353923,-0.06527286755353923,28.03401709593254,0.16999069319453375,max_hold
NXPI,2011-08-01,2011-08-02,2011-08-09,16.647900175173646,12.674505196702603,5,-0.23867244136869648,-0.23967244136869648,29.10941741229574,-0.4263443598407452,max_hold
TMUS,2011-08-02,2011-08-03,2011-08-10,16.921687302975702,15.01524029684547,5,-0.11266293792079363,-0.11366293792079363,9.891501299720005,,max_hold
MAR,2011-08-02,2011-08-03,2011-08-10,24.25835021542563,22.07710767017528,5,-0.08991718422233508,-0.09091718422233508,25.147229447027854,-0.41638079322375937,max_hold
HON,2011-08-02,2011-08-03,2011-08-10,35.01709810578799,31.18925369649638,5,-0.10931358154600768,-0.11031358154600768,25.595377565756806,0.3278802759954396,max_hold
ADI,2011-08-02,2011-08-03,2011-08-10,23.31098449839941,21.720305682057695,5,-0.06823730745696022,-0.06923730745696022,27.35122575289897,0.3313556397659913,max_hold
DXCM,2011-08-02,2011-08-03,2011-08-10,3.359999895095825,2.884999990463257,5,-0.14136902364963366,-0.14236902364963366,27.557660506668682,0.002208136022090912,max_hold
CHTR,2011-08-02,2011-08-03,2011-08-10,51.0099983215332,44.400001525878906,5,-0.12958237626257618,-0.13058237626257618,28.446809592891995,-0.7860577946250175,max_hold
ADP,2011-08-02,2011-08-03,2011-08-10,30.543831046529647,28.358593677208777,5,-0.07154431171361375,-0.07254431171361375,28.787365363582765,0.05398766904586358,max_hold
COST,2011-08-02,2011-08-03,2011-08-10,54.85280644839651,52.714453928829364,5,-0.03898346607987735,-0.03998346607987735,29.188639057393488,0.021570817149175497,max_hold
SNPS,2011-08-02,2011-08-03,2011-08-10,23.489999771118164,22.1200008392334,5,-0.058322645603821166,-0.05932264560382117,29.236385499467247,0.08286042174677813,max_hold
PCAR,2011-08-03,2011-08-04,2011-08-11,15.277382049524794,13.954295083688454,5,-0.08660429918864898,-0.08760429918864898,21.495168123998255,-0.001633345693686424,max_hold
ALGN,2011-08-03,2011-08-04,2011-08-11,20.18000030517578,17.610000610351562,5,-0.12735379861045215,-0.12835379861045215,29.185375339878263,0.008496614173054695,max_hold
ILMN,2011-08-03,2011-08-04,2011-08-11,56.44941711425781,50.447471618652344,5,-0.10632431302978884,-0.10732431302978884,29.53345947941571,-0.026914374993891897,max_hold
CSX,2011-08-04,2011-08-05,2011-08-12,5.70078691216813,5.926562978252119,5,0.03960436858323502,0.038604368583235016,24.19223266933173,-0.17545110241557518,max_hold
AZN,2011-08-04,2011-08-05,2011-08-12,26.472920714605948,26.639451482030317,5,0.006290608022426758,0.005290608022426758,25.34778765003179,0.36829758046533956,max_hold
AMGN,2011-08-04,2011-08-05,2011-08-12,34.58564824619656,33.17738150718505,5,-0.0407182403807157,-0.0417182403807157,25.677513190965016,0.3392692603964019,max_hold
ADBE,2011-08-05,2011-08-08,2011-08-15,24.770000457763672,24.15999984741211,5,-0.02462658857805433,-0.025626588578054332,22.11389550188065,0.05292685799262003,max_hold
INTU,2011-08-05,2011-08-08,2011-08-15,37.223890698401085,37.29384274314889,5,0.0018792244291327975,0.0008792244291327975,22.329246424537715,-0.15730603711332586,max_hold
ON,2011-08-05,2011-08-08,2011-08-15,6.989999771118164,7.829999923706055,5,0.12017169958412155,0.11917169958412155,23.446108763353536,-0.09340842051150412,max_hold
NXPI,2011-08-08,2011-08-09,2011-08-16,12.674505196702603,16.218101492636897,5,0.2795845866122013,0.2785845866122013,17.8684623988175,-0.4263443598407452,max_hold
BKR,2011-08-08,2011-08-09,2011-08-16,29.89011523345551,32.15345417910776,5,0.07572198795402874,0.07472198795402873,18.504600686087755,0.1481413990591615,max_hold
TMUS,2011-08-09,2011-08-10,2011-08-17,15.01524029684547,17.42587225859619,5,0.16054567986215762,0.15954567986215762,15.337165068863456,,max_hold
MRVL,2011-08-09,2011-08-10,2011-08-17,10.00135557141108,11.073840158774257,5,0.10723392241236551,0.10623392241236551,21.24664577420414,0.27856460730482097,max_hold
CMCSA,2011-08-09,2011-08-10,2011-08-17,6.62170833193515,7.03432811186254,5,0.06231319158794846,0.06131319158794846,25.08499813210362,-0.046155954535707186,max_hold
MAR,2011-08-09,2011-08-10,2011-08-17,22.07710767017528,23.143780205706793,5,0.04831577358172323,0.04731577358172323,27.445789572901106,-0.41638079322375937,max_hold
HON,2011-08-09,2011-08-10,2011-08-17,31.18925369649638,31.69831009044182,5,0.016321531733304084,0.015321531733304083,28.180567057975722,0.3278802759954396,max_hold
ADI,2011-08-09,2011-08-10,2011-08-17,21.720305682057695,22.45501290363435,5,0.03382582327943795,0.03282582327943795,28.397938784405156,0.36915942475020974,max_hold
DXCM,2011-08-09,2011-08-10,2011-08-17,2.884999990463257,2.8575000762939453,5,-0.009532032672518564,-0.010532032672518565,28.662334673973277,0.002208136022090912,max_hold
ADP,2011-08-09,2011-08-10,2011-08-17,28.358593677208777,29.602041548733787,5,0.0438473037724838,0.0428473037724838,29.04651087263214,0.05398766904586358,max_hold
CHTR,2011-08-09,2011-08-10,2011-08-17,44.400001525878906,48.72999954223633,5,0.0975224744943679,0.0965224744943679,29.197845433726116,-0.7860577946250175,max_hold
PCAR,2011-08-10,2011-08-11,2011-08-18,13.954295083688454,14.086649735831855,5,0.0094848683756239,0.0084848683756239,22.565479889343067,-0.001633345693686424,max_hold
BIIB,2011-08-10,2011-08-11,2011-08-18,85.36000061035156,88.44999694824219,5,0.03619958195637474,0.03519958195637474,25.109848600924707,0.1000772067431136,max_hold
ALGN,2011-08-10,2011-08-11,2011-08-18,17.610000610351562,17.639999389648438,5,0.0017035081349878745,0.0007035081349878744,25.43173902620805,0.008496614173054695,max_hold
ADSK,2011-08-11,2011-08-12,2011-08-19,28.899999618530273,27.299999237060547,5,-0.055363335729728846,-0.05636333572972885,29.647448667872112,0.2361312502357046,max_hold
PCAR,2011-08-18,2011-08-19,2011-08-26,13.34810773401815,13.721261605823676,5,0.02795556338330485,0.026955563383304848,26.70829584872071,-0.001633345693686424,max_hold
CTSH,2011-08-18,2011-08-19,2011-08-26,23.337039575673536,25.696870156189664,5,0.10111953458638379,0.10011953458638378,27.186921604740974,0.2302644166690627,max_hold
ILMN,2011-08-18,2011-08-19,2011-08-26,45.282100677490234,45.66147994995117,5,0.008378128814362285,0.0073781288143622845,27.464037653734863,-0.026914374993891897,max_hold
TXN,2011-08-18,2011-08-19,2011-08-26,16.80626871834988,16.8129534801167,5,0.00039775406896369603,-0.000602245931036304,27.581691537964716,0.1652999175172022,max_hold
ADSK,2011-08-18,2011-08-19,2011-08-26,27.299999237060547,25.5,5,-0.06593403983019153,-0.06693403983019153,27.593884314151992,0.2743109206308227,max_hold
ALGN,2011-08-18,2011-08-19,2011-08-26,16.579999923706055,17.43000030517578,5,0.05126660949222317,0.05026660949222317,29.65705193909487,0.008496614173054695,max_hold
ADBE,2011-08-18,2011-08-19,2011-08-26,23.049999237060547,23.81999969482422,5,0.03340566087853225,0.03240566087853225,29.688439011972434,-0.15463237600686155,max_hold
NFLX,2011-08-19,2011-08-22,2011-08-29,3.0338571071624756,3.24242901802063,5,0.06874809969320816,0.06774809969320816,26.56325478967733,0.2503237427487829,max_hold
ON,2011-08-19,2011-08-22,2011-08-29,6.889999866485596,7.300000190734863,5,0.05950657941861448,0.05850657941861448,29.34456735971665,-0.09340842051150412,max_hold
HON,2011-08-19,2011-08-22,2011-08-29,30.048785016709136,31.739555215706726,5,0.056267506258819155,0.055267506258819155,29.550467473436782,0.2362741214496419,max_hold
MAR,2011-08-19,2011-08-22,2011-08-29,21.647001140621473,22.540241613614306,5,0.04126393615403057,0.040263936154030566,29.627734497907753,-0.41638079322375937,max_hold
ODFL,2011-08-19,2011-08-22,2011-08-29,6.127156291633107,6.554780810961411,5,0.06979167805989261,0.06879167805989261,29.731083788258402,0.6316027049923006,max_hold
BKR,2011-08-19,2011-08-22,2011-08-29,28.61635980492406,29.240553578580286,5,0.02181247992097246,0.02081247992097246,29.9183333522477,0.22199827411248602,max_hold
CMCSA,2011-08-22,2011-08-23,2011-08-30,6.539184742742985,6.981512476707934,5,0.06764264222016858,0.06664264222016858,29.92016807688738,0.02424780031148379,max_hold
TMUS,2011-08-22,2011-08-23,2011-08-30,16.11814345917274,17.394362000443408,5,0.0791790037421698,0.0781790037421698,29.98070652477844,,max_hold
NFLX,2011-09-15,2011-09-16,2011-09-23,2.3971428871154785,1.829285979270935,5,-0.2368890527539036,-0.2378890527539036,25.059549892382023,0.18336706842865505,max_hold
ILMN,2011-09-21,2011-09-22,2011-09-29,39.28988265991211,40.875484466552734,5,0.040356491271948514,0.03935649127194851,28.784091780188845,-0.20570557403192963,max_hold
TMUS,2011-09-21,2011-09-22,2011-09-29,14.038383579167178,14.400765280509653,5,0.025813634404479924,0.024813634404479923,29.149880847011616,,max_hold
NFLX,2011-09-22,2011-09-23,2011-09-30,1.829285979270935,1.560286045074463,5,-0.14705187556495813,-0.14805187556495814,17.615966547848743,-0.03378694054617389,max_hold
BKR,2011-09-23,2011-09-26,2011-10-03,25.42943278056186,22.978350305901856,5,-0.09638761885926139,-0.0973876188592614,29.94485572272565,0.22199827411248602,max_hold
NFLX,2011-09-29,2011-09-30,2011-10-07,1.560286045074463,1.7571430206298828,5,0.12616723464063617,0.12516723464063617,16.75558958417858,0.013435435407127695,max_hold
BKR,2011-09-30,2011-10-03,2011-10-10,22.978350305901856,25.723766676623278,5,0.11947839310362851,0.11847839310362851,27.871357818196927,0.22199827411248602,max_hold
BKNG,2011-09-30,2011-10-03,2011-10-10,17.75310152639114,18.589279263479902,5,0.04710037487510155,0.046100374875101546,29.11422735204569,,max_hold
AMD,2011-09-30,2011-10-03,2011-10-10,5.03000020980835,4.849999904632568,5,-0.0357853474488502,-0.0367853474488502,29.928961662623777,-0.16828276738792303,max_hold
MELI,2011-09-30,2011-10-03,2011-10-10,51.49470219957739,56.45360040313935,5,0.09629919179535817,0.09529919179535817,29.958136642788432,0.03772599324447818,max_hold
MU,2011-10-03,2011-10-04,2011-10-11,4.0955758939564815,5.031707594032917,5,0.22857144497256443,0.22757144497256443,25.02815843683223,-0.166451459619792,max_hold
ILMN,2011-10-03,2011-10-04,2011-10-11,36.57587432861328,25.554475784301758,5,-0.30132973569655697,-0.30232973569655697,26.65188589913045,-0.20570557403192963,max_hold
TMUS,2011-10-03,2011-10-04,2011-10-11,12.76216831670451,13.297864153688533,5,0.04197529947029821,0.04097529947029821,27.133972141282825,,max_hold
NFLX,2011-10-06,2011-10-07,2011-10-14,1.7571430206298828,1.735285997390747,5,-0.012438955157617504,-0.013438955157617505,27.028320209366527,-0.010914309855492032,max_hold
ILMN,2011-10-10,2011-10-11,2011-10-18,25.554475784301758,26.206226348876953,5,0.02550436056980554,0.02450436056980554,17.944037749878504,-0.4860207907107421,max_hold
ILMN,2011-10-17,2011-10-18,2011-10-25,26.206226348876953,26.721790313720703,5,0.01967333861732601,0.018673338617326007,21.594822411266378,-0.4860207907107421,max_hold
NFLX,2011-10-18,2011-10-19,2011-10-26,1.5808570384979248,1.1247140169143677,5,-0.2885416014701546,-0.2895416014701546,29.03486145545412,0.10237553253260775,max_hold
NFLX,2011-10-25,2011-10-26,2011-11-02,1.1247140169143677,1.152999997138977,5,0.02514948671326378,0.02414948671326378,22.016475074073114,-0.10544046257875858,max_hold
NFLX,2011-11-01,2011-11-02,2011-11-09,1.152999997138977,1.2714289426803589,5,0.10271374313551451,0.10171374313551451,26.52828112447422,-0.034260206456989455,max_hold
DXCM,2011-11-03,2011-11-04,2011-11-11,1.965000033378601,1.7949999570846558,5,-0.08651403226780052,-0.08751403226780052,29.109821335259497,-0.5379748411518208,max_hold
VRTX,2011-11-07,2011-11-08,2011-11-15,32.68000030517578,29.959999084472656,5,-0.08323137072530373,-0.08423137072530373,27.675174349441136,-0.36664742071651757,max_hold
DXCM,2011-11-10,2011-11-11,2011-11-18,1.7949999570846558,1.8125,5,0.009749327762529347,0.008749327762529346,25.569934101626274,-0.5379748411518208,max_hold
VRTX,2011-11-14,2011-11-15,2011-11-22,29.959999084472656,27.56999969482422,5,-0.07977301277312454,-0.08077301277312454,26.785941536127126,-0.23231958518338652,max_hold
DXCM,2011-11-17,2011-11-18,2011-11-28,1.8125,1.784999966621399,5,-0.015172432208883313,-0.016172432208883314,29.01599125163125,-0.5379748411518208,max_hold
VRTX,2011-11-21,2011-11-22,2011-11-30,27.56999969482422,27.719999313354492,5,0.005440682632957383,0.004440682632957383,22.78148421603335,0.0096048018047319,max_hold
GILD,2011-11-21,2011-11-22,2011-11-30,12.482439726711828,13.523219207831541,5,0.08337949182261983,0.08237949182261983,29.492923230810646,0.5178583688149567,max_hold
NFLX,2011-11-22,2011-11-23,2011-12-01,0.9950000047683716,0.9202859997749329,5,-0.0750894518948586,-0.0760894518948586,27.853739257489153,-0.053278797744224116,max_hold
AVGO,2011-11-23,2011-11-25,2011-12-02,2.051053902007228,2.144541308808658,5,0.045580180369682255,0.044580180369682254,29.36872833376728,0.38539107731963473,max_hold
DXCM,2011-11-25,2011-11-28,2011-12-02,1.784999966621399,2.0274999141693115,4,0.13585431489217914,0.13485431489217914,29.844385558803012,-0.5379748411518208,rsi_reversion
AMZN,2011-11-25,2011-11-28,2011-12-05,9.582500457763672,9.942999839782715,5,0.03762059637857562,0.03662059637857562,29.268903282984738,0.0482936858515165,max_hold
VRTX,2011-11-29,2011-11-30,2011-12-07,27.719999313354492,29.56999969482422,5,0.0667388321535225,0.0657388321535225,26.779810094355412,0.0096048018047319,max_hold
NFLX,2011-11-30,2011-12-01,2011-12-08,0.9202859997749329,1.0218570232391357,5,0.1103689760455373,0.1093689760455373,29.541151420924948,-0.05677202015133891,max_hold
TSLA,2012-01-13,2012-01-17,2012-01-24,1.7746670246124268,1.775333046913147,5,0.00037529423350024516,-0.0006247057664997549,23.685534093693192,0.1874562986091862,max_hold
EXC,2012-01-13,2012-01-17,2012-01-24,16.41618589756911,16.151337582960643,5,-0.016133364732893618,-0.01713336473289362,28.18197011323315,0.1726370571735382,max_hold
EXC,2012-01-24,2012-01-25,2012-02-01,15.980212364132369,16.261354078187782,5,0.017593115013066818,0.016593115013066817,29.520987404412992,0.1071509084033784,max_hold
GOOGL,2012-01-25,2012-01-26,2012-02-02,14.17889242475883,14.498422970875316,5,0.022535649227335197,0.021535649227335196,29.54873721016692,,max_hold
GOOG,2012-01-25,2012-01-26,2012-02-02,14.112434594082044,14.430468370504208,5,0.022535713048089434,0.021535713048089433,29.548743723820365,-0.09397284499977455,max_hold
PEP,2012-02-16,2012-02-17,2012-02-27,39.99863142833901,40.388584435134206,5,0.0097491587304388,0.0087491587304388,29.363997464947502,0.05910430906953309,max_hold
AEP,2012-02-24,2012-02-27,2012-03-05,22.232674786884314,22.285738504246964,5,0.0023867446391989677,0.0013867446391989677,29.305624022971372,-0.05574642535777694,max_hold
BKR,2012-03-27,2012-03-28,2012-04-04,21.29903869112812,20.967273183402963,5,-0.015576548431894821,-0.016576548431894822,28.857119298847508,-0.6933068239368033,max_hold
FAST,2012-04-10,2012-04-11,2012-04-18,8.53572087304987,8.363454362004784,5,-0.020181835091279576,-0.021181835091279577,28.213634214613265,0.05655749669691541,max_hold
TMUS,2012-04-10,2012-04-11,2012-04-18,13.250594568615384,13.045769898686267,5,-0.015457772016831073,-0.016457772016831074,29.041480586623905,-0.9505197871476412,max_hold
BKR,2012-04-10,2012-04-11,2012-04-18,20.880504303225344,21.140809683490925,5,0.012466431676430911,0.01146643167643091,29.47108180873181,-0.6933068239368033,max_hold
PCAR,2012-04-11,2012-04-12,2012-04-19,16.956324394080653,17.004265680624368,5,0.002827339547741392,0.001827339547741392,27.854047460351353,0.04443762126416755,max_hold
MU,2012-04-13,2012-04-16,2012-04-23,6.874716698930666,6.387148518594547,5,-0.07092193055925611,-0.07192193055925611,27.988843415649427,-0.16845408719261815,max_hold
ILMN,2012-04-16,2012-04-17,2012-04-24,43.929962158203125,41.95525360107422,5,-0.04495129201380765,-0.045951292013807654,25.95982539705419,-0.05104440764014652,max_hold
TMUS,2012-04-18,2012-04-19,2012-04-26,12.604609339751615,10.729672445290388,5,-0.14875009958049001,-0.14975009958049001,28.775789014602836,-0.9505197871476412,max_hold
FAST,2012-04-19,2012-04-20,2012-04-27,8.249760233391937,8.168794717340282,5,-0.009814287174545688,-0.01081428717454569,29.37598913540947,-0.021263650950530528,max_hold
MU,2012-04-20,2012-04-23,2012-04-30,6.387148518594547,6.406650460962966,5,0.0030533096751461652,0.0020533096751461652,27.76323758909821,-0.551194012487632,max_hold
NVDA,2012-04-20,2012-04-23,2012-04-30,0.3009342604694705,0.2952175537431116,5,-0.018996530064209427,-0.019996530064209428,29.86436737825983,0.43138415183382667,max_hold
ILMN,2012-04-23,2012-04-24,2012-05-01,41.95525360107422,43.33657455444336,5,0.032923670692191376,0.031923670692191375,26.91933891295733,0.06029377494425645,max_hold
AVGO,2012-04-23,2012-04-24,2012-05-01,2.3688027036563972,2.4644404706545915,5,0.040373884600254595,0.039373884600254594,29.26073209509005,-0.03039413249321767,max_hold
NFLX,2012-04-24,2012-04-25,2012-05-02,1.2655709981918335,1.1534290313720703,5,-0.08860977928538538,-0.08960977928538538,26.411447736841907,0.06050689898501209,max_hold
TMUS,2012-04-26,2012-04-27,2012-05-04,11.155079165361796,10.839964537271111,5,-0.028248533553142607,-0.02924853355314261,21.33019458657681,-0.9505197871476412,max_hold
MU,2012-04-27,2012-04-30,2012-05-07,6.406650460962966,6.435904439216162,5,0.004566189217196426,0.0035661892171964258,28.99837418872457,-0.5010142535082774,max_hold
NVDA,2012-04-27,2012-04-30,2012-05-07,0.2952175537431116,0.2853845169398277,5,-0.033307764659008976,-0.03430776465900898,29.767228349670617,0.11474739516447043,max_hold
NFLX,2012-05-01,2012-05-02,2012-05-09,1.1534290313720703,1.0304290056228638,5,-0.10663857281526101,-0.10763857281526101,24.265625013663552,-0.14064305037493094,max_hold
TMUS,2012-05-03,2012-05-04,2012-05-11,10.839964537271111,11.092056274414062,5,0.023255771388936086,0.022255771388936085,24.867903355696285,-0.9505197871476412,max_hold
NVDA,2012-05-04,2012-05-07,2012-05-14,0.2853845169398277,0.2995622400416509,5,0.049679370324117844,0.04867937032411784,25.468125398023872,0.019460734057610552,max_hold
FAST,2012-05-04,2012-05-07,2012-05-14,7.605039698811834,7.478834839145998,5,-0.01659489820750748,-0.01759489820750748,28.47985147175659,-0.021263650950530528,max_hold
CTSH,2012-05-07,2012-05-08,2012-05-15,25.00894291754632,26.223689639817003,5,0.04857249369858074,0.04757249369858074,15.484776540375407,-0.05907067602149467,max_hold
AVGO,2012-05-07,2012-05-08,2012-05-15,2.218922927227131,2.2260608768990644,5,0.003216853359054417,0.002216853359054417,29.178323696107142,-0.2160392579578425,max_hold
MCHP,2012-05-07,2012-05-08,2012-05-15,11.790857858856299,11.221804336721686,5,-0.048262266320782454,-0.049262266320782455,29.24525805810741,-0.09384396238012016,max_hold
NFLX,2012-05-08,2012-05-09,2012-05-16,1.0304290056228638,1.1081429719924927,5,0.07541903997806543,0.07441903997806543,20.7067375913295,-0.16453851081059592,max_hold
COST,2012-05-08,2012-05-09,2012-05-16,59.73619982330046,61.668766141716766,5,0.03235167828105623,0.03135167828105623,28.993102588805,0.38156073816163677,max_hold
MU,2012-05-08,2012-05-09,2012-05-16,5.977590787689937,5.958087754254887,5,-0.0032626912961679633,-0.004262691296167963,29.30732384326369,-0.031066963195964758,max_hold
MELI,2012-05-09,2012-05-10,2012-05-17,76.00736989103166,74.23409474073384,5,-0.02333030537486147,-0.02433030537486147,26.58963484506623,0.0678117082528869,max_hold
MRVL,2012-05-09,2012-05-10,2012-05-17,11.678179786856438,11.618595711127796,5,-0.005102171469881234,-0.006102171469881234,28.737821118388737,0.005270523488014225,max_hold
AMAT,2012-05-09,2012-05-10,2012-05-17,9.026542012949363,8.645710478236797,5,-0.04219019134528268,-0.04319019134528268,29.658705061149334,0.14900535229043674,max_hold
CSCO,2012-05-10,2012-05-11,2012-05-18,10.902689466526631,10.80511035564026,5,-0.008950003683582675,-0.009950003683582676,18.444076560593544,0.037380392624156634,max_hold
PCAR,2012-05-10,2012-05-11,2012-05-18,15.605900165589338,15.264763098518161,5,-0.02185949310526647,-0.02285949310526647,27.647918934575245,0.06556576457653115,max_hold
FTNT,2012-05-10,2012-05-11,2012-05-18,4.74399995803833,4.6579999923706055,5,-0.01812815481205987,-0.019128154812059872,27.96328844374267,-0.007690861964685078,max_hold
ON,2012-05-11,2012-05-14,2012-05-21,7.400000095367432,6.829999923706055,5,-0.07702704923182502,-0.07802704923182502,28.98394050587035,0.13527133932376886,max_hold
MCHP,2012-05-14,2012-05-15,2012-05-22,11.221804336721686,11.081670465732971,5,-0.012487641629086998,-0.013487641629087,20.548493804299937,-0.09384396238012016,max_hold
CTSH,2012-05-14,2012-05-15,2012-05-22,26.223689639817003,26.602483111754484,5,0.014444705422471671,0.01344470542247167,29.255654273826337,-0.05907067602149467,max_hold
AMD,2012-05-15,2012-05-16,2012-05-23,6.659999847412109,5.980000019073486,5,-0.10210207866639098,-0.10310207866639098,27.418602061723092,0.18368838472510993,max_hold
MU,2012-05-15,2012-05-16,2012-05-23,5.958087754254887,5.4900216870257434,5,-0.07855978067709402,-0.07955978067709402,28.92272186507296,-0.016598437225341572,max_hold
AVGO,2012-05-16,2012-05-17,2012-05-23,2.1910885206951645,2.2617464754467878,4,0.032247877748547316,0.031247877748547315,29.49332009483379,-0.15876752661530247,rsi_reversion
AMAT,2012-05-16,2012-05-17,2012-05-24,8.645710478236797,8.711157203178708,5,0.007569849245663951,0.006569849245663951,22.669332216769305,-0.021667320687091526,max_hold
KLAC,2012-05-16,2012-05-17,2012-05-24,2.8388398830427155,2.779785348150454,5,-0.020802347904512963,-0.021802347904512964,28.83611929769519,0.13483724590036603,max_hold
QCOM,2012-05-16,2012-05-17,2012-05-24,40.48421628547301,39.90353910970974,5,-0.014343297932918997,-0.015343297932918998,29.184453845049774,-0.24114092240557444,max_hold
SIRI,2012-05-16,2012-05-17,2012-05-24,15.199271663781325,15.355165881770837,5,0.010256690020285397,0.009256690020285396,29.261356080283036,-0.15718477202880912,max_hold
MELI,2012-05-16,2012-05-17,2012-05-24,74.23409474073384,75.37405828997295,5,0.015356333948982392,0.014356333948982392,29.278948522781988,0.0678117082528869,max_hold
CSCO,2012-05-17,2012-05-18,2012-05-25,10.80511035564026,10.707530739320958,5,-0.009030876419356959,-0.01003087641935696,22.235967827659323,0.1863240689178963,max_hold
PCAR,2012-05-17,2012-05-18,2012-05-25,15.264763098518161,15.49367575453817,5,0.014996148616432281,0.01399614861643228,23.406093760777367,0.06556576457653115,max_hold
TXN,2012-05-17,2012-05-18,2012-05-25,20.025066963008324,19.617774727302496,5,-0.020339119787125104,-0.021339119787125105,25.773363054026078,-0.5148238093934978,max_hold
NXPI,2012-05-17,2012-05-18,2012-05-25,17.972358819724054,18.77054950405466,5,0.04441212710791298,0.04341212710791298,27.58006630289836,0.26746412001763636,max_hold
ADI,2012-05-17,2012-05-18,2012-05-25,26.148445611511633,26.21413549810036,5,0.0025121908798972914,0.0015121908798972914,27.63303597034937,-0.19391104299797954,max_hold
NFLX,2012-05-17,2012-05-18,2012-05-25,1.0328569412231445,1.0085710287094116,5,-0.023513336207987012,-0.024513336207987013,28.650341043717333,-0.15428027068708478,max_hold
AZN,2012-05-17,2012-05-18,2012-05-25,25.81789247857699,25.439589887043986,5,-0.014652729375448037,-0.015652729375448038,28.765256323724614,0.013192057877851528,max_hold
FAST,2012-05-17,2012-05-18,2012-05-25,7.371649617975443,7.708765261004046,5,0.04573137092769053,0.04473137092769053,28.76963310538332,-0.021263650950530528,max_hold
HON,2012-05-17,2012-05-18,2012-05-25,39.097655186342614,40.24016592884023,5,0.029221976025219698,0.028221976025219697,28.976018176977462,0.38934677652859895,max_hold
ADSK,2012-05-18,2012-05-21,2012-05-29,30.31999969482422,32.5099983215332,5,0.07222950688494989,0.07122950688494989,18.699105222894417,0.14964064085714093,max_hold
ON,2012-05-21,2012-05-22,2012-05-30,6.869999885559082,6.75,5,-0.01746723254120064,-0.01846723254120064,24.070784750051473,0.13527133932376886,max_hold
MCHP,2012-05-21,2012-05-22,2012-05-30,11.081670465732971,11.236181243844264,5,0.0139429139847711,0.012942913984771098,24.146614220970235,-0.09384396238012016,max_hold
AMD,2012-05-22,2012-05-23,2012-05-31,5.980000019073486,6.119999885559082,5,0.023411348835963075,0.022411348835963074,28.853824872183964,0.3159842245244714,max_hold
MU,2012-05-22,2012-05-23,2012-05-31,5.4900216870257434,5.841071047795379,5,0.06394316466895744,0.06294316466895744,29.97194805453536,-0.03154844737520204,max_hold
INTC,2012-05-23,2012-05-24,2012-06-01,17.941986823031627,17.822701779277658,5,-0.006648374281539748,-0.007648374281539748,27.95367291684896,-0.03943873011670503,max_hold
KLAC,2012-05-23,2012-05-24,2012-06-01,2.779785348150454,2.7177180959049716,5,-0.022328073743815957,-0.023328073743815958,28.442912773544748,0.13483724590036603,max_hold
CSCO,2012-05-24,2012-05-25,2012-06-04,10.707530739320958,10.39528174472502,5,-0.029161624859901147,-0.03016162485990115,24.52618912199013,-0.012255780071690587,max_hold
FTNT,2012-05-24,2012-05-25,2012-06-04,4.269999980926514,4.0980000495910645,5,-0.04028101454420341,-0.04128101454420341,25.751553549531863,-0.007690861964685078,max_hold
TXN,2012-05-24,2012-05-25,2012-06-04,19.617774727302496,18.348391516507842,5,-0.06470576956050089,-0.06570576956050089,29.86584383907585,-0.5148238093934978,max_hold
ADP,2012-06-01,2012-06-04,2012-06-06,32.201730597391006,32.82342717279488,2,0.01930630943960021,0.01830630943960021,29.18225725362764,0.09132206577838219,rsi_reversion
AZN,2012-05-30,2012-05-31,2012-06-07,25.160507232499675,25.71866424176206,5,0.022183853612514515,0.021183853612514514,27.526615233562552,0.013192057877851528,max_hold
ON,2012-05-30,2012-05-31,2012-06-07,6.769999980926514,6.929999828338623,5,0.023633655518890073,0.022633655518890072,29.185719111073496,0.13527133932376886,max_hold
NFLX,2012-05-31,2012-06-01,2012-06-08,0.870714008808136,0.9195709824562073,5,0.05611139036909307,0.05511139036909307,27.223219004157883,-0.03087813975413655,max_hold
MELI,2012-05-31,2012-06-01,2012-06-08,66.30306822852249,69.66449954657797,5,0.050697975340595836,0.049697975340595835,27.233000585830524,-0.13200335659100154,max_hold
MCHP,2012-06-01,2012-06-04,2012-06-08,10.95230986349663,11.347570557299578,4,0.0360892541143607,0.0350892541143607,27.99292870374667,-0.09384396238012016,rsi_reversion
AMAT,2012-06-01,2012-06-04,2012-06-08,8.237190311246922,8.653949645364273,4,0.05059484100401512,0.04959484100401512,29.70132283112622,0.0006928663701203498,rsi_reversion
TXN,2012-06-01,2012-06-04,2012-06-11,18.348391516507842,19.441278150816835,5,0.05956307577837183,0.05856307577837183,22.60945181473599,-0.5148238093934978,max_hold
ENPH,2012-06-01,2012-06-04,2012-06-11,5.980000019073486,7.269999980926514,5,0.21571905647801226,0.21471905647801226,23.81194346046759,,max_hold
FTNT,2012-06-01,2012-06-04,2012-06-11,4.0980000495910645,4.389999866485596,5,0.07125422483185906,0.07025422483185906,23.81529977975022,-0.007690861964685078,max_hold
CSCO,2012-06-01,2012-06-04,2012-06-11,10.39528174472502,10.974245926808143,5,0.05569490046548409,0.054694900465484086,24.50928972366505,-0.13701251954497948,max_hold
MRVL,2012-06-01,2012-06-04,2012-06-11,10.248195720521794,10.452477903861324,5,0.019933477941922906,0.018933477941922905,26.183552038160144,-0.10425196514811169,max_hold
PCAR,2012-06-01,2012-06-04,2012-06-11,14.622208649819516,15.662344899861184,5,0.07113400409961357,0.07013400409961357,27.689638514485708,0.06556576457653115,max_hold
KLAC,2012-06-01,2012-06-04,2012-06-11,2.6942160088021,2.8858434293000745,5,0.07112548506575611,0.07012548506575611,28.09665162233641,0.13483724590036603,max_hold
ADBE,2012-06-01,2012-06-04,2012-06-11,29.8799991607666,31.899999618530273,5,0.0676037655454822,0.0666037655454822,28.91878898192978,0.15174160196120115,max_hold
AMD,2012-06-01,2012-06-04,2012-06-11,5.760000228881836,6.010000228881836,5,0.043402776053106384,0.042402776053106384,29.671080150647313,0.21625308572344687,max_hold
CTSH,2012-06-01,2012-06-04,2012-06-11,24.939280451093605,25.74475659381105,5,0.03229748926786402,0.03129748926786402,29.681555978051023,-0.05907067602149467,max_hold
ADSK,2012-06-01,2012-06-04,2012-06-11,30.950000762939453,33.18000030517578,5,0.07205167971777904,0.07105167971777904,29.732187479775348,0.14964064085714093,max_hold
QCOM,2012-06-01,2012-06-04,2012-06-11,37.817857296492285,40.45933690264517,5,0.06984741587667598,0.06884741587667598,29.80609362716048,-0.03751538253356092,max_hold
HON,2012-06-04,2012-06-05,2012-06-12,37.14908142402943,38.80326748808963,5,0.04452831673491153,0.04352831673491153,27.77783767213586,0.1460354114889186,max_hold
FAST,2012-06-05,2012-06-06,2012-06-13,6.780395162080194,6.766563600516225,5,-0.0020399344335154668,-0.003039934433515467,26.75136317897463,-0.2241905818040078,max_hold
ILMN,2012-06-07,2012-06-08,2012-06-15,37.98638153076172,38.18093490600586,5,0.005121661169189995,0.004121661169189995,27.378051530456432,0.25112435125392596,max_hold
META,2012-06-08,2012-06-11,2012-06-18,26.92215052748691,29.675773729926906,5,0.10228095261664216,0.10128095261664216,24.080130055820476,,max_hold
TMUS,2012-06-14,2012-06-15,2012-06-22,9.0280506137028,9.421946328975123,5,0.04363020679951313,0.042630206799513126,28.639378434172727,-0.31729187061270214,max_hold
ORLY,2012-06-27,2012-06-28,2012-07-06,5.473999977111816,5.767333030700684,5,0.05358660117197056,0.05258660117197056,26.586906223579703,-0.4438955531930844,max_hold
MRVL,2012-07-12,2012-07-13,2012-07-20,8.95663241761233,9.555444427895958,5,0.06685682546334326,0.06585682546334326,29.249177004477218,0.08829557329721863,max_hold
LULU,2012-07-12,2012-07-13,2012-07-20,55.52000045776367,58.4900016784668,5,0.053494257856905536,0.052494257856905535,29.92200762289299,-0.24773571811325554,max_hold
AMD,2012-07-20,2012-07-23,2012-07-30,4.150000095367432,4.079999923706055,5,-0.016867510856088175,-0.017867510856088176,23.8289548733311,-0.435059266730303,max_hold
ISRG,2012-07-23,2012-07-24,2012-07-31,53.483333587646484,54.150001525878906,5,0.012464966065361516,0.011464966065361515,28.25695376201807,0.12900529606713101,max_hold
NFLX,2012-07-25,2012-07-26,2012-08-02,0.8472859859466553,0.7754290103912354,5,-0.084808407960549,-0.085808407960549,29.587437824259098,0.0945333154647387,max_hold
META,2012-07-27,2012-07-30,2012-08-06,23.772314475738238,21.187078667788644,5,-0.10874985734300535,-0.10974985734300535,24.71859442692832,-0.36462113434824167,max_hold
AMD,2012-07-27,2012-07-30,2012-08-06,4.079999923706055,4.099999904632568,5,0.004901956201103674,0.0039019562011036743,24.88596040008845,-0.1581159940928134,max_hold
SBUX,2012-07-31,2012-08-01,2012-08-08,17.273589306710022,17.268261176366682,5,-0.00030845530993783843,-0.0013084553099378384,29.32720167572826,-0.2856212081818246,max_hold
NFLX,2012-08-01,2012-08-02,2012-08-09,0.7754290103912354,0.8227139711380005,5,0.060979096878137184,0.059979096878137184,27.196321328772527,0.08232473288453843,max_hold
META,2012-08-03,2012-08-06,2012-08-13,21.187078667788644,21.939865856966264,5,0.03553048539542658,0.03453048539542658,24.96635759551326,-0.3226957801346507,max_hold
AMD,2012-08-03,2012-08-06,2012-08-13,4.099999904632568,4.309999942779541,5,0.05121952269064556,0.05021952269064556,29.321178419834368,-0.23879477633936047,max_hold
MNST,2012-08-10,2012-08-13,2012-08-20,4.44083309173584,5.081666946411133,5,0.14430487285546745,0.14330487285546745,26.317512241646,-0.1485161498841809,max_hold
META,2012-08-14,2012-08-15,2012-08-22,20.444189782653932,19.17633610717657,5,-0.06201535443351658,-0.06301535443351658,29.547930486857595,-0.34478075851987205,max_hold
XEL,2012-08-23,2012-08-24,2012-08-31,17.349011630460076,17.543515077437057,5,0.011211211976795532,0.010211211976795531,27.284403056349632,-0.1655330929982768,max_hold
AMD,2012-08-28,2012-08-29,2012-09-06,3.799999952316284,3.549999952316284,5,-0.06578947450975958,-0.06678947450975958,29.390880917173448,-0.25062894243752115,max_hold
META,2012-08-31,2012-09-04,2012-09-11,17.908478083942715,18.74051211277554,5,0.04646034268980426,0.045460342689804256,28.951884044326178,0.019844560508692446,max_hold
CSX,2012-09-05,2012-09-06,2012-09-11,5.68373008118146,5.903148114094212,3,0.038604583570784445,0.037604583570784444,29.988134846675678,-0.36848504696473466,rsi_reversion
AMD,2012-09-05,2012-09-06,2012-09-13,3.549999952316284,3.819999933242798,5,0.07605633367694709,0.07505633367694708,23.014553814290508,-0.5053617344510019,max_hold
EXC,2012-09-05,2012-09-06,2012-09-13,15.25023545259221,14.770869578739056,5,-0.03143334247811058,-0.03243334247811058,28.50823266431513,-0.21767459674765188,max_hold
EXC,2012-09-12,2012-09-13,2012-09-20,14.770869578739056,15.033889160254455,5,0.01780664165459722,0.01680664165459722,24.831164637672984,-0.3772739564669921,max_hold
MNST,2012-09-12,2012-09-13,2012-09-20,4.1875,4.480000019073486,5,0.0698507508235191,0.0688507508235191,27.970955678214594,-0.36512270819372145,max_hold
INTC,2012-09-24,2012-09-25,2012-10-02,16.244651364505376,16.202178953445813,5,-0.002614547404345413,-0.003614547404345413,29.559334187666522,-0.062897593073254,max_hold
KLAC,2012-09-24,2012-09-25,2012-10-02,2.8841444849176456,2.873822233650892,5,-0.003578964688049746,-0.004578964688049746,29.776028668382466,-0.39034971334874535,max_hold
MRVL,2012-09-25,2012-09-26,2012-10-03,7.761831073749008,7.985564589824751,5,0.028824837071296683,0.027824837071296682,29.196087742407585,-0.11130338573734369,max_hold
LRCX,2012-09-26,2012-09-27,2012-10-04,2.6696069895006316,2.6992691591685736,5,0.011111062334119293,0.010111062334119292,28.391414432965746,-0.13933988576574474,max_hold
FTNT,2012-09-28,2012-10-01,2012-10-08,4.802000045776367,4.785999774932861,5,-0.0033320013933734183,-0.004332001393373418,29.59340008158732,-0.013801847038294821,max_hold
ENPH,2012-10-01,2012-10-02,2012-10-09,3.940000057220459,3.640000104904175,5,-0.07614211877142063,-0.07714211877142063,28.089739604508054,-0.46450255464331774,max_hold
ENPH,2012-10-08,2012-10-09,2012-10-16,3.640000104904175,3.8399999141693115,5,0.05494500096186172,0.05394500096186172,26.650838950187918,-0.46450255464331774,max_hold
INTC,2012-10-09,2012-10-10,2012-10-17,15.501422961789347,15.055493283459423,5,-0.028767015739724622,-0.029767015739724623,29.58089722207383,-0.14185114560855835,max_hold
KLAC,2012-10-10,2012-10-11,2012-10-18,2.769993261946429,2.785780854859704,5,0.005699505890560008,0.004699505890560008,27.11543398724764,-0.32035720802959383,max_hold
MRVL,2012-10-10,2012-10-11,2012-10-18,7.632753045398548,7.7102035877523445,5,0.010147130647766511,0.00914713064776651,28.82170593548794,0.12927390702509994,max_hold
DLTR,2012-10-12,2012-10-15,2012-10-22,41.20000076293945,38.880001068115234,5,-0.05631067116171329,-0.05731067116171329,26.228112477286132,-0.3035120982930384,max_hold
AMD,2012-10-12,2012-10-15,2012-10-22,2.7899999618530273,2.2300000190734863,5,-0.2007168281133621,-0.2017168281133621,26.55610073307767,-0.4415022445899411,max_hold
MCHP,2012-10-12,2012-10-15,2012-10-22,11.565388925345497,11.358542983678005,5,-0.0178849101403058,-0.0188849101403058,27.78157357370658,0.15928021279395596,max_hold
FTNT,2012-10-17,2012-10-18,2012-10-25,4.0,3.885999917984009,5,-0.028500020503997803,-0.029500020503997804,22.565597686978023,-0.020988605871992576,max_hold
ALGN,2012-10-18,2012-10-19,2012-10-26,27.770000457763672,26.530000686645508,5,-0.04465249372264579,-0.04565249372264579,23.989304350167956,-0.04855212179859487,max_hold
AMD,2012-10-19,2012-10-22,2012-10-31,2.2300000190734863,2.130000114440918,5,-0.04484300617814163,-0.04584300617814163,20.595304497904095,-0.38499714387831774,max_hold
MRVL,2012-10-19,2012-10-22,2012-10-31,6.55711373533495,6.686186317893141,5,0.019684359272685192,0.01868435927268519,20.666227681458807,-0.13986822413447644,max_hold
DLTR,2012-10-19,2012-10-22,2012-10-31,38.880001068115234,39.209999084472656,5,0.008487603068201732,0.007487603068201732,22.135625889771063,-0.4363898602116852,max_hold
BKNG,2012-10-19,2012-10-22,2012-10-31,21.846063732692585,22.63339696897304,5,0.03604005032275981,0.03504005032275981,27.678470145580533,,max_hold
MU,2012-10-19,2012-10-22,2012-10-31,5.324249832548621,5.402259566833424,5,0.014651779450300717,0.013651779450300716,28.647238698483932,-0.1300878087660093,max_hold
VRTX,2012-10-19,2012-10-22,2012-10-31,50.20000076293945,49.880001068115234,5,-0.006374495815953507,-0.007374495815953507,29.043920406979197,-0.04596683777216836,max_hold
MSFT,2012-10-22,2012-10-23,2012-11-01,22.041570822563987,22.89085482133705,5,0.038531010589483605,0.037531010589483604,26.95194912745481,-0.20283256870602523,rsi_reversion
MNST,2012-10-22,2012-10-23,2012-11-01,3.7125000953674316,3.725832939147949,5,0.003591338299803626,0.002591338299803626,27.94787483248399,-0.15166399163823305,max_hold
FTNT,2012-10-24,2012-10-25,2012-11-05,3.885999917984009,3.9779999256134033,5,0.023674732262249476,0.022674732262249475,22.10708673299203,-0.020988605871992576,max_hold
AMZN,2012-10-24,2012-10-25,2012-11-05,11.545999526977539,11.60200023651123,5,0.004850226210632025,0.003850226210632025,29.217197971046545,0.08745717882772426,max_hold
ALGN,2012-10-25,2012-10-26,2012-11-06,26.530000686645508,26.40999984741211,5,-0.004523212820488287,-0.005523212820488287,21.340792851238874,-0.04855212179859487,max_hold
CSCO,2012-10-25,2012-10-26,2012-11-06,11.324561150269838,11.482583215996899,5,0.013953924009081353,0.012953924009081352,28.73441557260233,-0.2237470602749291,max_hold
AMD,2012-10-26,2012-10-31,2012-11-07,2.130000114440918,2.069999933242798,5,-0.02816909764057407,-0.02916909764057407,22.081944059285732,-0.3314762602996515,max_hold
MRVL,2012-10-26,2012-10-31,2012-11-07,6.686186317893141,6.970159780918234,5,0.04247166464164187,0.04147166464164187,29.046560831246154,-0.30960645519369345,max_hold
VRTX,2012-10-26,2012-10-31,2012-11-07,49.880001068115234,45.91999816894531,5,-0.07939059371234203,-0.08039059371234203,29.728429443517783,-0.04596683777216836,max_hold
ROST,2012-11-01,2012-11-02,2012-11-09,25.063946881543846,24.157121196634204,5,-0.03618048223591608,-0.03718048223591608,26.62922831449002,-0.12882220369610553,max_hold
EXC,2012-11-01,2012-11-02,2012-11-09,14.160019900657558,13.358263960685296,5,-0.056621102625359354,-0.057621102625359355,27.739840655817076,-0.38109309474472725,max_hold
AAPL,2012-11-02,2012-11-05,2012-11-12,17.527804516831665,16.721603510271542,5,-0.04599554985828036,-0.04699554985828036,29.732771991188443,-0.19511826699412213,max_hold
ALGN,2012-11-05,2012-11-06,2012-11-13,26.40999984741211,26.389999389648438,5,-0.0007573062430604738,-0.0017573062430604738,24.2429159220291,-0.04855212179859487,max_hold
AMD,2012-11-06,2012-11-07,2012-11-14,2.069999933242798,2.0399999618530273,5,-0.014492740269210325,-0.015492740269210326,25.782987624266013,-0.02760091895240268,max_hold
DLTR,2012-11-06,2012-11-07,2012-11-14,39.0,37.900001525878906,5,-0.028205089080028056,-0.029205089080028057,29.153087323251526,-0.4363898602116852,max_hold
CHTR,2012-11-06,2012-11-07,2012-11-14,70.8499984741211,69.08000183105469,5,-0.02498231024963138,-0.02598231024963138,29.16943614204122,-0.0902737787674759,max_hold
FTNT,2012-11-07,2012-11-08,2012-11-15,3.822000026702881,3.634000062942505,5,-0.0491888965062508,-0.0501888965062508,29.54880989801559,-0.020988605871992576,max_hold
EXC,2012-11-08,2012-11-09,2012-11-16,13.358263960685296,12.670896901111279,5,-0.05145631659899874,-0.05245631659899874,22.735723338753886,-0.4847303113953793,max_hold
ROST,2012-11-08,2012-11-09,2012-11-16,24.157121196634204,23.529338763867834,5,-0.025987468773962963,-0.026987468773962964,26.42556309345781,-0.12882220369610553,max_hold
ENPH,2012-11-08,2012-11-09,2012-11-16,2.630000114440918,2.0199999809265137,5,-0.23193920417150904,-0.23293920417150904,26.559076598155514,-0.17190357710568416,max_hold
GOOG,2012-11-08,2012-11-09,2012-11-16,16.152144905944546,15.93847999294884,5,-0.013228268706100388,-0.014228268706100389,26.564817492848903,0.10131220699705949,max_hold
GOOGL,2012-11-08,2012-11-09,2012-11-16,16.228211146482465,16.01353677346777,5,-0.013228468071863064,-0.014228468071863065,26.564871991776187,,max_hold
VRTX,2012-11-08,2012-11-09,2012-11-16,44.61000061035156,40.459999084472656,5,-0.09302850188520095,-0.09402850188520095,29.031449896520627,-0.08222018536641167,max_hold
PANW,2012-11-08,2012-11-09,2012-11-16,8.616666793823242,8.451666831970215,5,-0.019148931460516216,-0.020148931460516217,29.35429512835141,-0.6068944207262397,max_hold
MAR,2012-11-08,2012-11-09,2012-11-16,30.421922224182197,29.599930796465305,5,-0.02701970709344248,-0.02801970709344248,29.555683416396008,-0.033340770064779396,max_hold
XEL,2012-11-09,2012-11-12,2012-11-19,16.859917985749224,16.739528838359345,5,-0.007140553559728868,-0.00814055355972887,28.033149887980414,-0.3180001977173539,max_hold
AEP,2012-11-09,2012-11-12,2012-11-19,25.494611467154588,25.43969848241593,5,-0.0021539055344853564,-0.0031539055344853564,28.57239912562531,0.013879436830436935,max_hold
AAPL,2012-11-09,2012-11-12,2012-11-19,16.721603510271542,16.316054320713175,5,-0.024253008349902072,-0.025253008349902073,29.006219521896227,-0.21706364001940387,max_hold
DLTR,2012-11-13,2012-11-14,2012-11-19,37.900001525878906,38.9900016784668,3,0.02875989732727624,0.02775989732727624,25.276277297388873,-0.4363898602116852,rsi_reversion
FANG,2012-11-13,2012-11-14,2012-11-19,12.1420022738919,12.81106448244835,3,0.05510312001794704,0.05410312001794704,29.556696424222963,,rsi_reversion
CHTR,2012-11-13,2012-11-14,2012-11-21,69.08000183105469,69.87000274658203,5,0.01143602916310571,0.010436029163105709,26.569050830276012,-0.0902737787674759,max_hold
MDLZ,2012-11-13,2012-11-14,2012-11-21,18.842986627977734,18.80641355764244,5,-0.0019409380825538003,-0.0029409380825538003,29.90552265729366,0.26146064270449904,max_hold
FTNT,2012-11-14,2012-11-15,2012-11-23,3.634000062942505,3.740000009536743,5,0.02916894462252939,0.02816894462252939,27.402016699190114,0.1672246768969201,max_hold
INTC,2012-11-14,2012-11-15,2012-11-23,14.309579347639735,13.966320800942283,5,-0.02398802496972563,-0.02498802496972563,27.93179462883414,0.2241741086977657,max_hold
MRVL,2012-11-14,2012-11-15,2012-11-23,6.393615493597519,6.746424469357006,5,0.05518145032537314,0.05418145032537314,28.2523447973292,-0.28696894032045744,rsi_reversion
ALGN,2012-11-14,2012-11-15,2012-11-23,25.75,26.979999542236328,5,0.04776697251403217,0.04676697251403217,28.34170239148682,-0.04855212179859487,max_hold
AMD,2012-11-14,2012-11-15,2012-11-23,1.9299999475479126,1.9199999570846558,5,-0.00518134234975598,-0.00618134234975598,28.57695234657109,0.027030813576970746,max_hold
AZN,2012-11-16,2012-11-19,2012-11-23,28.123909580615553,29.084552550905656,3,0.034157518802159226,0.033157518802159225,29.041268822513416,0.19254659624463596,rsi_reversion
EXC,2012-11-15,2012-11-16,2012-11-26,12.670896901111279,12.437852545472571,5,-0.01839209627049121,-0.01939209627049121,16.673171301923617,-0.5317251196268076,max_hold
VRTX,2012-11-15,2012-11-16,2012-11-26,40.459999084472656,41.38999938964844,5,0.022985672916949973,0.021985672916949972,23.017813546112237,-0.2615903107620451,max_hold
MAR,2012-11-15,2012-11-16,2012-11-26,29.599930796465305,30.368899381317203,5,0.02597872914431698,0.02497872914431698,24.92736129676142,-0.033340770064779396,max_hold
ENPH,2012-11-15,2012-11-16,2012-11-26,2.0199999809265137,2.5799999237060547,5,0.2772276970629899,0.2762276970629899,24.963602949730884,-0.17190357710568416,max_hold
CSX,2012-11-15,2012-11-16,2012-11-26,5.141793218245628,5.1893775909675,5,0.009254431421516385,0.008254431421516384,27.572924261205813,-0.36068594184861896,max_hold
MSFT,2012-11-15,2012-11-16,2012-11-26,21.34243272452779,22.038639368966955,5,0.03262077259070151,0.03162077259070151,28.330654525415483,0.1330463829462176,max_hold
ROST,2012-11-15,2012-11-16,2012-11-26,23.529338763867834,24.375108779191347,5,0.03594533717293813,0.03494533717293813,28.524845049531038,-0.07326677421357411,max_hold
GOOGL,2012-11-15,2012-11-16,2012-11-26,16.01353677346777,16.520474978906563,5,0.03165685461057666,0.030656854610576656,29.525813557956255,,max_hold
AAPL,2012-11-16,2012-11-19,2012-11-26,16.316054320713175,17.377924435947843,4,0.06508130546529434,0.06408130546529434,25.84250500206005,-0.13855305886421687,rsi_reversion
GOOG,2012-11-16,2012-11-19,2012-11-27,16.17805245062193,16.288340381215637,5,0.006817132712996443,0.005817132712996443,29.5005049276472,-0.04057539390494257,max_hold
MCHP,2012-11-16,2012-11-19,2012-11-27,10.736022756807222,10.919673487654782,5,0.017106030324974375,0.016106030324974374,29.62857491543096,0.08925965556787538,max_hold
AEP,2012-11-21,2012-11-23,2012-11-29,25.061367695179303,25.537333898741597,4,0.01899202826244184,0.01799202826244184,29.67995403471872,0.013879436830436935,rsi_reversion
INTC,2012-11-21,2012-11-23,2012-11-30,13.966320800942283,14.037834313995003,5,0.005120426064386008,0.004120426064386008,26.074659104472744,0.04866095258126504,max_hold
AMD,2012-11-21,2012-11-23,2012-11-30,1.9199999570846558,2.1600000858306885,5,0.12500006984919465,0.12400006984919465,29.471848365188492,0.03154012363393384,rsi_reversion
EXC,2012-11-23,2012-11-26,2012-12-03,12.437852545472571,13.042052296647286,5,0.04857749751942886,0.04757749751942886,14.044256542976697,-0.29813452701535365,max_hold
VRTX,2012-11-26,2012-11-27,2012-12-04,40.65999984741211,39.22999954223633,5,-0.03516970758834859,-0.03616970758834859,28.26007185688364,-0.20552014559961881,max_hold
VRTX,2012-12-03,2012-12-04,2012-12-11,39.22999954223633,40.25,5,0.026000521786025077,0.025000521786025076,25.948856989884604,-0.17664623132038604,max_hold
ROST,2012-12-14,2012-12-17,2012-12-24,23.289996561698654,23.486662285350572,5,0.00844421437035936,0.00744421437035936,29.49059909882878,-0.053094751448002624,max_hold
MRVL,2012-12-27,2012-12-28,2013-01-07,6.135087109296655,6.750330732380509,5,0.10028278525199097,0.09928278525199097,28.590595724183316,-0.5601602360986375,max_hold
AMGN,2013-01-18,2013-01-22,2013-01-29,56.36132533637715,58.423313391821544,5,0.036585159116432786,0.035585159116432785,27.465513864793863,-0.17274164286398894,rsi_reversion
AAPL,2013-01-25,2013-01-28,2013-02-04,13.211629961960503,13.696842263039299,5,0.0367261497995206,0.0357261497995206,28.470233464484323,-0.19991624345922115,max_hold
KDP,2013-02-13,2013-02-14,2013-02-22,4.8869583877046665,4.882380195175124,5,-0.0009368183983439193,-0.0019368183983439194,28.26699657524962,,max_hold
AAPL,2013-03-04,2013-03-05,2013-03-12,12.792384943956296,13.220943438131563,5,0.033501063019350186,0.032501063019350185,29.978458486387467,-0.16810839906474023,max_hold
ISRG,2013-03-15,2013-03-18,2013-03-25,51.68888854980469,54.445556640625,5,0.0533319281602298,0.0523319281602298,27.33745291234247,-0.48986105562854715,max_hold
META,2013-03-25,2013-03-26,2013-04-03,24.842068858327085,25.58495335460563,5,0.02990429261408023,0.02890429261408023,29.922310771455642,0.32643183825693256,max_hold
NXPI,2013-04-03,2013-04-04,2013-04-10,24.173654548478176,26.024400001688264,4,0.07656043274295077,0.07556043274295077,28.012538445642704,0.17838017010807714,rsi_reversion
FTNT,2013-04-11,2013-04-12,2013-04-19,3.7760000228881836,3.5480000972747803,5,-0.060381335866362296,-0.0613813358663623,22.447769367583504,-0.0303490659769575,max_hold
FTNT,2013-04-18,2013-04-19,2013-04-26,3.5480000972747803,3.502000093460083,5,-0.012965051452515475,-0.013965051452515476,18.88437681813231,-0.0145410395371226,max_hold
AAPL,2013-04-18,2013-04-19,2013-04-26,11.77531786954153,12.43818395490226,5,0.056292840049382065,0.055292840049382064,28.463120813574676,-0.5102460796091087,max_hold
CTSH,2013-04-19,2013-04-22,2013-04-29,29.676365683362835,27.111896710322856,5,-0.08641452260030857,-0.08741452260030858,27.19621562113373,0.10727924005806627,max_hold
FTNT,2013-04-25,2013-04-26,2013-05-03,3.502000093460083,3.624000072479248,5,0.03483722894439589,0.03383722894439589,21.8843216744619,-0.0145410395371226,max_hold
INTU,2013-04-25,2013-04-26,2013-05-03,50.81092663016127,54.082442924718144,5,0.06438607818293374,0.06338607818293374,25.38785910342027,-0.19888463975776682,max_hold
CTSH,2013-04-26,2013-04-29,2013-05-06,27.111896710322856,29.07551908372842,5,0.07242659539411389,0.07142659539411389,21.19562173803962,0.10727924005806627,max_hold
EXC,2013-05-28,2013-05-29,2013-06-05,14.064658924678753,13.918564153375023,5,-0.010387366809683662,-0.011387366809683663,23.099001877739752,-0.10938945491416537,max_hold
AEP,2013-05-28,2013-05-29,2013-06-05,28.741401677029568,28.56083595048056,5,-0.006282425908730738,-0.007282425908730738,29.020270236219275,0.004397566824774789,max_hold
META,2013-05-28,2013-05-29,2013-06-05,23.564310661736194,23.128484318849605,5,-0.01849518745287493,-0.01949518745287493,29.827802473241505,-0.018952822175563617,max_hold
XEL,2013-05-29,2013-05-30,2013-06-06,18.610642597288418,18.391006781011335,5,-0.011801624534398591,-0.012801624534398592,27.875194565352587,-0.24508042121339582,max_hold
EXC,2013-06-04,2013-06-05,2013-06-12,13.918564153375023,13.86544137916887,5,-0.0038166849411167547,-0.004816684941116755,24.37692883330456,0.05615005451933575,max_hold
AEP,2013-06-04,2013-06-05,2013-06-12,28.56083595048056,28.4736715627371,5,-0.0030518850321673563,-0.004051885032167356,29.292829655341635,0.14646359601696232,max_hold
PANW,2013-06-04,2013-06-05,2013-06-12,7.283332824707031,7.831666946411133,5,0.0752861546906114,0.0742861546906114,29.623096608214198,-0.10956570093077853,max_hold
EXC,2013-06-11,2013-06-12,2013-06-19,13.86544137916887,13.75476591620341,5,-0.007982108894977857,-0.008982108894977858,23.529975065166624,0.05615005451933575,max_hold
AEP,2013-06-11,2013-06-12,2013-06-19,28.4736715627371,28.523490493050694,5,0.0017496489767336865,0.0007496489767336864,29.378003262749488,0.14646359601696232,max_hold
LULU,2013-06-12,2013-06-13,2013-06-20,64.8499984741211,64.55999755859375,5,-0.004471872356991202,-0.005471872356991202,27.80555120612364,-0.08255550426608131,max_hold
PANW,2013-06-18,2013-06-19,2013-06-26,6.921667098999023,6.908332824707031,5,-0.001926454147718304,-0.002926454147718304,28.396365551149017,-0.22551150505654202,max_hold
AEP,2013-06-20,2013-06-21,2013-06-28,27.085158108662938,27.72648879534547,5,0.02367830692032813,0.02267830692032813,24.95595056381555,0.14646359601696232,max_hold
EXC,2013-06-20,2013-06-21,2013-06-28,13.334196175602242,13.763618929303306,5,0.03220462246436595,0.03120462246436595,25.23356316895169,0.05615005451933575,max_hold
AZN,2013-06-20,2013-06-21,2013-06-28,31.937886172655023,31.259768316660264,5,-0.021232396293507927,-0.022232396293507928,25.324782608411795,0.3707625624716292,max_hold
FAST,2013-06-20,2013-06-21,2013-06-28,7.999585764277487,8.258956849786964,5,0.03242306453763022,0.03142306453763022,27.830486358422235,-0.29496601473454165,max_hold
LULU,2013-06-20,2013-06-21,2013-06-28,63.18000030517578,65.58000183105469,5,0.03798672862118191,0.03698672862118191,29.37343243420861,-0.10821836633039594,max_hold
AAPL,2013-06-24,2013-06-25,2013-07-02,12.394948898198896,12.52510171843108,5,0.01050047251514652,0.009500472515146519,26.390751204117933,0.0747817422923214,max_hold
FTNT,2013-06-24,2013-06-25,2013-07-02,3.3239998817443848,3.446000099182129,5,0.03670283446993383,0.03570283446993383,27.584057234805243,0.013385162677438752,max_hold
CSX,2013-06-24,2013-06-25,2013-07-02,6.171735410984725,6.239111694842729,5,0.010916910620971443,0.009916910620971442,28.190388215020747,-0.3402939851580171,max_hold
MAR,2013-06-24,2013-06-25,2013-07-02,34.36163580668698,35.32391505845408,5,0.02800446571230575,0.027004465712305747,29.632377973627243,0.29749399097060336,max_hold
AZN,2013-06-28,2013-07-01,2013-07-09,31.58236833778004,31.997146943664365,5,0.013133233120714127,0.012133233120714126,27.49154082073106,0.5277391613470248,max_hold
ISRG,2013-07-09,2013-07-10,2013-07-17,46.393333435058594,47.0,5,0.013076589242948522,0.012076589242948521,20.502114577319247,-0.26739151329784167,max_hold
ISRG,2013-07-16,2013-07-17,2013-07-24,47.0,43.733333587646484,5,-0.06950354068837272,-0.07050354068837272,25.077001242268523,-0.37076491770051795,max_hold
MSFT,2013-07-19,2013-07-22,2013-07-29,25.757024823393696,25.570136164022962,5,-0.007255832560327136,-0.008255832560327137,29.525888753091635,-0.06266614780394067,max_hold
ISRG,2013-07-23,2013-07-24,2013-07-31,43.733333587646484,42.981109619140625,5,-0.017200243082277744,-0.018200243082277745,23.377398953159528,-0.24517494117698618,max_hold
ISRG,2013-07-30,2013-07-31,2013-08-07,42.981109619140625,43.712223052978516,5,0.01701011072809311,0.016010110728093108,28.74063703145825,-0.071911978552013,max_hold
PEP,2013-08-16,2013-08-19,2013-08-26,53.58092975822184,53.48730090220092,5,-0.001747428729650835,-0.002747428729650835,27.53404136277956,0.0010198583239072396,max_hold
AEP,2013-08-16,2013-08-19,2013-08-26,27.208203250925994,27.18931854113028,5,-0.0006940814732068201,-0.0016940814732068201,28.306553053477856,0.08784027829834277,max_hold
ISRG,2013-08-16,2013-08-19,2013-08-26,42.14777755737305,43.45000076293945,5,0.03089660430597485,0.02989660430597485,28.881703418190412,-0.071911978552013,max_hold
XEL,2013-08-16,2013-08-19,2013-08-26,18.202137382722885,18.23474418988847,5,0.0017913724350051563,0.0007913724350051563,29.083069014118266,-0.1717220581970473,max_hold
KDP,2013-08-16,2013-08-19,2013-08-26,5.202031270691641,5.31605553401872,5,0.021919180680342043,0.020919180680342042,29.504134704936888,,max_hold
REGN,2013-08-19,2013-08-20,2013-08-27,227.4040300582963,238.489427268508,5,0.04874758467283935,0.04774758467283935,29.60292743376735,0.4115260284310441,max_hold
CSCO,2013-08-23,2013-08-26,2013-09-03,16.052456528471627,15.87738534077432,5,-0.010906192917376267,-0.011906192917376268,28.83472887833844,0.37027897253734615,max_hold
AMD,2013-08-30,2013-09-03,2013-09-09,3.319999933242798,3.630000114440918,4,0.0933735504311679,0.0923735504311679,29.67390865423438,0.15741989226171782,rsi_reversion
CSCO,2013-08-30,2013-09-03,2013-09-10,15.87738534077432,16.180393358009955,5,0.01908425164044414,0.018084251640444138,23.6893703146049,0.4042800816164537,max_hold
MNST,2013-09-03,2013-09-04,2013-09-11,4.4791669845581055,4.647500038146973,5,0.03758133022707,0.03658133022707,26.667356763168826,0.2575270424220399,max_hold
ISRG,2013-09-12,2013-09-13,2013-09-20,41.496665954589844,41.27000045776367,5,-0.005462258029939382,-0.006462258029939382,29.652928539541563,0.13537688013518656,max_hold
ISRG,2013-09-19,2013-09-20,2013-09-27,41.27000045776367,40.704444885253906,5,-0.013703793705758804,-0.014703793705758805,29.156476838225217,0.13537688013518656,max_hold
MRVL,2013-10-01,2013-10-02,2013-10-09,9.842271359553044,9.666198426744469,5,-0.01788946132212421,-0.018889461322124212,29.00019336105329,-0.026206951604571434,max_hold
MRVL,2013-10-08,2013-10-09,2013-10-16,9.666198426744469,9.965513621042732,5,0.030965140697931215,0.029965140697931214,25.39876069798332,-0.026206951604571434,max_hold
CSCO,2013-10-08,2013-10-09,2013-10-16,15.369423313490794,15.749260636535679,5,0.024713830525539437,0.023713830525539437,29.903060280000133,0.2144780461136833,max_hold
ON,2013-10-09,2013-10-10,2013-10-17,6.880000114440918,7.070000171661377,5,0.027616286927329314,0.026616286927329313,27.697467719519423,-0.25285382105806764,max_hold
AMD,2013-10-22,2013-10-23,2013-10-30,3.200000047683716,3.3499999046325684,5,0.046874954598025154,0.04587495459802515,29.705577411982887,-0.3125299738420887,max_hold
NVDA,2013-11-07,2013-11-08,2013-11-11,0.35086572107753555,0.3625612450599395,1,0.03333333318081366,0.03233333318081366,29.355000933713697,-0.06683260768715125,rsi_reversion
VRTX,2013-11-05,2013-11-06,2013-11-13,65.08999633789062,59.83000183105469,5,-0.08081110466700014,-0.08181110466700015,29.87530148306402,-0.11976854256339989,max_hold
ASML,2013-11-07,2013-11-08,2013-11-15,76.64823358718186,78.75328776720853,5,0.027463831604577216,0.026463831604577215,24.45057040696696,-0.06612811513331128,max_hold
MELI,2013-11-07,2013-11-08,2013-11-15,115.16963541016702,111.0044947071367,5,-0.03616526776521012,-0.03716526776521012,27.885916442522586,-0.11630606559735251,max_hold
VRTX,2013-11-12,2013-11-13,2013-11-20,59.83000183105469,62.529998779296875,5,0.04512780988819487,0.04412780988819487,23.49265145367029,-0.11976854256339989,max_hold
MELI,2013-11-14,2013-11-15,2013-11-22,111.0044947071367,111.2697063440687,5,0.002389197280990407,0.0013891972809904072,29.3762655185392,-0.11630606559735251,max_hold
TSLA,2013-11-18,2013-11-19,2013-11-26,7.961999893188477,7.958666801452637,5,-0.0004186249410391696,-0.0014186249410391696,27.924450311091604,-0.36106810935443173,max_hold
EBAY,2013-11-26,2013-11-27,2013-12-03,18.2942232632274,19.24438181786315,3,0.051937627575893375,0.050937627575893374,29.534139978861774,0.05423593503158523,rsi_reversion
FTNT,2013-11-29,2013-12-02,2013-12-09,3.421999931335449,3.5859999656677246,5,0.047925200941857815,0.046925200941857814,25.645932211810234,0.1233707930328492,max_hold
MELI,2013-12-03,2013-12-04,2013-12-11,102.15361144378738,106.14192825392593,5,0.03904234763479919,0.03804234763479919,29.048369097692202,-0.28552887962580936,max_hold
DLTR,2013-12-03,2013-12-04,2013-12-11,54.72999954223633,55.52000045776367,5,0.014434513468571941,0.01343451346857194,29.29585870603053,0.2239165004247694,max_hold
ENPH,2013-12-05,2013-12-06,2013-12-13,6.360000133514404,5.050000190734863,5,-0.20597482944637335,-0.20697482944637335,28.849096564725386,0.2819199804105288,max_hold
ROST,2013-12-10,2013-12-11,2013-12-18,31.481578459050525,31.874612141541395,5,0.012484560867940697,0.011484560867940696,28.98698308990997,0.2384787791453635,max_hold
ENPH,2013-12-12,2013-12-13,2013-12-20,5.050000190734863,6.019999980926514,5,0.1920791591198927,0.1910791591198927,17.521535939784684,0.2819199804105288,max_hold
LULU,2013-12-12,2013-12-13,2013-12-20,59.88999938964844,58.849998474121094,5,-0.017365184941162348,-0.01836518494116235,25.38781312665546,-0.13347245815311704,max_hold
SIRI,2013-12-12,2013-12-13,2013-12-20,27.78222816796296,27.14720862115032,5,-0.022857041666114908,-0.02385704166611491,29.562124014032463,0.20793066442432362,max_hold
CSCO,2013-12-13,2013-12-16,2013-12-23,13.802641710586748,14.413076508733129,5,0.04422593956620435,0.04322593956620435,28.811278138060004,-0.4795065614889486,rsi_reversion
MELI,2013-12-13,2013-12-16,2013-12-23,99.52093683465016,101.67227280852175,5,0.021616918432409316,0.020616918432409315,29.926655433893842,-0.28552887962580936,max_hold
LULU,2013-12-19,2013-12-20,2013-12-30,58.849998474121094,59.150001525878906,5,0.00509775802100898,0.00409775802100898,26.774996540595183,-0.43776527951345817,max_hold
LULU,2014-01-02,2014-01-03,2014-01-10,58.83000183105469,58.29999923706055,5,-0.009009052821656871,-0.010009052821656872,28.87760645609052,-0.34505639358028467,max_hold
COST,2014-01-07,2014-01-08,2014-01-15,92.06249788564723,92.08632015741024,5,0.0002587619531309038,-0.0007412380468690962,29.420535844065853,-0.3081244943761823,max_hold
MELI,2014-01-13,2014-01-14,2014-01-16,93.3089293864293,96.82057990983235,2,0.037634667405301636,0.036634667405301635,28.688507061328053,-0.28552887962580936,rsi_reversion
LULU,2014-01-09,2014-01-10,2014-01-17,58.29999923706055,48.54999923706055,5,-0.16723842414395873,-0.16823842414395873,27.982045439987246,-0.08382160225900558,max_hold
NFLX,2014-01-10,2014-01-13,2014-01-21,4.730429172515869,4.746142864227295,5,0.0033218321506056636,0.0023218321506056636,29.54322960457175,0.1610625322712108,max_hold
ASML,2014-01-17,2014-01-21,2014-01-22,75.4453722958574,80.86715726871634,1,0.07186371818270754,0.07086371818270754,28.962142898455937,-0.09645657961651054,rsi_reversion
LULU,2014-01-16,2014-01-17,2014-01-27,48.54999923706055,47.470001220703125,5,-0.022245067627787107,-0.023245067627787108,21.851790668218655,-0.26777599091276344,max_hold
DLTR,2014-01-17,2014-01-21,2014-01-28,54.279998779296875,51.11000061035156,5,-0.05840085188348221,-0.05940085188348221,28.91811495905762,-0.07595593858576474,max_hold
ROST,2014-01-22,2014-01-23,2014-01-30,30.48799031553804,30.046397073542067,5,-0.014484170239680072,-0.015484170239680073,26.02379122433929,-0.007256154496251835,max_hold
LULU,2014-01-24,2014-01-27,2014-02-03,47.470001220703125,46.0,5,-0.030966951398813336,-0.03196695139881334,23.514981580246214,-0.5107522028221727,max_hold
PAYX,2014-01-24,2014-01-27,2014-02-03,27.714458984883212,28.216817050872205,5,0.01812620864304093,0.01712620864304093,29.467174193276037,0.2006176648973954,max_hold
DLTR,2014-01-27,2014-01-28,2014-02-04,51.11000061035156,49.84000015258789,5,-0.02484837492853509,-0.02584837492853509,14.404981233942308,-0.25861691938184284,max_hold
ROST,2014-01-29,2014-01-30,2014-02-06,30.046397073542067,29.34425018791258,5,-0.023368754793158808,-0.02436875479315881,24.140298505906372,-0.007256154496251835,max_hold
SBUX,2014-01-29,2014-01-30,2014-02-06,28.046968541290422,27.52210409531068,5,-0.018713767415078797,-0.019713767415078798,29.75669029907867,-0.22675259104456114,max_hold
PCAR,2014-02-03,2014-02-04,2014-02-06,23.184332043942717,24.180308610919912,2,0.04295903652041644,0.04195903652041644,29.811151077165704,0.22271290225932958,rsi_reversion
LULU,2014-01-31,2014-02-03,2014-02-10,46.0,47.84000015258789,5,0.04000000331712816,0.03900000331712816,26.039003531648206,-0.5813007824923554,max_hold
DLTR,2014-02-03,2014-02-04,2014-02-11,49.84000015258789,51.29999923706055,5,0.029293721508884207,0.028293721508884206,16.556721451499456,-0.2790841482164376,max_hold
MDLZ,2014-02-03,2014-02-04,2014-02-11,24.235186159161564,24.78359812857928,5,0.022628750025524225,0.021628750025524224,25.50210701136487,-0.05523180444312886,max_hold
LRCX,2014-02-03,2014-02-04,2014-02-11,4.152720973752471,4.3891722597867995,5,0.05693888116462276,0.055938881164622756,27.0324090918365,-0.14902945420019895,rsi_reversion
PAYX,2014-02-03,2014-02-04,2014-02-11,27.22615239788462,27.933767385181397,5,0.025990267627817865,0.024990267627817864,28.428796671213334,0.2006176648973954,max_hold
ADP,2014-02-03,2014-02-04,2014-02-11,51.43284323123717,48.92456439875085,5,-0.04876803759825865,-0.04976803759825865,28.890586944530966,0.098922475094051,max_hold
ROST,2014-02-05,2014-02-06,2014-02-13,29.34425018791258,30.991410536531077,5,0.0561323031963854,0.0551323031963854,25.372982235398823,-0.007256154496251835,max_hold
CHTR,2014-02-25,2014-02-26,2014-03-05,121.76000213623047,128.39999389648438,5,0.05453343991259785,0.05353343991259785,29.17934523184678,0.06925136407214386,max_hold
SIRI,2014-03-13,2014-03-14,2014-03-21,26.670938714630562,26.829687361269034,5,0.0059521207084993755,0.0049521207084993754,29.456870517573194,0.09063598908693354,max_hold
NFLX,2014-03-24,2014-03-25,2014-04-01,5.414286136627197,5.025000095367432,5,-0.07189979093019816,-0.07289979093019816,25.322761878746235,0.1718867762182314,max_hold
SIRI,2014-03-24,2014-03-25,2014-04-01,25.956535705331078,25.40089051984196,5,-0.021406754421970042,-0.022406754421970043,26.795043574504902,-0.04213579441081531,max_hold
VRTX,2014-03-24,2014-03-25,2014-04-01,72.75,71.31999969482422,5,-0.0196563615831723,-0.0206563615831723,29.701034800243008,0.0748378485619186,max_hold
MU,2014-03-28,2014-03-31,2014-04-01,21.74556138940276,23.24726904178819,1,0.06905812296560243,0.06805812296560243,27.91099555644402,-0.06375734235130752,rsi_reversion
ILMN,2014-03-26,2014-03-27,2014-04-02,135.7003936767578,153.2684783935547,4,0.1294622973507693,0.1284622973507693,29.306341202599427,0.556220494742045,rsi_reversion
GOOGL,2014-03-27,2014-03-28,2014-04-04,27.739046532737714,28.654832411089863,5,0.0330143243125296,0.032014324312529596,29.532159549030936,,max_hold
GILD,2014-03-28,2014-03-31,2014-04-07,47.206698644795225,49.08350408886962,5,0.03975718484777624,0.03875718484777624,26.241106219994208,-0.12278503019552302,max_hold
NFLX,2014-03-31,2014-04-01,2014-04-08,5.025000095367432,4.8578572273254395,5,-0.033262261665642945,-0.034262261665642946,19.49264217615918,-0.0641504301440459,max_hold
AMZN,2014-03-31,2014-04-01,2014-04-08,16.904499053955078,16.0939998626709,5,-0.04794576808796658,-0.04894576808796658,29.11580652925292,-0.31679588472298525,max_hold
EBAY,2014-04-07,2014-04-08,2014-04-09,19.960714664849952,20.383828730631183,1,0.021197340520393126,0.020197340520393126,29.733047315421274,0.15932612168690183,rsi_reversion
WDAY,2014-04-04,2014-04-07,2014-04-14,80.36000061035156,73.38999938964844,5,-0.08673470840921427,-0.08773470840921427,28.053958592582177,-0.03291542426140577,max_hold
VRTX,2014-04-04,2014-04-07,2014-04-14,66.0,64.05000305175781,5,-0.029545408306699827,-0.03054540830669983,28.698818127380193,0.0748378485619186,max_hold
GOOG,2014-04-04,2014-04-07,2014-04-14,26.709987080712583,26.58699128871307,5,-0.00460486153092643,-0.00560486153092643,29.619135250482486,-0.19073478364730523,max_hold
NFLX,2014-04-07,2014-04-08,2014-04-15,4.8578572273254395,4.70114278793335,5,-0.03225999284428771,-0.03325999284428771,22.862566590376602,-0.004094811495543323,max_hold
AMZN,2014-04-07,2014-04-08,2014-04-15,16.0939998626709,15.835000038146973,5,-0.01609294312998355,-0.01709294312998355,24.39981037387051,-0.19118655515620056,max_hold
DXCM,2014-04-07,2014-04-08,2014-04-15,8.9375,8.882499694824219,5,-0.006153880299388126,-0.007153880299388126,27.192957332580505,0.33776254122008054,max_hold
MELI,2014-04-07,2014-04-08,2014-04-15,83.40008003356961,86.27730726413797,5,0.03449909435830567,0.03349909435830567,29.08281829294448,-0.10839410114654165,max_hold
GOOGL,2014-04-07,2014-04-08,2014-04-15,26.995618483677745,27.29031119222201,5,0.010916316243039237,0.009916316243039236,29.159426761839953,0.07600474070059714,max_hold
GILD,2014-04-10,2014-04-11,2014-04-21,43.80798689823863,48.03249361848653,5,0.09643234075240614,0.09543234075240614,28.944867546629254,-0.16409995993740456,max_hold
WDAY,2014-04-11,2014-04-14,2014-04-22,73.38999938964844,78.91000366210938,5,0.07521466573604485,0.07421466573604485,26.525866493794254,-0.22444464580303844,max_hold
SNPS,2014-04-11,2014-04-14,2014-04-22,36.77000045776367,37.56999969482422,5,0.02175684599132599,0.02075684599132599,27.25142154912855,0.021406465844566458,max_hold
INTU,2014-04-11,2014-04-14,2014-04-22,66.11888208480339,67.2090042268474,5,0.016487304498673083,0.015487304498673082,27.99468629942585,-0.22312050741282588,max_hold
PAYX,2014-04-11,2014-04-14,2014-04-22,27.111580538526358,27.414859025109145,5,0.011186307863970457,0.010186307863970456,28.268795456370555,0.25741807931893623,max_hold
NFLX,2014-04-14,2014-04-15,2014-04-22,4.70114278793335,5.380428791046143,4,0.14449380368882836,0.14349380368882836,29.593708615208442,0.18457135326934274,rsi_reversion
DXCM,2014-04-15,2014-04-16,2014-04-24,8.545000076293945,9.072500228881836,5,0.06173202432745595,0.06073202432745595,29.727198189833345,0.33776254122008054,max_hold
ASML,2014-04-16,2014-04-17,2014-04-25,72.36740707498718,74.36997024368013,5,0.027672169691224102,0.0266721696912241,28.18418531908084,-0.3899127871090926,max_hold
ISRG,2014-04-25,2014-04-28,2014-05-05,40.988887786865234,40.15444564819336,5,-0.020357764841310688,-0.02135776484131069,29.666352679448835,-0.47433287965626575,max_hold
LULU,2014-04-28,2014-04-29,2014-05-06,45.20000076293945,45.349998474121094,5,0.0033185333772078884,0.0023185333772078884,29.61761878215198,-0.5817006120991842,max_hold
DXCM,2014-04-28,2014-04-29,2014-05-06,8.164999961853027,7.817500114440918,5,-0.04255968757325568,-0.04355968757325568,29.812082685374264,0.33776254122008054,max_hold
DXCM,2014-05-05,2014-05-06,2014-05-13,7.817500114440918,8.029999732971191,5,0.027182553939171905,0.026182553939171904,27.824628561918104,0.10220452215901046,max_hold
ISRG,2014-05-07,2014-05-08,2014-05-15,39.101112365722656,41.43888854980469,5,0.05978797130414648,0.05878797130414648,28.28305342703193,-0.3781081991443148,max_hold
LULU,2014-05-07,2014-05-08,2014-05-15,43.09000015258789,44.95000076293945,5,0.043165481637619685,0.042165481637619684,28.8808691328872,-0.5817006120991842,max_hold
ON,2014-05-15,2014-05-16,2014-05-23,8.479999542236328,8.489999771118164,5,0.001179272337460402,0.00017927233746040192,28.51406369522398,-0.3111403391696258,max_hold
EBAY,2014-06-10,2014-06-11,2014-06-18,17.92678260291638,18.257116025715064,5,0.018426810327077048,0.017426810327077047,27.090173204243783,-0.532391772630749,max_hold
LULU,2014-06-12,2014-06-13,2014-06-20,37.150001525878906,40.20000076293945,5,0.08209957232265253,0.08109957232265252,24.139794302154385,-0.017835113206652122,max_hold
FAST,2014-07-11,2014-07-14,2014-07-21,8.401591586653005,8.185702137764746,5,-0.025696256079767887,-0.02669625607976789,24.8143230515783,-0.17228787857472752,max_hold
EXC,2014-07-14,2014-07-15,2014-07-22,15.1655298940123,14.865911146560633,5,-0.01975656304432616,-0.02075656304432616,28.39480315407924,-0.2292234974774761,max_hold
ROST,2014-07-16,2014-07-17,2014-07-24,27.4956469770379,27.970854332034758,5,0.017283003211152392,0.01628300321115239,25.909499651106742,0.32634355812950594,max_hold
FAST,2014-07-18,2014-07-21,2014-07-28,8.185702137764746,8.216909819718019,5,0.003812462440979436,0.002812462440979436,28.75816211774338,-0.17228787857472752,max_hold
EXC,2014-07-21,2014-07-22,2014-07-29,14.865911146560633,14.72301450636115,5,-0.009612370125899994,-0.010612370125899995,28.280423163853328,-0.0015751780798227584,max_hold
ADI,2014-07-23,2014-07-24,2014-07-31,40.085151968553475,39.33588963603498,5,-0.018691767293442907,-0.019691767293442908,29.94029823650652,0.039867898804009615,max_hold
ASML,2014-07-29,2014-07-30,2014-07-31,82.45463682563616,84.70583002845228,1,0.027302202635088202,0.0263022026350882,28.015921173162937,0.042416925924314244,rsi_reversion
MCHP,2014-07-25,2014-07-28,2014-08-04,17.7849705891926,17.781100579998267,5,-0.00021759997717873958,-0.0012175999771787396,28.45916974674546,-0.11918390323558024,max_hold
MRVL,2014-07-28,2014-07-29,2014-08-05,11.854552752379458,11.765419102853057,5,-0.007518938199377434,-0.008518938199377435,28.224602409531983,-0.16522112647163412,max_hold
EXC,2014-07-29,2014-07-30,2014-08-06,14.580115944778782,14.308150025117548,5,-0.018653206921761534,-0.019653206921761535,29.216443388609747,0.08964907002335988,max_hold
MDLZ,2014-07-31,2014-08-01,2014-08-08,27.433104262920406,26.607756265739006,5,-0.030085840423716426,-0.031085840423716427,27.07693973909494,0.11215873514668785,max_hold
ADI,2014-07-31,2014-08-01,2014-08-08,38.719325322217756,38.290060894955964,5,-0.011086567849245887,-0.012086567849245888,27.327606657908618,0.039867898804009615,max_hold
FAST,2014-07-31,2014-08-01,2014-08-08,8.089201680071797,8.027175665644927,5,-0.007667754727845977,-0.008667754727845978,28.291919944896833,-0.17228787857472752,max_hold
QCOM,2014-08-01,2014-08-04,2014-08-11,51.890916751572306,52.83799332270634,5,0.018251297730355498,0.017251297730355497,27.27998386272192,0.18484627995249062,max_hold
HON,2014-08-06,2014-08-07,2014-08-13,66.655722596618,68.33329835601585,4,0.025167767958200082,0.02416776795820008,29.264931672732857,0.3216987592244833,rsi_reversion
CTSH,2014-08-06,2014-08-07,2014-08-14,38.43644928680976,39.27240610274669,5,0.021749064532446516,0.020749064532446515,23.60651161861911,-0.4944078692654267,max_hold
AEP,2014-08-06,2014-08-07,2014-08-14,32.44090836138523,33.286520856771695,5,0.026066239760197396,0.025066239760197395,28.883406027649542,0.4613188706316083,max_hold
XEL,2014-08-06,2014-08-07,2014-08-14,20.149906132557426,20.842159133336693,5,0.03435514767290915,0.03335514767290915,29.2261956550591,0.40822643326803504,max_hold
CSX,2014-08-06,2014-08-07,2014-08-14,8.101156155986555,8.205895542465317,5,0.012928943037514795,0.011928943037514794,29.234583827696113,-0.11839801819249803,rsi_reversion
MDLZ,2014-08-07,2014-08-08,2014-08-15,26.607756265739006,27.258944815039417,5,0.0244736362884872,0.0234736362884872,24.578838383661903,-0.23182856280175476,max_hold
MRVL,2014-08-07,2014-08-08,2014-08-15,11.453457962991534,11.899117236158535,5,0.03891045609169019,0.03791045609169019,28.420505017300144,-0.16522112647163412,max_hold
ADI,2014-08-07,2014-08-08,2014-08-15,38.290060894955964,39.95246743233317,5,0.043416137204320915,0.042416137204320914,28.642371757096868,0.039867898804009615,max_hold
PCAR,2014-08-07,2014-08-08,2014-08-15,26.14437447186456,27.063749121542802,5,0.03516529533600554,0.03416529533600554,29.987727424269792,0.16323587981932017,max_hold
AZN,2014-08-08,2014-08-11,2014-08-18,48.37006610785959,48.895618457378546,5,0.010865239430250861,0.00986523943025086,26.14769231146751,0.12886217818062418,max_hold
BKNG,2014-09-09,2014-09-10,2014-09-17,45.98926971219642,45.879860985236014,5,-0.002379005529878797,-0.003379005529878797,28.210996821263294,,max_hold
PCAR,2014-09-15,2014-09-16,2014-09-23,25.566901728368038,25.48087046763235,5,-0.0033649466661903604,-0.0043649466661903604,27.275430605586465,0.32340584011388834,max_hold
AMD,2014-09-16,2014-09-17,2014-09-24,3.819999933242798,3.7100000381469727,5,-0.028795784559725424,-0.029795784559725425,26.750894815974505,0.2439441396110251,max_hold
ADBE,2014-09-17,2014-09-18,2014-09-25,67.27999877929688,68.8499984741211,5,0.023335310988551017,0.022335310988551016,29.283232548034775,-0.31691234802882123,max_hold
AMD,2014-09-23,2014-09-24,2014-10-01,3.7100000381469727,3.390000104904175,5,-0.08625335039150772,-0.08725335039150772,25.752877745517438,0.21447131324793933,max_hold
PCAR,2014-09-23,2014-09-24,2014-10-01,25.28301226492796,24.39264821178142,5,-0.03521590085140425,-0.03621590085140425,27.371721478585258,0.32340584011388834,max_hold
AMD,2014-09-30,2014-10-01,2014-10-08,3.390000104904175,3.299999952316284,5,-0.026548716755993906,-0.027548716755993907,17.1169642463924,0.36268874342336505,max_hold
PCAR,2014-09-30,2014-10-01,2014-10-08,24.39264821178142,24.379749615071702,5,-0.0005287903387007908,-0.0015287903387007909,22.007008545822742,0.32340584011388834,max_hold
CMCSA,2014-10-02,2014-10-03,2014-10-08,18.5388713189362,18.717669267195735,3,0.00964448941812912,0.00864448941812912,29.60897890513229,-0.2951080503156542,rsi_reversion
ON,2014-10-01,2014-10-02,2014-10-09,8.760000228881836,8.630000114440918,5,-0.014840195324687944,-0.015840195324687945,29.748430343664864,-0.2185157510440118,max_hold
CHTR,2014-10-01,2014-10-02,2014-10-09,148.52000427246094,154.2100067138672,5,0.03831135387639706,0.03731135387639706,29.777901975823056,-0.2040900046806187,max_hold
ALGN,2014-10-01,2014-10-02,2014-10-09,49.939998626708984,47.58000183105469,5,-0.047256645185250745,-0.048256645185250746,29.964412339525964,0.10689114781339375,max_hold
BKR,2014-10-02,2014-10-03,2014-10-10,32.81453412530702,30.75836042184793,5,-0.06266045696724798,-0.06366045696724798,27.07945198776322,0.2662078775562165,max_hold
ADI,2014-10-03,2014-10-06,2014-10-13,37.58135036119788,34.145566493263644,5,-0.09142257622231753,-0.09242257622231753,29.586912190002124,-0.21287469611256088,max_hold
AMD,2014-10-07,2014-10-08,2014-10-15,3.299999952316284,2.619999885559082,5,-0.2060606292675572,-0.2070606292675572,17.961771164748725,0.36268874342336505,max_hold
BKNG,2014-10-07,2014-10-08,2014-10-15,43.391651437997425,40.29780480244667,5,-0.07130050442932712,-0.07230050442932712,28.515064732148417,,max_hold
TXN,2014-10-07,2014-10-08,2014-10-15,33.35051950707129,30.150548596526548,5,-0.09594965709203584,-0.09694965709203585,29.014940371126755,0.5187900195792778,max_hold
MCHP,2014-10-07,2014-10-08,2014-10-15,17.476307100650505,14.599967050413168,5,-0.16458511707718126,-0.16558511707718127,29.17332886079548,0.16836612981879714,max_hold
ALGN,2014-10-08,2014-10-09,2014-10-16,47.58000183105469,44.119998931884766,5,-0.0727196882306893,-0.0737196882306893,27.794554136445157,0.10689114781339375,max_hold
BKR,2014-10-09,2014-10-10,2014-10-17,30.75836042184793,28.055369074941943,5,-0.087878264960639,-0.088878264960639,20.230034918851885,0.2662078775562165,max_hold
MAR,2014-10-09,2014-10-10,2014-10-17,57.32405987682043,56.63865758412189,5,-0.011956625092000683,-0.012956625092000684,28.425252275773104,0.11321487711655506,max_hold
KLAC,2014-10-10,2014-10-13,2014-10-20,4.375262884381579,4.397808097399027,5,0.005152881921204777,0.004152881921204777,18.487105213408356,-0.10404243324021299,max_hold
ON,2014-10-10,2014-10-13,2014-10-20,7.340000152587891,7.389999866485596,5,0.0068119499806926775,0.0058119499806926775,20.48350912640666,-0.34822143352877855,max_hold
ADI,2014-10-10,2014-10-13,2014-10-20,34.145566493263644,35.18339262443598,5,0.030394169368286317,0.029394169368286316,23.527621505211172,-0.34374400904914626,max_hold
NVDA,2014-10-10,2014-10-13,2014-10-20,0.4042874871328523,0.41525280535621734,5,0.027122576316001012,0.02612257631600101,24.15676777114966,0.09739277233994745,max_hold
SIRI,2014-10-10,2014-10-13,2014-10-20,24.924627066144208,25.877155224030975,5,0.03821634543854868,0.03721634543854868,24.86566513839493,0.2341828244464494,max_hold
NXPI,2014-10-10,2014-10-13,2014-10-20,49.741954334003125,52.75927550012598,5,0.060659481649281366,0.059659481649281365,25.029509843131663,0.06856991837462352,max_hold
AVGO,2014-10-10,2014-10-13,2014-10-20,5.299468135457065,5.738845709476889,5,0.08290974920296024,0.08190974920296024,25.565358210238912,0.44896742496516295,max_hold
MRVL,2014-10-10,2014-10-13,2014-10-20,10.902930336571776,10.885029121021715,5,-0.0016418719552866445,-0.0026418719552866446,26.21967834566877,0.12443182643084601,max_hold
CSCO,2014-10-10,2014-10-13,2014-10-20,16.264255744282135,16.026310413419584,5,-0.01462995507471676,-0.01562995507471676,28.74748350748159,-0.16406239344121942,max_hold
SNPS,2014-10-10,2014-10-13,2014-10-20,37.22999954223633,37.689998626708984,5,0.012355602743180372,0.01135560274318037,28.858155622302576,0.28964465302883335,max_hold
ENPH,2014-10-10,2014-10-13,2014-10-20,10.5,11.970000267028809,5,0.14000002543131518,0.13900002543131518,29.572191579216707,0.02070744632683308,max_hold
FANG,2014-10-10,2014-10-13,2014-10-20,48.08901809781062,47.89894357571261,5,-0.003952555689771264,-0.004952555689771264,29.683870264408043,0.29007798452185235,max_hold
HON,2014-10-13,2014-10-14,2014-10-21,63.29924548368169,66.68503109725343,5,0.0534885619520471,0.0524885619520471,25.707344198779793,0.36179237957000415,rsi_reversion
TXN,2014-10-14,2014-10-15,2014-10-21,30.150548596526548,32.895455220792385,4,0.09104002255474919,0.09004002255474919,23.08866346121799,0.2369785465718722,rsi_reversion
BKNG,2014-10-14,2014-10-15,2014-10-21,40.29780480244667,43.260749203858666,4,0.07352619865864507,0.07252619865864507,26.24041625856441,,rsi_reversion
AMD,2014-10-14,2014-10-15,2014-10-22,2.619999885559082,2.7899999618530273,5,0.0648855281372156,0.0638855281372156,9.77330944880147,0.0012789617074118697,max_hold
MCHP,2014-10-14,2014-10-15,2014-10-22,14.599967050413168,15.88223484943924,5,0.0878267597864053,0.0868267597864053,17.734738124568594,-0.23609255432806797,max_hold
ALGN,2014-10-15,2014-10-16,2014-10-23,44.119998931884766,48.599998474121094,5,0.10154124321609426,0.10054124321609426,21.43020574445707,0.10689114781339375,rsi_reversion
BKR,2014-10-16,2014-10-17,2014-10-24,28.055369074941943,28.433997859282435,5,0.013495769145973169,0.012495769145973168,17.307947979550974,0.20359641763850245,max_hold
NFLX,2014-10-16,2014-10-17,2014-10-24,5.140142917633057,5.465428829193115,5,0.0632834372064206,0.0622834372064206,23.017690244716093,0.11146067423078419,max_hold
GOOG,2014-10-17,2014-10-20,2014-10-27,25.164407489145376,26.526728427246333,5,0.05413681759400024,0.05313681759400024,24.708456627083024,-0.21888836002803502,max_hold
GOOGL,2014-10-17,2014-10-20,2014-10-27,25.777210007501985,27.129840549155965,5,0.05247389229712307,0.05147389229712307,24.933903239121904,-0.21287694571312835,max_hold
AMD,2014-10-21,2014-10-22,2014-10-29,2.7899999618530273,2.75,5,-0.014336904085998858,-0.01533690408599886,26.65103880257213,-0.25310383364792116,max_hold
AMZN,2014-10-24,2014-10-27,2014-11-03,14.28499984741211,15.312000274658203,5,0.07189362535640109,0.07089362535640109,29.04269136155706,-0.2473046258535593,max_hold
BKR,2014-10-27,2014-10-28,2014-11-04,27.05621438032593,26.94333837591129,5,-0.004171906787400315,-0.005171906787400315,28.82942454907547,0.19601958790681837,max_hold
NFLX,2014-11-25,2014-11-26,2014-12-04,5.0154290199279785,5.0428571701049805,5,0.005468754530872699,0.004468754530872699,29.75381909394183,-0.14018676986184786,max_hold
TSLA,2014-12-08,2014-12-09,2014-12-16,13.956000328063965,13.392666816711426,5,-0.040364968336933704,-0.041364968336933705,29.6650413718221,0.13588475042695936,max_hold
TMUS,2014-12-10,2014-12-11,2014-12-18,24.179008879480886,24.312120710974828,5,0.005505264180075908,0.004505264180075908,28.517368219515063,0.06710468573060108,max_hold
BKNG,2014-12-16,2014-12-17,2014-12-22,41.04293637355792,43.411189645931,3,0.05770184790917732,0.056701847909177316,25.432719645713263,,rsi_reversion
PEP,2014-12-16,2014-12-17,2014-12-22,64.72815307072771,66.82088937307063,3,0.032331160446617435,0.031331160446617434,28.13040724793082,-0.44719792774708284,rsi_reversion
TSLA,2014-12-15,2014-12-16,2014-12-23,13.392666816711426,14.920666694641113,5,0.11409227891961304,0.11309227891961304,26.19225807465014,-0.06219374055344093,max_hold
NFLX,2014-12-15,2014-12-16,2014-12-23,4.642714023590088,4.828713893890381,5,0.040062745487921436,0.039062745487921435,28.626269513621224,-0.12254966269634518,max_hold
GOOGL,2014-12-16,2014-12-17,2014-12-23,24.757416470735144,26.473588215882295,4,0.06931950056968894,0.06831950056968894,24.992405761695267,-0.22666552148132824,rsi_reversion
GOOG,2014-12-16,2014-12-17,2014-12-23,24.549435346812228,26.03129689786874,4,0.06036234765167148,0.05936234765167148,25.432209008523955,-0.22974628474269174,rsi_reversion
MELI,2015-01-14,2015-01-15,2015-01-22,118.02918236202035,123.04812101471126,4,0.0425228621621454,0.0415228621621454,28.11917246110761,0.2430470596402514,rsi_reversion
TSLA,2015-01-14,2015-01-15,2015-01-23,12.965999603271484,13.352666854858398,5,0.02982163068162924,0.02882163068162924,28.26946600487527,-0.2863701536597953,max_hold
MU,2015-01-14,2015-01-15,2015-01-23,29.497898987074162,30.121990453658086,5,0.021157149763696648,0.020157149763696647,29.93953995466366,-0.05587792481099763,max_hold
INTU,2015-01-15,2015-01-16,2015-01-23,77.16537764441966,81.19848877082627,4,0.052265812071720985,0.051265812071720984,28.25490844401,0.2251234974772696,rsi_reversion
BKNG,2015-01-15,2015-01-16,2015-01-26,38.95678445452442,40.48496595761726,5,0.039227608861730934,0.03822760886173093,25.684050643856537,,max_hold
AMD,2015-01-16,2015-01-20,2015-01-26,2.390000104904175,2.440000057220459,4,0.020920481222442833,0.019920481222442832,29.31307184634221,-0.13915234926763373,rsi_reversion
MSFT,2015-01-28,2015-01-29,2015-02-05,34.66897895566476,35.7616575201765,5,0.03151747174063213,0.03051747174063213,26.797775138189294,-0.1118145234541564,max_hold
QCOM,2015-01-29,2015-01-30,2015-02-06,45.40313434956579,48.838617822534225,5,0.0756662182508836,0.0746662182508836,21.368034862894646,-0.37133357648078474,max_hold
PCAR,2015-01-30,2015-02-02,2015-02-09,26.461085646577704,27.35029256500606,5,0.03360432486802978,0.03260432486802978,29.431862753283724,-0.09850415001645954,max_hold
FAST,2015-03-04,2015-03-05,2015-03-12,7.341757663579032,7.533795881118284,5,0.026156981248770306,0.025156981248770305,25.42954093561157,0.26397886810220966,max_hold
AZN,2015-03-10,2015-03-11,2015-03-16,46.562743917597714,48.65932840676742,3,0.04502708201389605,0.044027082013896046,29.465865775464678,0.5426875269896186,rsi_reversion
MDLZ,2015-03-10,2015-03-11,2015-03-18,26.23419029551986,26.25709392421814,5,0.0008730450012093272,-0.00012695499879067287,28.66728183030692,-0.17058325410025252,max_hold
MRVL,2015-03-25,2015-03-26,2015-04-02,13.258971860124735,13.430347538794592,5,0.01292526151181117,0.01192526151181117,27.44159111903579,0.2085822722507339,max_hold
LRCX,2015-03-26,2015-03-27,2015-04-06,6.106438533975795,5.981502086994331,5,-0.020459789496991787,-0.021459789496991788,27.95133807963279,-0.30105994389345414,max_hold
ODFL,2015-04-02,2015-04-06,2015-04-13,23.31829487755659,22.944927276014518,5,-0.016011788319112097,-0.017011788319112098,29.933092895591884,0.6659813420218654,max_hold
ODFL,2015-04-10,2015-04-13,2015-04-20,22.944927276014518,23.31191268688147,5,0.015994184965257174,0.014994184965257173,29.300469075598997,0.6659813420218654,max_hold
ASML,2015-04-17,2015-04-20,2015-04-22,84.85769210162341,98.10583541111905,2,0.15612189044253055,0.15512189044253055,28.998560222729054,-0.15914797205004405,rsi_reversion
AMD,2015-04-22,2015-04-23,2015-04-30,2.2799999713897705,2.2799999713897705,5,0.0,-0.001,28.525618006472186,-0.4434894326592134,max_hold
AMAT,2015-04-27,2015-04-28,2015-05-05,17.56334251570131,17.249244646021836,5,-0.017883718284186334,-0.018883718284186335,25.997472154845795,-0.517241242493353,max_hold
MRVL,2015-04-27,2015-04-28,2015-05-05,12.63661475377402,12.726810373488874,5,0.0071376410116417155,0.0061376410116417155,27.613722903463113,-0.0016622329953542622,max_hold
BIIB,2015-04-28,2015-04-29,2015-05-06,377.9700012207031,387.25,5,0.024552209829684646,0.023552209829684645,28.755126776326108,0.19252914164516793,max_hold
AMAT,2015-05-04,2015-05-05,2015-05-12,17.249244646021836,17.371393188443037,5,0.0070813850071616,0.0060813850071616,28.036274784919243,-0.517241242493353,max_hold
ENPH,2015-05-06,2015-05-07,2015-05-14,10.779999732971191,9.890000343322754,5,-0.08256024227220782,-0.08356024227220782,28.181968413018836,0.04435946917862211,max_hold
ENPH,2015-05-13,2015-05-14,2015-05-21,9.890000343322754,10.100000381469727,5,0.021233572381901267,0.020233572381901266,28.233691049691203,0.22813863364157716,max_hold
LULU,2015-05-21,2015-05-22,2015-06-01,60.52000045776367,60.290000915527344,5,-0.0038003889705328087,-0.004800388970532809,29.79881161376636,0.1275491816177083,max_hold
MRVL,2015-05-22,2015-05-26,2015-06-02,12.095431039900387,12.69974962333412,5,0.049962550440757925,0.048962550440757924,28.152578499123365,-0.11412617220408836,max_hold
WDAY,2015-05-29,2015-06-01,2015-06-08,79.08999633789062,79.2699966430664,5,0.0022758921925698505,0.0012758921925698505,29.819071165786923,0.09829925396897278,max_hold
ENPH,2015-06-01,2015-06-02,2015-06-09,9.34000015258789,8.930000305175781,5,-0.043897199219906646,-0.04489719921990665,29.338748202526915,-0.018010648405934047,max_hold
XEL,2015-06-08,2015-06-09,2015-06-16,22.537273188310444,22.683898663140763,5,0.006505910169575024,0.005505910169575024,29.847895912738267,0.09086472759126256,max_hold
KDP,2015-06-08,2015-06-09,2015-06-16,8.984787732898722,8.965858050524071,5,-0.0021068591643337298,-0.00310685916433373,29.867033086728128,,max_hold
ENPH,2015-06-10,2015-06-11,2015-06-18,8.770000457763672,9.0600004196167,5,0.0330672687247473,0.0320672687247473,29.79832100735952,0.16849132066833755,max_hold
MU,2015-06-15,2015-06-16,2015-06-23,23.452050592192343,24.017625929000115,5,0.02411624239784227,0.023116242397842268,27.696043393735593,-0.34491890711636186,max_hold
MU,2015-06-24,2015-06-25,2015-07-02,23.530060077825674,18.361832555607705,5,-0.21964361778610242,-0.22064361778610242,29.13913835959464,-0.20790397249743872,max_hold
ENPH,2015-06-26,2015-06-29,2015-07-07,7.989999771118164,7.449999809265137,5,-0.06758447776243892,-0.06858447776243892,25.492984246139542,0.16849132066833755,max_hold
QCOM,2015-06-29,2015-06-30,2015-07-08,45.772885350959754,45.55405140950198,5,-0.00478086403729816,-0.00578086403729816,25.06602312670205,0.06817834368031755,max_hold
BKNG,2015-06-29,2015-06-30,2015-07-08,43.797624384527495,44.294257497538084,5,0.01133927056523265,0.01033927056523265,26.523206305284916,,max_hold
ADSK,2015-06-29,2015-06-30,2015-07-08,51.09000015258789,52.720001220703125,5,0.031904503097416104,0.030904503097416103,27.386690256292937,-0.017806274970081654,max_hold
MAR,2015-06-29,2015-06-30,2015-07-08,66.81938567827684,67.01680091466366,5,0.0029544605114648625,0.0019544605114648625,28.403550007429715,0.5938915080103753,max_hold
EXC,2015-06-30,2015-07-01,2015-07-09,15.060476379660004,15.614911360859804,5,0.0368139072910465,0.0358139072910465,27.77168231037514,0.12803564150948582,max_hold
ADP,2015-06-30,2015-07-01,2015-07-09,61.934305775325434,63.211770746647275,5,0.02062612885265902,0.01962612885265902,29.333054824113873,0.206639903293083,max_hold
CSCO,2015-06-30,2015-07-01,2015-07-09,19.619454278118397,19.5908315889825,5,-0.0014588932357726403,-0.0024588932357726403,29.67002690909618,0.10795200909178812,max_hold
MU,2015-07-01,2015-07-02,2015-07-10,18.361832555607705,16.899130704370016,5,-0.07965990577508997,-0.08065990577508997,13.011363931136373,-0.4619718247909471,max_hold
ON,2015-07-02,2015-07-06,2015-07-13,11.319999694824219,11.3100004196167,5,-0.0008833282223578154,-0.0018833282223578154,29.688336586905564,0.07892838415658673,max_hold
ENPH,2015-07-06,2015-07-07,2015-07-14,7.449999809265137,6.360000133514404,5,-0.14630868505461736,-0.14730868505461736,20.46682823597007,-0.06521983606860603,max_hold
FANG,2015-07-06,2015-07-07,2015-07-14,53.26666915304158,54.52116417957953,5,0.02355121967423246,0.02255121967423246,29.56041174588968,0.13869528262775216,max_hold
BKR,2015-07-06,2015-07-07,2015-07-14,31.342184159188154,31.983976275813138,5,0.020476942939435805,0.019476942939435804,29.845312046868145,-0.0718452917045878,max_hold
CSCO,2015-07-08,2015-07-09,2015-07-14,19.5908315889825,19.94143147461332,3,0.017896120643903224,0.016896120643903223,29.708009691436843,0.18903644205531306,rsi_reversion
QCOM,2015-07-07,2015-07-08,2015-07-15,45.55405140950198,46.18138635370196,5,0.013771221763803965,0.012771221763803964,28.201542090266116,-0.013375731473517392,max_hold
ASML,2015-07-08,2015-07-09,2015-07-15,91.57997396570663,95.48617193283515,4,0.042653407704519086,0.041653407704519085,26.63616167363631,0.4964178442458488,rsi_reversion
AAPL,2015-07-09,2015-07-10,2015-07-15,27.179152078806016,28.021686506643796,3,0.0309992903897387,0.029999290389738698,28.201883721874637,0.029241841309909984,rsi_reversion
NXPI,2015-07-08,2015-07-09,2015-07-16,82.4500772843908,81.99396875922245,5,-0.005531935689946255,-0.006531935689946255,24.302165821747394,-0.18127348278246294,max_hold
TXN,2015-07-08,2015-07-09,2015-07-16,36.86118787923128,36.44137447479443,5,-0.011389036235410877,-0.012389036235410877,26.615377667204342,-0.08847078639201601,max_hold
MELI,2015-07-08,2015-07-09,2015-07-16,129.6917512150876,135.70986298402653,5,0.046403196136646896,0.045403196136646895,27.504858385399515,0.027037002917152393,max_hold
MCHP,2015-07-08,2015-07-09,2015-07-16,18.074052150008047,17.954460005058607,5,-0.006616786537787411,-0.007616786537787411,28.757137704763593,0.2050399833208,max_hold
INTC,2015-07-08,2015-07-09,2015-07-16,23.13167789015399,23.715418523784898,5,0.0252355508494857,0.0242355508494857,29.411116476708344,-0.1312467953100789,max_hold
MRVL,2015-07-08,2015-07-09,2015-07-16,11.78555346843755,11.595315169252899,5,-0.01614165170045867,-0.01714165170045867,29.9925562789696,0.11605610656500484,max_hold
MU,2015-07-09,2015-07-10,2015-07-17,16.899130704370016,19.044433141898406,5,0.1269475025110982,0.1259475025110982,12.51223403341001,-0.5646841584736798,max_hold
ADI,2015-07-09,2015-07-10,2015-07-17,49.222514561202715,50.36088241987747,5,0.023126974898028063,0.022126974898028062,27.43335699081699,0.45715873007796726,max_hold
NVDA,2015-07-09,2015-07-10,2015-07-17,0.474631610712331,0.48573698029673057,5,0.023397871809955006,0.022397871809955006,29.346431732340704,-0.3454961211498067,max_hold
AMAT,2015-07-09,2015-07-10,2015-07-17,16.51087325284222,15.695415894698309,5,-0.04938911138473767,-0.05038911138473767,29.73023368802265,-0.014000800354169219,max_hold
AMD,2015-07-09,2015-07-10,2015-07-17,2.0,1.8700000047683716,5,-0.06499999761581421,-0.06599999761581421,29.82368731259615,-0.4605744181198836,max_hold
ENPH,2015-07-13,2015-07-14,2015-07-21,6.360000133514404,6.090000152587891,5,-0.04245282629849845,-0.04345282629849845,24.512449868743403,-0.25060631003041817,max_hold
AMD,2015-07-16,2015-07-17,2015-07-24,1.8700000047683716,1.7599999904632568,5,-0.058823536911562724,-0.059823536911562725,29.640731918050392,-0.6329357940474055,max_hold
KLAC,2015-07-17,2015-07-20,2015-07-27,4.279103865217812,4.192226127598294,5,-0.02030278776958261,-0.02130278776958261,28.736783044179063,-0.07875655667924575,max_hold
AMAT,2015-07-17,2015-07-20,2015-07-27,15.563890394863018,15.125474505123666,5,-0.02816878547821522,-0.02916878547821522,29.688046233307034,-0.4517398854677737,max_hold
FANG,2015-07-20,2015-07-21,2015-07-28,49.53359704855759,48.27909509437781,5,-0.02532628415719529,-0.02632628415719529,28.176261865506333,0.13869528262775216,max_hold
ENPH,2015-07-20,2015-07-21,2015-07-28,6.090000152587891,5.800000190734863,5,-0.04761904016205887,-0.04861904016205887,28.918245845639944,-0.25060631003041817,max_hold
ON,2015-07-20,2015-07-21,2015-07-28,10.710000038146973,10.229999542236328,5,-0.04481797331475024,-0.04581797331475024,29.522188254667256,0.06747388091778926,max_hold
MCHP,2015-07-21,2015-07-22,2015-07-29,16.953890249001446,16.98179203899141,5,0.0016457455828822187,0.0006457455828822187,29.29688306766971,0.2050399833208,max_hold
ADI,2015-07-22,2015-07-23,2015-07-30,47.29049097166368,47.025938309420575,5,-0.005594204179474982,-0.006594204179474982,25.64931122980326,0.16351870606042282,max_hold
AMD,2015-07-23,2015-07-24,2015-07-31,1.7599999904632568,1.940000057220459,5,0.1022727657571314,0.1012727657571314,26.546414696871764,-0.6906699377507454,max_hold
CSX,2015-07-23,2015-07-24,2015-07-31,8.66786269985838,8.847682143153524,5,0.020745534340095295,0.019745534340095294,28.011997483486866,-0.6855467787514932,max_hold
INTC,2015-07-23,2015-07-24,2015-07-31,22.205477843676388,22.66468218395707,5,0.020679777463624927,0.019679777463624926,29.936557901275222,-0.09862805641112368,max_hold
BIIB,2015-07-24,2015-07-27,2015-08-03,305.3999938964844,320.3299865722656,5,0.048886682954033756,0.047886682954033755,17.193159023032166,0.13556339653552107,max_hold
AMAT,2015-07-24,2015-07-27,2015-08-03,15.125474505123666,15.309606522382486,5,0.012173635755787116,0.011173635755787115,29.488876964361012,-0.4517398854677737,max_hold
EXC,2015-07-27,2015-07-28,2015-08-03,14.745027568616175,15.328131821985535,4,0.03954582320418698,0.03854582320418698,29.035547153445634,0.12803564150948582,rsi_reversion
ENPH,2015-07-27,2015-07-28,2015-08-04,5.800000190734863,5.46999979019165,5,-0.05689661891224895,-0.057896618912248954,25.662901093153692,-0.3983329446455372,max_hold
ON,2015-07-27,2015-07-28,2015-08-04,10.229999542236328,10.170000076293945,5,-0.005865050696694962,-0.006865050696694962,27.773125352291288,-0.14589540128073777,max_hold
FANG,2015-07-27,2015-07-28,2015-08-04,48.27909509437781,51.27468625858491,5,0.06204737595746579,0.06104737595746579,28.179665837805757,0.13869528262775216,max_hold
ENPH,2015-08-03,2015-08-04,2015-08-05,5.46999979019165,6.0,1,0.09689218101227381,0.09589218101227381,28.47264674131344,-0.3754333392891277,rsi_reversion
BIIB,2015-07-31,2015-08-03,2015-08-10,320.3299865722656,312.20001220703125,5,-0.025379997833578583,-0.026379997833578583,29.442287349573235,0.14555951232819372,max_hold
AMAT,2015-08-03,2015-08-04,2015-08-11,14.993951047374757,15.221927709662049,5,0.015204575602986825,0.014204575602986824,29.82728603515571,-0.4517398854677737,max_hold
AAPL,2015-08-04,2015-08-05,2015-08-12,25.175381665508382,25.195292663101043,5,0.0007908915883463319,-0.00020910841165366813,26.550539554456904,-0.07673692731610106,max_hold
CSX,2015-08-07,2015-08-10,2015-08-17,8.476803317180114,8.291367984116441,5,-0.021875620575960153,-0.022875620575960154,27.45652274022963,-0.7437089623609048,max_hold
JD,2015-08-11,2015-08-12,2015-08-19,23.630270819717175,23.376185118664672,5,-0.010752551377468444,-0.011752551377468445,29.35494988244261,-0.37774663335952363,max_hold
MELI,2015-08-19,2015-08-20,2015-08-27,111.41931837109146,105.57966023993319,5,-0.0524115406244795,-0.0534115406244795,26.98402222874195,-0.18100098674104867,max_hold
CSX,2015-08-19,2015-08-20,2015-08-27,8.021638976488127,7.544917511124517,5,-0.05942943415440505,-0.06042943415440505,27.290091162991573,-0.7811795807519779,max_hold
ASML,2015-08-20,2015-08-21,2015-08-28,79.63633728886738,83.2455190082302,5,0.04532079000910261,0.044320790009102606,25.018706930915897,0.005733637144405179,max_hold
MU,2015-08-20,2015-08-21,2015-08-28,14.032225466383037,15.845980223925835,5,0.12925638644333404,0.12825638644333404,26.315488697612054,-0.6305082676354619,max_hold
JD,2015-08-20,2015-08-21,2015-08-28,21.054339455932094,23.016953691343627,5,0.09321661406283455,0.09221661406283455,26.601893704587198,-0.4986754969141811,max_hold
ON,2015-08-20,2015-08-21,2015-08-28,9.199999809265137,9.789999961853027,5,0.06413045269780482,0.06313045269780482,28.791796051324923,-0.42857255292833346,max_hold
NXPI,2015-08-20,2015-08-21,2015-08-28,68.82824274462473,75.43303475803526,5,0.09596049165335319,0.09496049165335319,29.142514348866897,-0.5148672138009068,max_hold
BKR,2015-08-20,2015-08-21,2015-08-28,27.15190408657138,28.408984906343015,5,0.04629807234746952,0.04529807234746952,29.189329139827677,-0.31251587763722105,max_hold
ENPH,2015-08-20,2015-08-21,2015-08-28,4.519999980926514,4.659999847412109,5,0.030973421919550104,0.029973421919550103,29.297942771895393,-0.6622577372538969,max_hold
ILMN,2015-08-20,2015-08-21,2015-08-28,193.33657836914062,195.52529907226562,5,0.011320779138575876,0.010320779138575875,29.71259817922339,0.244418588640014,max_hold
MRVL,2015-08-20,2015-08-21,2015-08-28,10.327078711386196,10.05531520131995,5,-0.026315623000588984,-0.027315623000588984,29.865667366706703,-0.08783427253239802,max_hold
INTC,2015-08-21,2015-08-24,2015-08-28,19.776610706166164,21.715022424912878,4,0.09801536509703035,0.09701536509703035,27.50161643255555,0.35751717441284975,rsi_reversion
INTU,2015-08-21,2015-08-24,2015-08-31,75.1411714963007,78.0167664327121,5,0.03826923215527689,0.03726923215527689,17.366219579939383,0.360087596180326,max_hold
QCOM,2015-08-21,2015-08-24,2015-08-31,39.52151009334638,41.6125689383064,5,0.05290938630687747,0.05190938630687747,21.823367810785385,0.05490763979433739,max_hold
PCAR,2015-08-21,2015-08-24,2015-08-31,24.237534509598152,26.180964238236047,5,0.08018264926526619,0.07918264926526619,22.407639313544365,0.45566590077499963,max_hold
WDAY,2015-08-21,2015-08-24,2015-08-31,65.83999633789062,72.62000274658203,5,0.10297701679532967,0.10197701679532967,24.772902971993403,0.15531053237395068,max_hold
AAPL,2015-08-21,2015-08-24,2015-08-31,21.2412541787492,25.08335089063926,5,0.18087899516469608,0.17987899516469608,26.687846186956293,0.0001416234738744449,max_hold
AMAT,2015-08-21,2015-08-24,2015-08-31,12.939205758921869,14.077009863426424,5,0.0879346171398514,0.0869346171398514,26.948949592023254,-0.45178590246941486,max_hold
ALGN,2015-08-21,2015-08-24,2015-08-31,53.38999938964844,57.06999969482422,5,0.06892677181579598,0.06792677181579598,27.879729977250662,0.15617307588140703,max_hold
GILD,2015-08-21,2015-08-24,2015-08-31,66.6520676277719,73.57689961561513,5,0.10389523137550594,0.10289523137550594,28.501870878056778,0.34286203419178,max_hold
MELI,2015-08-26,2015-08-27,2015-09-03,105.57966023993319,109.13897723866394,5,0.03371214673964751,0.03271214673964751,25.038214859997424,-0.18100098674104867,max_hold
CSX,2015-08-26,2015-08-27,2015-09-03,7.544917511124517,7.655248105583599,5,0.014623167754505895,0.013623167754505894,26.413325474860656,-0.47128940753061876,max_hold
INTU,2015-08-28,2015-08-31,2015-09-08,78.0167664327121,79.09401996078374,5,0.013807974584549632,0.01280797458454963,29.364253188941234,0.360087596180326,max_hold
ADSK,2015-09-01,2015-09-02,2015-09-10,46.11000061035156,45.970001220703125,5,-0.0030362044631377927,-0.004036204463137793,27.49232237689779,-0.23773623568972593,max_hold
DLTR,2015-09-02,2015-09-03,2015-09-11,67.52999877929688,65.9000015258789,5,-0.024137380170036193,-0.025137380170036194,27.149361948377205,0.04236177973207041,max_hold
JD,2015-09-04,2015-09-08,2015-09-15,21.098146519143025,21.282140603025617,5,0.00872086482647405,0.007720864826474051,29.199606623996402,-0.6792665807560434,max_hold
DLTR,2015-09-10,2015-09-11,2015-09-18,65.9000015258789,67.13999938964844,5,0.018816355615448366,0.017816355615448365,28.37709607624562,-0.32231043297841155,max_hold
LULU,2015-09-10,2015-09-11,2015-09-18,54.599998474121094,53.36000061035156,5,-0.02271058422020389,-0.02371058422020389,29.41263729079982,0.48684085083124273,max_hold
MRVL,2015-09-11,2015-09-14,2015-09-21,7.835895911924762,7.890248473342189,5,0.006936355718395015,0.005936355718395015,21.03009275789782,-0.33002157015734035,max_hold
MRVL,2015-09-18,2015-09-21,2015-09-28,7.890248473342189,8.297898669659103,5,0.051665064502618874,0.05066506450261887,25.29727475661872,-0.45699775220040495,max_hold
MELI,2015-09-22,2015-09-23,2015-09-30,94.33659778098202,87.3753985138634,5,-0.07379107823328745,-0.07479107823328746,28.03723511897266,-0.18100098674104867,max_hold
ODFL,2015-09-24,2015-09-25,2015-10-02,19.574988467720473,19.4983996828767,5,-0.003912583906247047,-0.004912583906247047,29.10547046214667,0.43715508691906246,max_hold
QCOM,2015-09-29,2015-09-30,2015-10-02,38.979145039955114,39.03798955126676,2,0.0015096408926191796,0.0005096408926191795,29.736223752547673,0.03739800997367067,rsi_reversion
CHTR,2015-09-29,2015-09-30,2015-10-02,169.0,180.0,2,0.06508875739644981,0.06408875739644981,29.96078352277557,-0.0051613217392910025,rsi_reversion
VRTX,2015-09-25,2015-09-28,2015-10-05,103.72000122070312,116.76000213623047,5,0.12572310800286113,0.12472310800286113,26.537799045525475,0.3381835643596424,max_hold
ILMN,2015-09-25,2015-09-28,2015-10-05,168.48248291015625,160.50584411621094,5,-0.04734402447166497,-0.04834402447166497,27.206120912533493,0.22493474402051314,max_hold
PCAR,2015-09-25,2015-09-28,2015-10-05,23.307885114608858,23.259183851137628,5,-0.0020894758675769065,-0.0030894758675769065,27.263344315952537,0.15793127402874732,max_hold
ENPH,2015-09-25,2015-09-28,2015-10-05,3.869999885559082,4.190000057220459,5,0.08268738530341024,0.08168738530341024,29.971292533268368,-0.6622577372538969,rsi_reversion
HON,2015-09-28,2015-09-29,2015-10-05,69.06813268099393,72.90567800939708,4,0.05556173562889977,0.054561735628899766,29.610665607152896,0.19693879249183407,rsi_reversion
ISRG,2015-09-28,2015-09-29,2015-10-06,51.78555679321289,51.85444259643555,5,0.0013302126594434416,0.00033021265944344156,26.63170793783833,0.11063474054690019,max_hold
AMGN,2015-09-28,2015-09-29,2015-10-06,95.60691094714863,102.93678836191826,5,0.07666681563241351,0.07566681563241351,26.87047886155848,0.25319025154319397,max_hold
EBAY,2015-09-28,2015-09-29,2015-10-06,21.341109224154568,22.64626693725586,5,0.0611569763967128,0.0601569763967128,28.8489708588299,0.08164955218586742,max_hold
LRCX,2015-09-28,2015-09-29,2015-10-06,5.351294595682202,5.607433000749003,5,0.04786475505823806,0.04686475505823806,29.05172430461647,-0.05567135919635603,max_hold
GILD,2015-09-28,2015-09-29,2015-10-06,65.38111011849227,67.95289045225881,5,0.03933521974627863,0.038335219746278626,29.071920579564576,0.012884684064122734,max_hold
REGN,2015-09-28,2015-09-29,2015-10-06,440.43373977361665,463.624884004401,5,0.05265523990669885,0.05165523990669885,29.231729149879442,0.25749047158620636,max_hold
LULU,2015-09-28,2015-09-29,2015-10-06,50.29999923706055,51.209999084472656,5,0.018091448533097187,0.017091448533097187,29.233518280104335,0.5422805598576717,max_hold
MELI,2015-09-29,2015-09-30,2015-10-07,87.3753985138634,95.15710941957863,5,0.08906066281895741,0.08806066281895741,21.060054779325426,-0.31426541946622394,max_hold
ADSK,2015-09-30,2015-10-01,2015-10-08,43.68000030517578,45.880001068115234,5,0.05036631748097231,0.04936631748097231,29.22066341569895,-0.009411051790975218,rsi_reversion
PCAR,2015-10-02,2015-10-05,2015-10-08,23.259183851137628,24.29066612171923,3,0.044347311461281125,0.043347311461281124,28.57974245765442,0.1401153549951787,rsi_reversion
ILMN,2015-10-06,2015-10-07,2015-10-14,142.17898559570312,141.7704315185547,5,-0.0028735194264938313,-0.0038735194264938313,24.9581904848107,-0.19480483961343703,max_hold
TSLA,2015-10-12,2015-10-13,2015-10-20,14.218667030334473,15.1813325881958,5,0.067704346392496,0.066704346392496,28.14815830588259,-0.14226095767954433,max_hold
ILMN,2015-10-13,2015-10-14,2015-10-21,141.7704315185547,149.64981079101562,5,0.05557843894570991,0.054578438945709906,29.48048393973103,-0.33096095317473345,max_hold
DXCM,2015-10-13,2015-10-14,2015-10-21,18.747499465942383,20.274999618530273,5,0.08147754079752456,0.08047754079752456,29.63738482775676,0.2252411439082151,max_hold
BIIB,2015-10-13,2015-10-14,2015-10-21,260.44000244140625,285.0,5,0.09430194028706951,0.0933019402870695,29.990976423461987,-0.04614312091446659,max_hold
FTNT,2015-10-23,2015-10-26,2015-11-02,7.007999897003174,6.892000198364258,5,-0.01655246865635951,-0.01755246865635951,25.450184581887143,0.02796120470604092,max_hold
NXPI,2015-10-29,2015-10-30,2015-11-06,64.25843409594927,69.74047774839349,5,0.08531243765228624,0.08431243765228624,29.900267883362986,-0.24103614951548885,max_hold
FTNT,2015-10-30,2015-11-02,2015-11-09,6.892000198364258,6.800000190734863,5,-0.013348810937531597,-0.014348810937531598,29.01292136590807,0.02796120470604092,max_hold
ENPH,2015-11-04,2015-11-05,2015-11-12,2.4000000953674316,1.8300000429153442,5,-0.23750001241763385,-0.23850001241763386,27.496112748178547,-0.4367391292672866,max_hold
QCOM,2015-11-05,2015-11-06,2015-11-13,37.97874394073863,38.471593963924015,5,0.012976996394467921,0.01197699639446792,28.03320086440975,0.001896480094479054,max_hold
ENPH,2015-11-11,2015-11-12,2015-11-19,1.8300000429153442,1.8700000047683716,5,0.021857902139337693,0.020857902139337692,24.02591764187642,-0.5463091979772803,max_hold
FTNT,2015-11-11,2015-11-12,2015-11-19,6.547999858856201,6.668000221252441,5,0.018326262214856115,0.017326262214856114,29.86757205708824,-0.1770328355783694,max_hold
ROST,2015-11-13,2015-11-16,2015-11-20,40.33599529046039,45.30722458798269,4,0.12324548487583775,0.12224548487583775,29.59009389251098,-0.08122563320900629,rsi_reversion
CSCO,2015-11-13,2015-11-16,2015-11-23,18.803934227749394,19.943573681024404,5,0.0606064369015511,0.059606436901551096,28.055888029643313,0.08504685986892643,max_hold
LULU,2015-11-17,2015-11-18,2015-11-23,44.36000061035156,49.52000045776367,3,0.11632100487861585,0.11532100487861585,28.502403789392687,0.43312423068367156,rsi_reversion
QCOM,2015-11-18,2015-11-19,2015-11-27,35.68369522436894,36.15481971917414,5,0.013202794493196501,0.0122027944931965,28.49015304233454,-0.3308932333212555,max_hold
ENPH,2015-11-18,2015-11-19,2015-11-27,1.8700000047683716,1.7599999904632568,5,-0.058823536911562724,-0.059823536911562725,28.66577136561665,-0.6331259145849591,max_hold
ENPH,2015-11-25,2015-11-27,2015-12-04,1.7599999904632568,2.109999895095825,5,0.19886358325515863,0.19786358325515863,28.422975778711262,-0.6331259145849591,max_hold
CSX,2015-12-10,2015-12-11,2015-12-18,7.199156012959531,7.247546907984932,5,0.006721745568270876,0.005721745568270876,29.103379429035584,-0.39513242447760333,max_hold
CTSH,2015-12-11,2015-12-14,2015-12-21,51.280534343217525,51.820418869640925,5,0.010528059688496683,0.009528059688496682,25.76644492029338,-0.2791638443339046,max_hold
FTNT,2015-12-11,2015-12-14,2015-12-21,6.073999881744385,6.300000190734863,5,0.03720782242188214,0.03620782242188214,26.391142087407218,-0.1770328355783694,max_hold
EXC,2015-12-11,2015-12-14,2015-12-21,12.679756480889415,13.206654064757139,5,0.04155423526168267,0.04055423526168267,29.255856586897863,0.3394922559930177,rsi_reversion
ODFL,2015-12-14,2015-12-15,2015-12-22,18.825057241746023,18.458056284388622,5,-0.019495343501189866,-0.020495343501189867,28.880501091713853,0.27254258636195955,max_hold
AAPL,2015-12-18,2015-12-21,2015-12-29,24.122650434311574,24.05069228904836,5,-0.002983011566625393,-0.003983011566625393,29.205923675082857,-0.30582981667801334,max_hold
FANG,2015-12-21,2015-12-22,2015-12-30,47.3287246048642,49.7008584750961,5,0.05012038439734545,0.04912038439734545,25.6882420500463,0.22933984753388637,max_hold
FTNT,2016-01-05,2016-01-06,2016-01-13,5.875999927520752,5.900000095367432,5,0.004084439779223459,0.0030844397792234588,29.180810894813604,-0.0810696796798046,max_hold
EBAY,2016-01-05,2016-01-06,2016-01-13,22.778546576384937,23.290029012367725,5,0.022454568568174293,0.021454568568174293,29.61023733815233,0.020277340347865394,max_hold
AAPL,2016-01-05,2016-01-06,2016-01-13,22.611613274859756,22.557645994841828,5,-0.002386706307149322,-0.003386706307149322,29.86196740006828,-0.29908094109304934,max_hold
ADI,2016-01-06,2016-01-07,2016-01-14,41.03300445262803,41.10620759549899,5,0.0017840064077070394,0.0007840064077070394,27.8496390374375,0.23117092800947622,max_hold
ON,2016-01-06,2016-01-07,2016-01-14,9.109999656677246,8.300000190734863,5,-0.08891322683516101,-0.08991322683516101,29.69015673085096,0.441244899811186,max_hold
WDAY,2016-01-06,2016-01-07,2016-01-14,72.80999755859375,71.91000366210938,5,-0.012360856017885502,-0.013360856017885503,29.841276216894414,-0.25994575330216396,max_hold
BKNG,2016-01-06,2016-01-07,2016-01-14,45.79311448846899,42.91104022732624,5,-0.06293684745702266,-0.06393684745702266,29.981504722988547,,max_hold
PAYX,2016-01-07,2016-01-08,2016-01-15,34.6901508899172,32.93849039107887,5,-0.05049446179686268,-0.05149446179686268,25.734548563842765,0.1317376161430191,max_hold
MAR,2016-01-07,2016-01-08,2016-01-15,56.34455613895004,53.326748643263315,5,-0.053559876986954635,-0.054559876986954636,26.608925150818465,-0.007776248322158511,max_hold
PANW,2016-01-07,2016-01-08,2016-01-15,27.608333587646484,25.531667709350586,5,-0.07521880564443462,-0.07621880564443462,27.176594336023,0.4505218019327876,max_hold
ASML,2016-01-07,2016-01-08,2016-01-15,73.59699127080502,70.76184127724376,5,-0.038522634480112616,-0.03952263448011262,27.80324469507373,-0.20848113153137626,max_hold
MELI,2016-01-07,2016-01-08,2016-01-15,103.70745774479629,99.35610396945502,5,-0.04195796396869644,-0.042957963968696444,28.270112226997327,0.12480385875399672,max_hold
ADSK,2016-01-07,2016-01-08,2016-01-15,56.16999816894531,50.9900016784668,5,-0.09221998681392829,-0.09321998681392829,28.787303971942137,-0.2392842694776477,max_hold
TXN,2016-01-07,2016-01-08,2016-01-15,38.45330941122024,35.74396129311231,5,-0.07045812596086665,-0.07145812596086665,29.208430468054615,0.4855399359080672,max_hold
MCHP,2016-01-07,2016-01-08,2016-01-15,17.414811598223174,16.592679337261117,5,-0.047208794440586344,-0.048208794440586344,29.45404872539926,0.09222081623271602,max_hold
SNPS,2016-01-07,2016-01-08,2016-01-15,43.459999084472656,40.119998931884766,5,-0.07685228308670633,-0.07785228308670633,29.809917359964203,0.4620233035989069,max_hold
ADP,2016-01-07,2016-01-08,2016-01-15,62.25240263585264,60.60403516661378,5,-0.0264787767129413,-0.0274787767129413,29.82932729247301,0.12528489803730808,max_hold
INTC,2016-01-07,2016-01-08,2016-01-15,25.361187590686036,23.496036815754593,5,-0.0735435108573711,-0.0745435108573711,29.890409185433,0.2871289471884894,max_hold
CMCSA,2016-01-07,2016-01-08,2016-01-15,19.645223911390868,19.0901707458546,5,-0.028253847756575245,-0.029253847756575246,29.94170751732365,-0.019860257310265916,max_hold
ORLY,2016-01-08,2016-01-11,2016-01-19,15.718000411987305,15.727333068847656,5,0.0005937559877675636,-0.00040624401223243647,27.987259043673617,0.5337071872846991,max_hold
VRTX,2016-01-12,2016-01-13,2016-01-21,104.30000305175781,97.05999755859375,5,-0.06941519924569206,-0.07041519924569206,26.731733509752004,0.18152992040508628,max_hold
FTNT,2016-01-12,2016-01-13,2016-01-21,5.900000095367432,5.25600004196167,5,-0.1091525496603667,-0.1101525496603667,27.673706887430555,-0.0810696796798046,max_hold
REGN,2016-01-12,2016-01-13,2016-01-21,470.4108657042472,457.83951617706026,5,-0.026724190369979084,-0.027724190369979085,28.39520449171711,0.443829875270112,max_hold
ON,2016-01-13,2016-01-14,2016-01-22,8.300000190734863,8.5,5,0.024096362008327654,0.023096362008327653,21.599301745115213,0.441244899811186,max_hold
BKNG,2016-01-13,2016-01-14,2016-01-22,42.91104022732624,43.443233641587604,5,0.012402249198388393,0.011402249198388392,21.982705166903784,,max_hold
SIRI,2016-01-13,2016-01-14,2016-01-22,29.449158145407527,29.52854119955802,5,0.0026955967215949173,0.0016955967215949172,24.111456019207537,0.3555347905046358,max_hold
CSX,2016-01-13,2016-01-14,2016-01-22,6.447639812729301,6.524500604585286,5,0.011920763890104658,0.010920763890104657,25.884789440105266,-0.6869572264867528,max_hold
ODFL,2016-01-14,2016-01-15,2016-01-25,16.383762863624764,16.760322488340712,5,0.022983708190258634,0.021983708190258633,27.349322456461948,-0.34355453180912754,max_hold
SNPS,2016-01-14,2016-01-15,2016-01-25,40.119998931884766,41.54999923706055,5,0.03564307934313793,0.03464307934313793,27.47047193323226,0.4620233035989069,max_hold
WDAY,2016-01-14,2016-01-15,2016-01-25,68.44999694824219,69.43000030517578,5,0.014317069402860705,0.013317069402860704,27.83095590244561,-0.25994575330216396,max_hold
MU,2016-01-14,2016-01-15,2016-01-25,11.067806155865114,10.785019047693634,5,-0.02555042112131889,-0.02655042112131889,28.32154733325389,-0.5211484290770986,max_hold
PAYX,2016-01-14,2016-01-15,2016-01-25,32.93849039107887,34.346963256778544,5,0.042760698774499506,0.041760698774499505,28.736139932181118,0.1317376161430191,max_hold
ADSK,2016-01-14,2016-01-15,2016-01-25,50.9900016784668,48.810001373291016,5,-0.04275348565239212,-0.04375348565239212,28.85738938426654,-0.2392842694776477,max_hold
TXN,2016-01-14,2016-01-15,2016-01-25,35.74396129311231,37.58005153715133,5,0.05136784445860587,0.05036784445860587,29.86123284400901,0.19976053757650084,max_hold
NVDA,2016-01-15,2016-01-19,2016-01-26,0.673366860848644,0.6930788251125706,5,0.029273736814258378,0.028273736814258377,25.159483587480366,-0.04260738285902825,max_hold
NXPI,2016-01-15,2016-01-19,2016-01-26,61.3024952243256,63.8110813995456,5,0.04092143665670167,0.03992143665670167,25.648652271824375,-0.19655596627083602,max_hold
CSCO,2016-01-15,2016-01-19,2016-01-26,17.30038477781529,16.893314516968566,5,-0.023529549549020423,-0.024529549549020424,26.894274770266023,0.18960867520665745,max_hold
PANW,2016-01-15,2016-01-19,2016-01-26,26.041667938232422,24.44333267211914,5,-0.0613760712218715,-0.0623760712218715,27.25244436501437,0.4505218019327876,max_hold
MCHP,2016-01-15,2016-01-19,2016-01-26,17.082716743279157,17.459363831546536,5,0.022048430230839244,0.021048430230839243,27.97410775215903,0.2919176743452103,rsi_reversion
AVGO,2016-01-15,2016-01-19,2016-01-26,9.333000543522381,9.50329661264301,5,0.018246658009553496,0.017246658009553495,29.009927001854138,0.06664643073882931,max_hold
FTNT,2016-01-20,2016-01-21,2016-01-28,5.25600004196167,5.263999938964844,5,0.0015220504070216911,0.0005220504070216911,22.98718938861738,-0.4042615188213949,max_hold
AMD,2016-01-20,2016-01-21,2016-01-28,1.8200000524520874,2.1600000858306885,5,0.18681319976915312,0.18581319976915311,29.324974425146465,0.0323576144493703,max_hold
GILD,2016-01-20,2016-01-21,2016-01-28,62.41059350453985,62.15506515797632,5,-0.004094310472226859,-0.005094310472226859,29.428156194249937,0.10991162296885434,max_hold
BKNG,2016-01-21,2016-01-22,2016-01-29,43.443233641587604,40.84756269726992,5,-0.059748566732677144,-0.060748566732677145,28.194142275486556,,max_hold
VRTX,2016-01-21,2016-01-22,2016-01-29,97.0,92.72000122070312,5,-0.04412369875563793,-0.04512369875563793,29.10949713621774,0.26454835900447177,max_hold
ADSK,2016-01-22,2016-01-25,2016-02-01,48.810001373291016,46.650001525878906,5,-0.04425322242654284,-0.04525322242654284,28.16904087256887,-0.2392842694776477,max_hold
PANW,2016-01-25,2016-01-26,2016-02-02,24.44333267211914,24.92333221435547,5,0.019637238042577998,0.018637238042577997,27.06514592834688,0.4505218019327876,max_hold
MU,2016-01-25,2016-01-26,2016-02-02,10.28769588470459,10.531482892878765,5,0.023696949336987183,0.022696949336987182,29.33250602952674,-0.46854791929860334,max_hold
CSX,2016-01-25,2016-01-26,2016-02-02,6.3053078759759575,6.43625449138907,5,0.02076767986414052,0.01976767986414052,29.661872622115553,-0.45382607772348765,max_hold
WDAY,2016-01-27,2016-01-28,2016-02-04,63.2400016784668,62.9900016784668,5,-0.003953194075975608,-0.004953194075975608,26.449195514932498,-0.25994575330216396,max_hold
TSLA,2016-01-27,2016-01-28,2016-02-04,12.719332695007324,11.380000114440918,5,-0.10529896596636157,-0.10629896596636157,28.197587915184556,-0.2231949603569049,max_hold
NFLX,2016-01-27,2016-01-28,2016-02-04,9.383999824523926,8.949999809265137,5,-0.046248936847226196,-0.0472489368472262,28.273710414925574,-0.416150383013449,max_hold
EBAY,2016-01-28,2016-01-29,2016-02-05,20.450429836624032,20.679709756112395,5,0.011211496350935102,0.010211496350935101,27.61285569604304,-0.05706930249062883,max_hold
VRTX,2016-01-28,2016-01-29,2016-02-05,92.72000122070312,89.77999877929688,5,-0.03170839519736535,-0.03270839519736535,28.32115616226757,0.14805348004073351,max_hold
REGN,2016-01-28,2016-01-29,2016-02-05,411.33831284310014,412.2101012933754,5,0.0021193952108413683,0.0011193952108413683,28.55932003556991,0.3089151814639642,max_hold
BKNG,2016-01-28,2016-01-29,2016-02-05,40.84756269726992,41.539176532650465,5,0.016931581463164536,0.015931581463164535,28.689055234453235,,max_hold
GILD,2016-01-29,2016-02-01,2016-02-08,56.851153173924544,58.14261065929124,5,0.022716469469242773,0.021716469469242772,26.293659051190943,-0.13257594862815755,max_hold
TSLA,2016-02-03,2016-02-04,2016-02-11,11.380000114440918,10.133333206176758,5,-0.10954893635564844,-0.11054893635564844,26.664591169569164,0.03699441573967824,max_hold
JD,2016-02-03,2016-02-04,2016-02-11,21.028051780849303,19.74008466821802,5,-0.06124994964128161,-0.06224994964128161,29.386568507469747,0.12049042616172218,max_hold
ILMN,2016-02-04,2016-02-05,2016-02-12,138.77432250976562,136.07003784179688,5,-0.019486923942853007,-0.020486923942853008,29.832008748053738,0.2880091811814665,max_hold
MNST,2016-02-04,2016-02-05,2016-02-12,10.604166984558105,10.15583324432373,5,-0.04227901549336621,-0.04327901549336621,29.891609163870598,0.35882029308437624,max_hold
PANW,2016-02-05,2016-02-08,2016-02-16,20.666667938232422,21.22833251953125,5,0.027177316777794225,0.026177316777794224,25.2618528600362,0.23776942900537074,max_hold
WDAY,2016-02-05,2016-02-08,2016-02-16,51.939998626708984,49.369998931884766,5,-0.049480164858969666,-0.05048016485896967,25.291597868888573,-0.5202829874620905,max_hold
NFLX,2016-02-05,2016-02-08,2016-02-16,8.057000160217285,8.899999618530273,5,0.10462944539525165,0.10362944539525165,26.36674880338306,-0.011033773298199797,max_hold
DXCM,2016-02-05,2016-02-08,2016-02-16,14.984999656677246,14.207500457763672,5,-0.05188516628141027,-0.05288516628141027,27.137119426832868,0.2221946624180725,max_hold
VRTX,2016-02-05,2016-02-08,2016-02-16,85.2300033569336,85.41999816894531,5,0.00222920103870039,0.0012292010387003902,28.138447259145167,-0.0026978823774407848,max_hold
REGN,2016-02-05,2016-02-08,2016-02-16,377.14099941271934,382.7877181848238,5,0.01497243413179028,0.013972434131790279,28.68786233521635,0.38991669179853555,max_hold
SIRI,2016-02-05,2016-02-08,2016-02-16,26.670927047729492,27.702856063842773,5,0.03869115663908396,0.037691156639083956,29.495386825075457,0.33639168234241945,max_hold
ADBE,2016-02-05,2016-02-08,2016-02-16,77.4000015258789,77.12999725341797,5,-0.0034884272240054415,-0.0044884272240054415,29.52461531909431,0.016127329589302727,max_hold
BKNG,2016-02-08,2016-02-09,2016-02-16,37.4493363368472,42.038915955832806,4,0.12255436458749247,0.12155436458749247,28.05834186349152,,rsi_reversion
NVDA,2016-02-08,2016-02-09,2016-02-17,0.6064439627932509,0.6650927234999385,5,0.09670928281082136,0.09570928281082136,27.05904494260274,-0.04260738285902825,max_hold
MELI,2016-02-08,2016-02-09,2016-02-17,84.38463707016686,96.34590020939432,5,0.14174692876004813,0.14074692876004813,27.305716677689148,0.12480385875399672,rsi_reversion
AMZN,2016-02-08,2016-02-09,2016-02-17,23.90049934387207,26.437000274658203,5,0.10612752873033493,0.10512752873033493,28.22495478986201,-0.20277099350445377,max_hold
AZN,2016-02-08,2016-02-09,2016-02-17,41.212563137850886,44.709438342874186,5,0.08484973849664934,0.08384973849664934,28.628613954713217,0.444508512015471,rsi_reversion
EBAY,2016-02-08,2016-02-09,2016-02-17,19.5685659090988,20.353424399862806,5,0.04010812516409645,0.03910812516409645,29.15477579326273,-0.030504692296754718,max_hold
ON,2016-02-09,2016-02-10,2016-02-18,7.110000133514404,7.940000057220459,5,0.11673697723206566,0.11573697723206566,27.861765510550725,0.2200442901488392,max_hold
TSLA,2016-02-10,2016-02-11,2016-02-19,10.133333206176758,10.910667419433594,5,0.076710614112937,0.075710614112937,18.62119253902516,0.07806830159925238,max_hold
MNST,2016-02-11,2016-02-12,2016-02-22,10.15583324432373,10.715832710266113,5,0.05514067161898084,0.05414067161898084,27.42316275265091,0.35882029308437624,max_hold
WDAY,2016-02-12,2016-02-16,2016-02-23,49.369998931884766,57.09000015258789,5,0.1563702934519875,0.1553702934519875,24.042383953656824,-0.22818327319052134,max_hold
DXCM,2016-02-12,2016-02-16,2016-02-23,14.207500457763672,15.892499923706055,5,0.11859928992799129,0.11759928992799129,29.613691475735706,0.2221946624180725,max_hold
XEL,2016-04-21,2016-04-22,2016-04-29,28.08581933365229,28.71558472329825,5,0.022422895417951283,0.021422895417951282,29.685125035657308,0.07040735458052104,max_hold
MNST,2016-04-22,2016-04-25,2016-04-29,10.19333267211914,11.97249984741211,4,0.17454224565429488,0.17354224565429488,29.7482620076141,-0.141636781355206,rsi_reversion
AAPL,2016-04-27,2016-04-28,2016-05-05,22.067374663291364,21.38062881628272,5,-0.03112041452538683,-0.03212041452538683,26.605135443037284,-0.2454952846164822,max_hold
MSFT,2016-04-28,2016-04-29,2016-05-06,43.247253629704815,43.7467734976608,5,0.011550325767111458,0.010550325767111457,29.435736931982873,-0.012042632021731354,max_hold
GOOGL,2016-04-28,2016-04-29,2016-05-06,34.87414758399669,35.27433652858169,5,0.011475232294097637,0.010475232294097636,29.981581577332136,0.05283758273989072,max_hold
AAPL,2016-05-04,2016-05-05,2016-05-12,21.38062881628272,21.089483696513835,5,-0.013617238401667509,-0.01461723840166751,26.285057889509318,-0.06416873370628447,max_hold
GILD,2016-05-04,2016-05-05,2016-05-12,59.92175540439032,58.36038135668619,5,-0.0260568809636329,-0.0270568809636329,28.151846082301404,0.014700626577888938,max_hold
AAPL,2016-05-11,2016-05-12,2016-05-19,21.089483696513835,21.526187447743215,5,0.020707180769037548,0.019707180769037547,26.63261252311527,-0.06295772819093765,max_hold
GILD,2016-05-11,2016-05-12,2016-05-19,58.36038135668619,57.118235632367075,5,-0.021284057702217307,-0.022284057702217308,29.075144968986123,0.014700626577888938,max_hold
JD,2016-05-12,2016-05-13,2016-05-20,19.6962770339084,20.309593758942825,5,0.031138713370986837,0.030138713370986836,28.28928802137557,-0.1265046296888033,max_hold
ENPH,2016-05-12,2016-05-13,2016-05-20,1.7899999618530273,1.8600000143051147,5,0.03910617538763672,0.03810617538763672,29.349578775632395,-0.6766841943558201,max_hold
TSLA,2016-05-12,2016-05-13,2016-05-20,13.85200023651123,14.465999603271484,5,0.04432568266508308,0.043325682665083076,29.980127216197076,-0.12450866174673048,max_hold
LRCX,2016-05-17,2016-05-18,2016-05-20,6.3673924376995235,6.542984089184632,2,0.027576696929418,0.026576696929417998,29.129202146654734,0.24244701789932963,rsi_reversion
GILD,2016-05-19,2016-05-20,2016-05-27,57.02107240554571,59.553955078125,5,0.04442011638372745,0.04342011638372745,28.610033414963,0.014700626577888938,max_hold
ODFL,2016-06-13,2016-06-14,2016-06-21,18.892070029111462,18.777182477205166,5,-0.006081257994982159,-0.007081257994982159,29.166208810175107,-0.29697594565385554,max_hold
AZN,2016-06-14,2016-06-15,2016-06-22,41.41933476678192,43.53761387980414,5,0.05114227751241107,0.05014227751241107,28.84931446888723,0.27365972647426845,rsi_reversion
BIIB,2016-06-15,2016-06-16,2016-06-23,236.91000366210938,237.17999267578125,5,0.0011396269026147099,0.00013962690261470987,29.39117858694479,0.267445168277689,max_hold
REGN,2016-06-21,2016-06-22,2016-06-29,344.191966739588,340.07083133301444,5,-0.011973363136890347,-0.012973363136890348,28.074673648094134,0.5810061813296401,max_hold
ADI,2016-06-27,2016-06-28,2016-06-30,44.21532830627704,46.04902488820593,2,0.04147196576777579,0.040471965767775786,29.848386907497883,0.037638572628763904,rsi_reversion
TSLA,2016-06-24,2016-06-27,2016-07-01,12.723999977111816,13.742667198181152,4,0.08005872547168624,0.07905872547168624,29.55206561221057,0.1552942224860303,rsi_reversion
GILD,2016-06-27,2016-06-28,2016-07-01,55.597380728902756,58.02587313851116,3,0.0436799787646458,0.0426799787646458,28.94950604536176,-0.1731697806287657,rsi_reversion
NFLX,2016-06-27,2016-06-28,2016-07-01,8.741000175476074,9.5,3,0.08683214841402132,0.08583214841402131,29.59089070384823,0.1802746763066872,rsi_reversion
GOOGL,2016-06-24,2016-06-27,2016-07-05,33.80284579665207,34.91822880903291,5,0.03299671924342262,0.03199671924342262,29.290496035320018,-0.07024892107130369,max_hold
NXPI,2016-06-24,2016-06-27,2016-07-05,67.97746827533288,67.94236702399687,5,-0.0005163659698805834,-0.0015163659698805834,29.607660747616464,-0.03380309060795354,max_hold
BIIB,2016-06-24,2016-06-27,2016-07-05,227.0,244.6199951171875,5,0.07762112386426212,0.07662112386426212,29.79444868032209,0.022619302423704624,max_hold
PYPL,2016-06-27,2016-06-28,2016-07-06,34.07994499818165,35.543621419366346,5,0.042948321109754994,0.041948321109754994,26.288621790831897,-0.035636932261568534,max_hold
PANW,2016-06-27,2016-06-28,2016-07-06,19.84166717529297,19.668333053588867,5,-0.008735864792648984,-0.009735864792648985,27.55287436782244,-0.30891688810384227,max_hold
GOOG,2016-06-27,2016-06-28,2016-07-06,33.62996896607735,34.17530074476774,5,0.016215649180065128,0.015215649180065127,27.910558489607723,-0.07068671878850977,max_hold
ON,2016-06-27,2016-06-28,2016-07-06,8.510000228881836,8.369999885559082,5,-0.016451273743520067,-0.017451273743520068,28.598387039482688,-0.09851623213221451,max_hold
ADSK,2016-06-27,2016-06-28,2016-07-06,51.119998931884766,52.52000045776367,5,0.02738657189223237,0.02638657189223237,28.623084928567437,-0.3831610315230018,max_hold
PCAR,2016-06-27,2016-06-28,2016-07-06,22.652882352252423,23.1891549788956,5,0.023673483060748568,0.022673483060748567,29.04555024463896,-0.47527989998679876,max_hold
FTNT,2016-06-27,2016-06-28,2016-07-06,6.0879998207092285,6.25600004196167,5,0.02759530653745479,0.026595306537454788,29.224309324432554,-0.23418758716112315,max_hold
META,2016-06-27,2016-06-28,2016-07-06,109.58047443075705,112.28456258250826,5,0.024676733385197158,0.023676733385197157,29.805319828825986,-0.012482085717534857,rsi_reversion
KLAC,2016-08-11,2016-08-12,2016-08-19,5.802508886338577,5.9672691143782846,5,0.028394653289996352,0.02739465328999635,27.579034700455807,-0.040719320156796586,max_hold
DLTR,2016-08-25,2016-08-26,2016-09-02,85.13999938964844,83.11000061035156,5,-0.023843067815944696,-0.024843067815944697,20.190861582253177,-0.09947738990012461,max_hold
DLTR,2016-09-01,2016-09-02,2016-09-12,83.11000061035156,81.33999633789062,5,-0.021297127415018657,-0.022297127415018658,19.44612895352408,-0.2754654165221661,max_hold
COST,2016-09-01,2016-09-02,2016-09-12,132.4679228977166,127.13742546641457,5,-0.0402399110267464,-0.0412399110267464,20.160766511242556,0.17823046843048843,max_hold
TSLA,2016-09-01,2016-09-02,2016-09-12,13.488666534423828,13.0,5,-0.0362279349983724,-0.0372279349983724,24.17418041707728,-0.005837051012733779,max_hold
LULU,2016-09-02,2016-09-06,2016-09-13,68.63999938964844,65.83000183105469,5,-0.040938193233980735,-0.041938193233980736,22.137301556347794,0.2300376767944202,max_hold
HON,2016-09-09,2016-09-12,2016-09-15,85.40349684070645,87.33000002813922,3,0.022557661673105356,0.021557661673105355,25.71695620488785,0.30091488669860084,rsi_reversion
ADI,2016-09-09,2016-09-12,2016-09-15,49.16453812384459,50.61959592009224,3,0.029595677123669395,0.028595677123669394,29.05851193877382,0.22931873589406676,rsi_reversion
DLTR,2016-09-09,2016-09-12,2016-09-19,81.33999633789062,81.2699966430664,5,-0.0008605814848261506,-0.0018605814848261506,17.82746425200179,-0.2754654165221661,max_hold
COST,2016-09-09,2016-09-12,2016-09-19,127.13742546641457,128.5144187111525,5,0.010830746648253342,0.009830746648253341,18.663852852047512,0.17823046843048843,max_hold
MNST,2016-09-09,2016-09-12,2016-09-19,12.263333320617676,12.234167098999023,5,-0.0023783273973004837,-0.0033783273973004837,22.36750781516774,0.11811857301697501,max_hold
TSLA,2016-09-09,2016-09-12,2016-09-19,13.0,13.800000190734863,5,0.061538476210374116,0.060538476210374115,25.643301832730998,-0.07488839297599996,max_hold
MAR,2016-09-09,2016-09-12,2016-09-19,60.75422903008871,62.849541003580256,5,0.03448833121483341,0.03348833121483341,26.848657512481637,-0.2926878302356647,max_hold
FAST,2016-09-09,2016-09-12,2016-09-19,7.756073501140661,7.771489168569315,5,0.0019875607711024035,0.0009875607711024035,27.189187401895396,0.20033340340354588,max_hold
KDP,2016-09-09,2016-09-12,2016-09-19,11.42816454475555,11.487716233564695,5,0.005210958293077272,0.004210958293077272,27.54474198271913,,max_hold
LULU,2016-09-12,2016-09-13,2016-09-20,65.83000183105469,66.30000305175781,5,0.007139620349841946,0.006139620349841946,24.817046871784086,0.3301968011013887,max_hold
ENPH,2016-09-16,2016-09-19,2016-09-26,1.4700000286102295,1.2200000286102295,5,-0.17006802390089437,-0.17106802390089437,20.281804188705976,-0.667401409100267,max_hold
DLTR,2016-09-16,2016-09-19,2016-09-26,81.2699966430664,79.61000061035156,5,-0.02042569338356759,-0.02142569338356759,27.835359046359088,-0.2754654165221661,max_hold
FAST,2016-09-16,2016-09-19,2016-09-26,7.771489168569315,7.748368493234839,5,-0.0029750637018172155,-0.0039750637018172155,29.606157188867456,0.20033340340354588,max_hold
COST,2016-09-16,2016-09-19,2016-09-26,128.5144187111525,128.47214072828353,5,-0.00032897462629455365,-0.0013289746262945537,29.895712108530716,-0.05785952630550612,max_hold
LULU,2016-09-19,2016-09-20,2016-09-27,66.30000305175781,64.19000244140625,5,-0.0318250454484047,-0.0328250454484047,25.139832226182264,0.3301968011013887,max_hold
SBUX,2016-09-19,2016-09-20,2016-09-27,43.045588824009755,43.52925761653006,5,0.011236198777481388,0.010236198777481387,29.297705195484895,0.06433739884983633,max_hold
CTSH,2016-09-20,2016-09-21,2016-09-28,46.134187034838725,47.449070389807176,5,0.028501279408597924,0.027501279408597923,28.71954280739108,-0.35156178270549376,max_hold
DLTR,2016-09-23,2016-09-26,2016-10-03,79.61000061035156,78.45999908447266,5,-0.01444544048564389,-0.015445440485643891,27.404080274247164,-0.2754654165221661,max_hold
ENPH,2016-09-23,2016-09-26,2016-10-03,1.2200000286102295,1.190000057220459,5,-0.02459013990675485,-0.02559013990675485,29.19785645974835,-0.7007373112331329,max_hold
LULU,2016-09-26,2016-09-27,2016-10-04,64.19000244140625,60.150001525878906,5,-0.06293816422915899,-0.06393816422915899,22.491386352420648,0.3301968011013887,max_hold
COST,2016-09-27,2016-09-28,2016-10-05,127.22193448950553,127.24721094227486,5,0.00019867999076383924,-0.0008013200092361608,28.83195990646631,0.1439633111618986,max_hold
CTSH,2016-09-30,2016-10-03,2016-10-10,42.37240560740023,44.20975367957469,5,0.043361901356234744,0.042361901356234744,21.537629560973585,-0.4722810346130874,max_hold
ENPH,2016-09-30,2016-10-03,2016-10-10,1.190000057220459,1.190000057220459,5,0.0,-0.001,28.999244991192683,-0.7007373112331329,max_hold
LULU,2016-10-03,2016-10-04,2016-10-11,60.150001525878906,57.7400016784668,5,-0.04006649686243535,-0.04106649686243535,17.75774216302584,0.3301968011013887,max_hold
DXCM,2016-10-03,2016-10-04,2016-10-11,21.247499465942383,20.857500076293945,5,-0.018355072335620837,-0.019355072335620838,27.71544647718801,0.20769472343512985,max_hold
DLTR,2016-10-04,2016-10-05,2016-10-12,76.5,77.37999725341797,5,0.011503232070823044,0.010503232070823043,28.039574641762044,-0.41743977346856437,max_hold
KDP,2016-10-04,2016-10-05,2016-10-12,11.027752323693068,11.050562537218191,5,0.0020684372350396885,0.0010684372350396884,28.816253338282124,,max_hold
HON,2016-10-07,2016-10-10,2016-10-17,82.77205222631251,83.99893102649898,5,0.014822379863579815,0.013822379863579815,26.574537403737992,0.06681839882914613,max_hold
AEP,2016-10-07,2016-10-10,2016-10-17,43.66275453132158,44.03619467326031,5,0.008552830574874548,0.007552830574874548,29.83953102308952,-0.20980241875591477,max_hold
LULU,2016-10-10,2016-10-11,2016-10-18,57.7400016784668,55.5,5,-0.03879462440857828,-0.03979462440857828,14.025992064448687,0.3301968011013887,max_hold
ENPH,2016-10-10,2016-10-11,2016-10-18,1.0199999809265137,1.149999976158142,5,0.12745097810055195,0.12645097810055195,26.062493501271604,-0.7007373112331329,max_hold
ILMN,2016-10-11,2016-10-12,2016-10-19,136.1575927734375,142.2178955078125,5,0.04450947325764765,0.043509473257647646,22.37818242295215,-0.11180310266609467,max_hold
DXCM,2016-10-11,2016-10-12,2016-10-19,20.549999237060547,20.577499389648438,5,0.0013382069882657,0.00033820698826569993,28.926207000513273,0.20769472343512985,max_hold
AZN,2016-10-11,2016-10-12,2016-10-19,47.16395558518253,47.042164390031374,5,-0.0025822939072865925,-0.0035822939072865925,29.812370632125862,0.454482187555856,max_hold
FTNT,2016-10-12,2016-10-13,2016-10-20,6.119999885559082,6.223999977111816,5,0.016993479329654226,0.015993479329654225,20.135636225390144,-0.15937561398826616,max_hold
GILD,2016-10-12,2016-10-13,2016-10-20,50.752866896009586,51.349623018607495,5,0.011758077111597265,0.010758077111597264,28.279659270048867,0.14674130582038586,max_hold
VRTX,2016-10-12,2016-10-13,2016-10-20,79.55000305175781,81.4000015258789,5,0.02325579387995025,0.022255793879950247,28.90858722853379,-0.3342457821764516,max_hold
LULU,2016-10-17,2016-10-18,2016-10-25,55.5,54.4900016784668,5,-0.01819816795555318,-0.01919816795555318,15.119222697319131,0.3301968011013887,max_hold
FTNT,2016-10-19,2016-10-20,2016-10-27,6.223999977111816,6.093999862670898,5,-0.02088690792400083,-0.02188690792400083,26.124007869990976,-0.15937561398826616,max_hold
AMGN,2016-10-21,2016-10-24,2016-10-31,118.26712575986375,108.76033170051629,5,-0.080384079669363,-0.08138407966936301,28.869947103426895,0.27328452761280725,max_hold
DXCM,2016-10-21,2016-10-24,2016-10-31,20.190000534057617,19.280000686645508,5,-0.04507180898173191,-0.04607180898173191,29.95105556517288,0.20769472343512985,max_hold
AZN,2016-10-25,2016-10-26,2016-11-02,44.8346859513511,43.31228948365714,5,-0.03395577409298389,-0.03495577409298389,28.233080244090743,0.36138333811462064,max_hold
PCAR,2016-10-25,2016-10-26,2016-11-02,25.32819737907367,25.34212806543923,5,0.0005500070201231999,-0.0004499929798768001,28.661468114849654,-0.2703130033452843,max_hold
LULU,2016-10-25,2016-10-26,2016-11-02,55.22999954223633,57.279998779296875,5,0.037117495094180386,0.036117495094180385,29.028103916728426,-0.24683134985029936,max_hold
ILMN,2016-10-25,2016-10-26,2016-11-02,134.4552459716797,131.52723693847656,5,-0.021776829993080726,-0.022776829993080727,29.5940836572168,0.0990732195212091,max_hold
FTNT,2016-10-26,2016-10-27,2016-11-03,6.093999862670898,6.22599983215332,5,0.02166064529981271,0.020660645299812708,26.221249854531862,-0.321802416229528,max_hold
ALGN,2016-10-26,2016-10-27,2016-11-03,84.9000015258789,85.70999908447266,5,0.009540607114675304,0.008540607114675303,29.24519535412314,0.5101703132708159,max_hold
CMCSA,2016-10-26,2016-10-27,2016-11-03,22.72463908010465,22.329267292694873,5,-0.017398374777970682,-0.018398374777970683,29.810122429583217,0.17164626002332234,max_hold
ENPH,2016-10-31,2016-11-01,2016-11-03,0.9900000095367432,1.2100000381469727,2,0.2222222489807606,0.2212222489807606,29.519235829185888,-0.7007373112331329,rsi_reversion
ORLY,2016-10-27,2016-10-28,2016-11-04,16.868000030517578,17.31133270263672,5,0.026282468064801057,0.025282468064801056,25.03656163565161,0.05286938177152591,max_hold
VRTX,2016-10-27,2016-10-28,2016-11-04,75.3499984741211,77.38999938964844,5,0.02707366896932295,0.02607366896932295,29.096588580610856,-0.10897625657826113,max_hold
CHTR,2016-10-27,2016-10-28,2016-11-04,245.02000427246094,241.5,5,-0.014366191376548598,-0.015366191376548599,29.31388997398834,-0.0386923528597347,max_hold
AMGN,2016-10-28,2016-10-31,2016-11-07,108.76033170051629,102.30374860784221,5,-0.059365239069452236,-0.06036523906945224,20.044263537851705,0.3714742911976904,max_hold
EBAY,2016-10-28,2016-10-31,2016-11-07,25.371229745731682,24.992033503977623,5,-0.014945914942016247,-0.015945914942016248,29.69856803361428,-0.009245191782261311,max_hold
REGN,2016-10-31,2016-11-01,2016-11-08,342.28987193345336,359.55696157390213,5,0.050445809403924624,0.04944580940392462,27.770272722555006,-0.10580404927356507,rsi_reversion
AZN,2016-11-01,2016-11-02,2016-11-09,43.31228948365714,43.69288250175305,5,0.008787183098217799,0.007787183098217799,19.81255424270323,0.18034507135632996,max_hold
CMCSA,2016-11-02,2016-11-03,2016-11-09,22.329267292694873,22.488864646741952,4,0.007147451457097054,0.006147451457097054,27.891454404386565,0.004543455768069136,rsi_reversion
PCAR,2016-11-03,2016-11-04,2016-11-09,24.89182587959944,24.780421652432132,3,-0.00447553456729799,-0.00547553456729799,27.926958737915868,-0.4134976876530152,rsi_reversion
DXCM,2016-11-02,2016-11-03,2016-11-10,15.71500015258789,15.6274995803833,5,-0.00556796508781332,-0.00656796508781332,18.051948622102046,-0.03295585416679911,max_hold
PAYX,2016-11-03,2016-11-04,2016-11-10,39.49220756893766,40.822397755825605,4,0.03368234567707984,0.03268234567707984,28.501699569119552,0.425993985379788,rsi_reversion
META,2016-11-03,2016-11-04,2016-11-11,118.4554779122142,118.3960406138323,5,-0.0005017690986478529,-0.001501769098647853,27.644432627585417,0.11951457774949399,max_hold
INTC,2016-11-03,2016-11-04,2016-11-11,27.37346924970318,28.222506955356575,5,0.031016810397995087,0.030016810397995086,29.56794479880722,0.1246029683178095,max_hold
COST,2016-11-04,2016-11-07,2016-11-11,121.49549646205718,124.23247724513777,4,0.02252742581232514,0.02152742581232514,25.737055734097197,0.13562236311457995,rsi_reversion
AMGN,2016-11-04,2016-11-07,2016-11-14,102.30374860784221,110.9295583118072,5,0.08431567583148913,0.08331567583148913,15.030843133159692,0.3001701033153512,max_hold
EBAY,2016-11-04,2016-11-07,2016-11-14,24.992033503977623,25.247767344639456,5,0.010232614349733993,0.009232614349733992,25.800326325951403,-0.009245191782261311,max_hold
MNST,2016-11-04,2016-11-07,2016-11-14,11.379166603088379,10.447500228881836,5,-0.08187474590218957,-0.08287474590218957,27.516501714116316,-0.38277377443900706,max_hold
AZN,2016-11-08,2016-11-09,2016-11-16,43.69288250175305,41.77466541170469,5,-0.043902278362417446,-0.04490227836241745,26.70053881218915,0.18034507135632996,max_hold
JD,2016-11-14,2016-11-15,2016-11-16,22.508778839645462,22.44744791646695,1,-0.0027247556882334933,-0.0037247556882334934,29.02097660692654,-0.0007618472969258014,rsi_reversion
DXCM,2016-11-09,2016-11-10,2016-11-17,15.6274995803833,17.657499313354492,5,0.12989920252625597,0.12889920252625597,23.364717110443195,-0.03295585416679911,max_hold
MNST,2016-11-11,2016-11-14,2016-11-21,10.447500228881836,10.407500267028809,5,-0.0038286634100709316,-0.004828663410070932,19.553160945989234,-0.16618053508151695,max_hold
ISRG,2016-11-11,2016-11-14,2016-11-21,69.0,73.13555908203125,5,0.05993563887001807,0.05893563887001807,26.76514038599379,0.33408784998102237,max_hold
KDP,2016-11-11,2016-11-14,2016-11-21,10.455012956381971,10.577925124000727,5,0.01175629032039871,0.01075629032039871,29.114333289787297,,max_hold
AMZN,2016-11-14,2016-11-15,2016-11-21,36.5,38.29999923706055,4,0.04931504759069982,0.04831504759069982,29.349479405589975,0.07862093035879929,rsi_reversion
AAPL,2016-11-14,2016-11-15,2016-11-21,24.496156727620768,25.312157547067688,4,0.03331138139424272,0.03231138139424272,29.572733548444788,-0.35298044141739765,rsi_reversion
META,2016-11-14,2016-11-15,2016-11-22,115.62260754541818,121.2388121222848,5,0.04857358518454524,0.04757358518454524,26.883083176278163,-0.13018341666518882,max_hold
MELI,2016-11-14,2016-11-15,2016-11-22,154.88210369037657,161.47048828033397,5,0.0425380623905276,0.0415380623905276,29.250190205819365,0.3608494411660978,max_hold
MNST,2016-11-18,2016-11-21,2016-11-22,10.407500267028809,10.932499885559082,1,0.050444353116519514,0.04944435311651951,26.366799028262037,-0.16618053508151695,rsi_reversion
AZN,2016-11-22,2016-11-23,2016-12-01,40.23703410865164,39.90210753524578,5,-0.008323838494195712,-0.009323838494195713,27.513271846867113,0.12281072323361698,max_hold
AZN,2016-12-01,2016-12-02,2016-12-09,39.49106545397287,40.6633074291211,5,0.029683726221934492,0.02868372622193449,28.685054984342756,0.12281072323361698,max_hold
WDAY,2016-12-02,2016-12-05,2016-12-12,71.44999694824219,70.5999984741211,5,-0.01189641022289789,-0.012896410222897892,22.597301666691763,-0.12758179554010216,max_hold
PANW,2016-12-02,2016-12-05,2016-12-12,21.25,21.65999984741211,5,0.01929411046645213,0.01829411046645213,28.174536544715565,-0.0805643709326311,max_hold
TEAM,2016-12-02,2016-12-05,2016-12-12,25.1299991607666,26.309999465942383,5,0.04695584339764003,0.04595584339764003,29.192321070179943,0.09774508545626442,max_hold
ILMN,2016-12-07,2016-12-08,2016-12-15,118.31712341308594,122.7237319946289,5,0.03724404764438005,0.03624404764438005,27.35259549032486,-0.16583456220619114,rsi_reversion
WDAY,2016-12-09,2016-12-12,2016-12-19,70.5999984741211,68.81999969482422,5,-0.02521244784373966,-0.02621244784373966,25.899890133297887,-0.12758179554010216,max_hold
WDAY,2016-12-16,2016-12-19,2016-12-27,68.81999969482422,67.86000061035156,5,-0.01394942006291311,-0.01494942006291311,26.268937538205876,-0.12758179554010216,max_hold
TEAM,2016-12-16,2016-12-19,2016-12-27,25.239999771118164,24.40999984741211,5,-0.03288430789352914,-0.03388430789352914,28.747563035183944,0.09774508545626442,max_hold
WDAY,2016-12-23,2016-12-27,2017-01-04,67.86000061035156,68.66999816894531,5,0.011936303438084384,0.010936303438084383,27.24891455568705,-0.12758179554010216,max_hold
DLTR,2016-12-29,2016-12-30,2017-01-09,77.56999969482422,76.73999786376953,5,-0.010700036538869195,-0.011700036538869196,29.506896150997207,0.23306161324428315,max_hold
DXCM,2016-12-30,2017-01-03,2017-01-10,14.875,15.71500015258789,5,0.0564705984933036,0.0554705984933036,29.730568019680945,0.17797232764726692,rsi_reversion
QCOM,2017-01-23,2017-01-24,2017-01-31,42.33372150894165,41.248840553198576,5,-0.025626874205092687,-0.026626874205092688,18.48804029597447,-0.2595013550417411,max_hold
ORLY,2017-01-23,2017-01-24,2017-01-31,17.70400047302246,17.430667877197266,5,-0.015439030079201777,-0.016439030079201777,29.84078416791405,0.13603924444216559,max_hold
QCOM,2017-01-30,2017-01-31,2017-02-07,41.248840553198576,40.948769203077504,5,-0.007274661447370212,-0.008274661447370213,23.74708207432569,-0.2022712338760842,max_hold
ORLY,2017-02-01,2017-02-02,2017-02-08,16.945999145507812,17.546667098999023,4,0.035446003999737075,0.034446003999737074,24.26269891755939,0.13603924444216559,rsi_reversion
CTSH,2017-02-02,2017-02-03,2017-02-08,45.34177540462697,49.63475392567483,3,0.09468042401819532,0.09368042401819532,28.413861699983826,0.17607026369795084,rsi_reversion
ADP,2017-02-01,2017-02-02,2017-02-09,76.94881588382674,78.19317966845922,5,0.016171318172214066,0.015171318172214066,24.59403416574648,-0.23366473036258503,max_hold
SBUX,2017-02-01,2017-02-02,2017-02-09,43.76327562262132,44.92853980022065,5,0.026626530144763683,0.025626530144763682,28.535769751952998,-0.1288670954291965,max_hold
QCOM,2017-02-06,2017-02-07,2017-02-14,40.948769203077504,42.6491972114627,5,0.041525741590723975,0.040525741590723974,23.883657023459648,0.04237592855644449,max_hold
PAYX,2017-02-06,2017-02-07,2017-02-14,42.926203749803946,43.84205271755085,5,0.021335428892919284,0.020335428892919283,28.689478238903405,0.11190806260856188,max_hold
GILD,2017-02-08,2017-02-09,2017-02-16,46.8754078980206,49.46151892124633,5,0.05516988841679904,0.05416988841679904,29.07082170127478,-0.05239206347242834,max_hold
PANW,2017-03-01,2017-03-02,2017-03-09,19.3700008392334,19.161666870117188,5,-0.010755496132671127,-0.011755496132671128,19.088219589360946,-0.23811450452062075,max_hold
PANW,2017-03-08,2017-03-09,2017-03-16,19.161666870117188,19.566667556762695,5,0.021135984118224593,0.020135984118224592,20.64102586120829,-0.23811450452062075,max_hold
BKR,2017-03-08,2017-03-09,2017-03-16,31.131150737728476,31.321172706082802,5,0.006103917261369718,0.005103917261369718,29.551981787652153,0.35062540057098796,max_hold
PANW,2017-03-15,2017-03-16,2017-03-23,19.566667556762695,18.661666870117188,5,-0.0462521624604757,-0.0472521624604757,28.034360812195118,-0.23811450452062075,max_hold
PANW,2017-03-22,2017-03-23,2017-03-30,18.661666870117188,19.051666259765625,5,0.020898422009286932,0.01989842200928693,24.649617734206913,-0.23811450452062075,max_hold
LULU,2017-03-30,2017-03-31,2017-04-07,51.22999954223633,50.869998931884766,5,-0.007027144516266515,-0.008027144516266516,21.50786406714947,-0.41726038086356815,max_hold
INTU,2017-03-30,2017-03-31,2017-04-07,107.35270226529022,109.98789211927303,5,0.024547028611079824,0.023547028611079823,24.808196616309857,0.080872676590393,max_hold
PANW,2017-03-31,2017-04-03,2017-04-10,18.80500030517578,18.676666259765625,5,-0.006824463883408405,-0.007824463883408406,29.280718550920255,-0.23811450452062075,max_hold
PAYX,2017-04-03,2017-04-04,2017-04-11,43.41764498055813,43.380408823664325,5,-0.0008576272828818565,-0.0018576272828818565,28.52625784970175,-0.10679286916066127,max_hold
ROST,2017-04-05,2017-04-06,2017-04-13,57.349060364973376,58.22393340521179,5,0.015255228850667546,0.014255228850667545,28.98039827209587,0.21855762202939166,max_hold
LULU,2017-04-06,2017-04-07,2017-04-17,50.869998931884766,51.560001373291016,5,0.013564034910442446,0.012564034910442445,27.47662881059786,-0.2814262318906149,max_hold
ORLY,2017-04-06,2017-04-07,2017-04-17,17.035999298095703,16.84600067138672,5,-0.011152772630732777,-0.012152772630732778,29.322565230799967,0.02108884160374507,max_hold
ORLY,2017-04-13,2017-04-17,2017-04-20,16.84600067138672,17.333332061767578,3,0.028928610409508115,0.027928610409508114,28.975218118033283,0.02108884160374507,rsi_reversion
QCOM,2017-04-12,2017-04-13,2017-04-21,41.261704129031656,40.98210989181452,5,-0.006776119482191145,-0.007776119482191145,25.460528730693895,0.021303005965151944,max_hold
FAST,2017-04-12,2017-04-13,2017-04-21,9.088204820591123,8.912303784676052,5,-0.01935487143913539,-0.02035487143913539,25.90015848239615,0.43307425353328666,max_hold
ADI,2017-04-12,2017-04-13,2017-04-21,64.6281313395761,64.90556132986426,5,0.004292712546962729,0.003292712546962729,26.426587683856397,0.012864164504749274,max_hold
ODFL,2017-04-13,2017-04-17,2017-04-24,25.949781136621983,27.444860123436193,5,0.057614319710167505,0.056614319710167504,28.087308811351647,0.18041898666460543,rsi_reversion
QCOM,2017-04-20,2017-04-21,2017-04-28,40.98210989181452,40.22880631942918,5,-0.018381278425486647,-0.019381278425486648,24.06810932120709,0.23855741601325492,max_hold
KDP,2017-04-27,2017-04-28,2017-05-05,11.786615945965696,11.692981374834241,5,-0.0079441437271488,-0.008944143727148801,27.69573935792502,,max_hold
ORLY,2017-05-01,2017-05-02,2017-05-09,16.022666931152344,16.909332275390625,5,0.05533818733474183,0.05433818733474183,29.979913504408472,-0.13435758874973228,max_hold
AMD,2017-05-02,2017-05-03,2017-05-10,10.289999961853027,10.460000038146973,5,0.01652090154753827,0.015520901547538268,27.606620724680653,0.014483414000437518,max_hold
ADP,2017-05-03,2017-05-04,2017-05-11,79.87418286102823,78.42797420991147,5,-0.018106083834785514,-0.019106083834785514,27.72954349691014,-0.27692683994893336,max_hold
EXC,2017-05-09,2017-05-10,2017-05-15,17.22042465820549,17.74573207798639,3,0.030504905088422962,0.02950490508842296,29.809973908229708,0.21807759344754563,rsi_reversion
KDP,2017-05-08,2017-05-09,2017-05-16,11.69682666380799,11.840489293188218,5,0.012282188452424014,0.011282188452424013,29.765610992652498,,max_hold
AMD,2017-05-09,2017-05-10,2017-05-16,10.460000038146973,11.65999984741211,4,0.11472273469300309,0.11372273469300309,29.338441547560052,0.014483414000437518,rsi_reversion
ENPH,2017-05-11,2017-05-12,2017-05-19,0.8999999761581421,0.7099999785423279,5,-0.2111111140545504,-0.2121111140545504,25.592886616603906,-0.16758322282454255,max_hold
BIIB,2017-05-11,2017-05-12,2017-05-19,255.41000366210938,253.41000366210938,5,-0.00783054685142981,-0.00883054685142981,28.253063325348464,0.21406101877448175,max_hold
SIRI,2017-05-17,2017-05-18,2017-05-22,37.87319946933359,39.151627030110006,2,0.0337554676839904,0.0327554676839904,29.76019743276116,-0.06666471054734464,rsi_reversion
FAST,2017-05-17,2017-05-18,2017-05-25,8.30786652469153,8.612941279659376,5,0.036721191182013335,0.035721191182013334,22.87456324028348,0.18221285339731494,max_hold
ENPH,2017-05-18,2017-05-19,2017-05-26,0.7099999785423279,0.7200000286102295,5,0.014084577986089863,0.013084577986089863,18.12325439808008,-0.16758322282454255,max_hold
CSCO,2017-05-18,2017-05-19,2017-05-26,24.100848785212065,23.926216358017378,5,-0.007245903609081172,-0.008245903609081173,28.125196124166038,-0.08245880333733503,max_hold
AMGN,2017-05-22,2017-05-23,2017-05-31,115.66948559519709,116.44236462068011,5,0.006681788386159404,0.005681788386159404,26.428440970646477,0.2427644579905147,max_hold
BIIB,2017-05-23,2017-05-24,2017-06-01,249.3000030517578,250.02999877929688,5,0.0029281817834054813,0.0019281817834054813,28.58685203248743,-0.1611874493030473,max_hold
ENPH,2017-05-25,2017-05-26,2017-06-05,0.7200000286102295,0.8299999833106995,5,0.15277770879092323,0.15177770879092323,26.185269561534625,-0.16758322282454255,max_hold
FANG,2017-06-08,2017-06-09,2017-06-16,66.95965801765202,65.72799652747132,5,-0.01839408274540477,-0.019394082745404773,29.632562309664067,0.11073348933335356,max_hold
DLTR,2017-06-15,2017-06-16,2017-06-23,69.66999816894531,67.3499984741211,5,-0.03329983860769403,-0.03429983860769403,29.85936752589481,-0.27684848108082855,max_hold
COST,2017-06-19,2017-06-20,2017-06-27,146.7249411613953,142.43399575216935,5,-0.02924482623922786,-0.030244826239227862,27.790102420428255,-0.03449150263921405,max_hold
ROST,2017-06-20,2017-06-21,2017-06-28,52.63310634326556,51.82913490186555,5,-0.01527501409771681,-0.01627501409771681,27.22233364129619,0.35891059180247087,max_hold
ORLY,2017-06-20,2017-06-21,2017-06-28,14.983332633972168,14.6813325881958,5,-0.020155732583259423,-0.021155732583259423,27.908513662937537,-0.44594378338188895,max_hold
DLTR,2017-06-22,2017-06-23,2017-06-30,67.3499984741211,70.01000213623047,5,0.03949522973087327,0.03849522973087327,21.964030617346026,-0.1189178189877627,max_hold
INTC,2017-06-23,2017-06-26,2017-07-03,28.3786534602944,27.75740412750771,5,-0.021891430953759117,-0.022891430953759118,29.22538835299052,0.04355696675542161,max_hold
COST,2017-06-26,2017-06-27,2017-07-05,142.43399575216935,140.9002610945711,5,-0.010768037851489387,-0.011768037851489388,29.82203020559497,0.32345442229757465,max_hold
ROST,2017-06-27,2017-06-28,2017-07-06,51.82913490186555,51.99359416156635,5,0.00317310447130148,0.00217310447130148,27.914039772830918,0.35891059180247087,max_hold
TMUS,2017-06-27,2017-06-28,2017-07-06,58.00869767546976,56.63002949856004,5,-0.02376657694717943,-0.02476657694717943,28.298201296092003,0.504124894326113,max_hold
ORLY,2017-06-27,2017-06-28,2017-07-06,14.6813325881958,11.866666793823242,5,-0.1917173238508082,-0.1927173238508082,29.738779524697733,-0.44594378338188895,max_hold
KHC,2017-06-29,2017-06-30,2017-07-10,55.718872783780476,53.28435537733566,5,-0.04369286894751212,-0.04469286894751212,25.860028938748073,0.11303069987267832,max_hold
MDLZ,2017-06-29,2017-06-30,2017-07-10,34.690416685682735,34.43576191302342,5,-0.007340781604517677,-0.008340781604517677,28.974902547651155,-0.35449275204494496,max_hold
ORLY,2017-07-05,2017-07-06,2017-07-13,11.866666793823242,11.854000091552734,5,-0.0010674187192228901,-0.00206741871922289,14.568515069139536,-0.5528828852000316,max_hold
TMUS,2017-07-05,2017-07-06,2017-07-13,56.63002949856004,58.47459979028246,5,0.03257229968014275,0.031572299680142746,28.34643155627208,0.504124894326113,max_hold
SBUX,2017-07-05,2017-07-06,2017-07-13,47.21285114521739,48.02968650302737,5,0.017301123274626073,0.016301123274626073,29.768845585182305,0.15346447602051283,max_hold
COST,2017-07-06,2017-07-07,2017-07-14,139.50838070842752,136.7600297764327,5,-0.019700256845062714,-0.020700256845062714,29.15720070465251,0.5383614845581496,max_hold
KHC,2017-07-07,2017-07-10,2017-07-17,53.28435537733566,54.74762208327039,5,0.027461469610968292,0.02646146961096829,20.502314183641673,0.11303069987267832,max_hold
DLTR,2017-07-10,2017-07-11,2017-07-18,66.52999877929688,69.87000274658203,5,0.050202976530408616,0.049202976530408615,27.880764548176145,-0.14191525526012203,max_hold
ROST,2017-07-10,2017-07-11,2017-07-18,50.075005151134285,50.056730878470965,5,-0.0003649380086565568,-0.0013649380086565568,28.596317673134337,0.35891059180247087,max_hold
ORLY,2017-07-12,2017-07-13,2017-07-20,11.854000091552734,12.483332633972168,5,0.05309031023779909,0.05209031023779909,19.453195907552796,-0.6843485666704557,max_hold
AZN,2017-07-13,2017-07-14,2017-07-20,51.74838179564191,52.9595023191356,4,0.023404026975693437,0.022404026975693436,29.8674354843793,0.026254222645313595,rsi_reversion
COST,2017-07-17,2017-07-18,2017-07-25,135.29723325849235,134.23332314757207,5,-0.007863502344409579,-0.00886350234440958,29.93240523509543,0.33308737781337006,max_hold
COST,2017-07-24,2017-07-25,2017-07-31,134.23332314757207,135.71390368695012,4,0.011029903042408806,0.010029903042408805,28.81735070855389,0.33308737781337006,rsi_reversion
ROST,2017-07-24,2017-07-25,2017-08-01,48.73199090449173,50.66885560099648,5,0.03974524045817773,0.03874524045817773,26.425123171603985,0.4507069732551478,max_hold
AZN,2017-07-27,2017-07-28,2017-08-04,46.1331191151827,47.108328063315746,5,0.021139020444253864,0.020139020444253863,21.853273462823893,-0.03526931691965262,max_hold
SBUX,2017-07-28,2017-07-31,2017-08-07,44.50097167568835,45.41582344513497,5,0.020558017836415532,0.01955801783641553,27.690929747105486,0.16877959199136894,max_hold
CSX,2017-08-02,2017-08-03,2017-08-10,14.127860732802853,14.851912982292948,5,0.051249956605882385,0.050249956605882384,29.07612088588256,-0.3814868705784961,max_hold
KLAC,2017-08-04,2017-08-07,2017-08-14,7.744647648547018,8.010523560687904,5,0.03433027869134464,0.03333027869134464,29.86038368036033,0.48633244713077983,max_hold
MRVL,2017-08-10,2017-08-11,2017-08-16,14.217927717054692,14.964250558820689,3,0.052491675061110854,0.05149167506111085,29.649686592890447,-0.10289277231425281,rsi_reversion
MELI,2017-08-10,2017-08-11,2017-08-18,233.92858435789321,233.84867098265565,5,-0.00034161440961533174,-0.0013416144096153318,25.62730804863537,-0.05611299611439962,max_hold
BKNG,2017-08-10,2017-08-11,2017-08-18,72.40304021150695,70.70842081732765,5,-0.023405362388497775,-0.024405362388497776,29.269788539767816,,max_hold
BKNG,2017-08-17,2017-08-18,2017-08-25,70.70842081732765,71.22457315093659,5,0.007299729334111493,0.006299729334111493,28.0259094700031,,max_hold
PCAR,2017-08-17,2017-08-18,2017-08-25,29.96317481994629,30.538661133914474,5,0.019206453168810533,0.018206453168810532,29.770189391331073,0.30617788317037403,max_hold
BKR,2017-08-21,2017-08-22,2017-08-29,25.62164627713936,25.998665369818145,5,0.01471486603946981,0.013714866039469809,28.89276051971315,0.32356575795083575,max_hold
BKNG,2017-08-25,2017-08-28,2017-09-05,70.33253366293408,72.12015325027947,5,0.02541668121772056,0.02441668121772056,28.659440384446043,,max_hold
MDLZ,2017-08-28,2017-08-29,2017-09-06,32.860009634729046,32.45412875172422,5,-0.012351818746147325,-0.013351818746147326,29.41426640220392,-0.22259210797888768,max_hold
KHC,2017-08-28,2017-08-29,2017-09-06,52.63487687890997,52.280892418870856,5,-0.006725283329786835,-0.007725283329786835,29.58224729882612,0.11234542216647249,max_hold
CMCSA,2017-09-15,2017-09-18,2017-09-25,27.08334355883617,27.957247632761145,5,0.03226721516220832,0.03126721516220832,29.290481233500344,-0.014762119819114579,max_hold
KHC,2017-09-20,2017-09-21,2017-09-28,51.48279108190584,50.38221651381476,5,-0.021377523342511306,-0.022377523342511307,29.170094282571796,-0.3422732302501757,max_hold
KDP,2017-09-25,2017-09-26,2017-10-03,11.392645421022452,11.406933042017247,5,0.0012541091613744726,0.00025410916137447257,28.693980159867735,,max_hold
PEP,2017-09-27,2017-09-28,2017-10-05,84.02554315306458,82.73540072448412,5,-0.015354169460473188,-0.01635416946047319,27.7493799403058,-0.29574923461214586,max_hold
KHC,2017-09-27,2017-09-28,2017-10-05,50.38221651381476,50.169813216318744,5,-0.004215838686608353,-0.005215838686608353,29.453242687596372,-0.3422732302501757,max_hold
DXCM,2017-09-28,2017-09-29,2017-10-06,11.4375,12.050000190734863,5,0.0535519292445783,0.0525519292445783,12.601702265800029,0.14185781179836032,max_hold
JD,2017-09-29,2017-10-02,2017-10-09,33.64488606184499,34.52105239730257,5,0.0260415902091935,0.0250415902091935,29.133612114855396,0.6354443970981241,max_hold
PEP,2017-10-04,2017-10-05,2017-10-12,82.73540072448412,84.13116287955826,5,0.016870192721035293,0.015870192721035292,25.869910797962135,-0.28625474645636234,rsi_reversion
KHC,2017-10-04,2017-10-05,2017-10-12,50.169813216318744,50.427259307767656,5,0.005131493919239283,0.004131493919239283,29.510639183461876,-0.4709707017993384,max_hold
DXCM,2017-10-05,2017-10-06,2017-10-13,12.050000190734863,11.614999771118164,5,-0.03609961931379613,-0.03709961931379613,23.386166523496698,0.14185781179836032,max_hold
DXCM,2017-10-12,2017-10-13,2017-10-20,11.614999771118164,11.274999618530273,5,-0.029272506180614388,-0.03027250618061439,24.77348715891155,0.14185781179836032,max_hold
BKR,2017-10-13,2017-10-16,2017-10-23,26.73700378207274,25.998666718141667,5,-0.027614801940751943,-0.028614801940751944,29.989990252280705,0.1379453584747171,max_hold
MELI,2017-10-16,2017-10-17,2017-10-24,232.06083274156094,226.3934893260566,5,-0.024421800734533705,-0.025421800734533706,28.726638723205298,0.029807564798775485,max_hold
DXCM,2017-10-19,2017-10-20,2017-10-27,11.274999618530273,11.1274995803833,5,-0.013082043737239535,-0.014082043737239536,22.913039726462628,0.14185781179836032,max_hold
KHC,2017-10-19,2017-10-20,2017-10-27,49.4103423347897,49.44253112900834,5,0.0006514586359376295,-0.0003485413640623705,28.077819097374515,0.022460933181050864,max_hold
BKR,2017-10-20,2017-10-23,2017-10-30,25.998666718141667,24.490585545052976,5,-0.0580060965986523,-0.0590060965986523,28.769607003427836,-0.07572208751536694,max_hold
CHTR,2017-10-23,2017-10-24,2017-10-31,345.0,324.3399963378906,5,-0.05988406858582429,-0.06088406858582429,29.57937923245234,-0.0389006316658889,max_hold
MELI,2017-10-23,2017-10-24,2017-10-31,226.3934893260566,236.1289278293064,5,0.043002290093371975,0.042002290093371974,29.96855027548733,0.029807564798775485,max_hold
MDLZ,2017-10-30,2017-10-31,2017-11-01,33.871341360301734,33.48725417786415,1,-0.011339591731898246,-0.012339591731898247,27.79235793742717,0.038151584613369906,rsi_reversion
KHC,2017-10-30,2017-10-31,2017-11-02,49.03060871091064,49.45540575255881,2,0.008663915313652737,0.007663915313652737,25.66143400188787,-0.10319602740846229,rsi_reversion
DXCM,2017-10-26,2017-10-27,2017-11-03,11.1274995803833,11.927499771118164,5,0.07189397626625715,0.07089397626625715,22.66934037995523,0.14185781179836032,max_hold
VRTX,2017-10-26,2017-10-27,2017-11-03,141.41000366210938,143.0500030517578,5,0.01159747788117671,0.010597477881176709,26.14989832236401,-0.014743840166675177,max_hold
REGN,2017-10-26,2017-10-27,2017-11-03,409.4263680517779,396.2803994407206,5,-0.03210826081771756,-0.03310826081771756,29.095211381303812,0.06000363079218618,max_hold
CHTR,2017-10-30,2017-10-31,2017-11-06,324.3399963378906,338.0,4,0.042116309478768876,0.041116309478768875,28.889432852831874,-0.3778466761200305,rsi_reversion
AMD,2017-10-30,2017-10-31,2017-11-07,10.760000228881836,11.9399995803833,5,0.10966536490716128,0.10866536490716128,25.4874403349166,-0.4556815725814804,max_hold
AMGN,2017-10-30,2017-10-31,2017-11-07,132.85093172341792,130.15039754332358,5,-0.02032755167812128,-0.02132755167812128,29.420273800451,-0.15212947699158821,max_hold
GILD,2017-10-31,2017-11-01,2017-11-08,53.94465074539731,52.95514842180072,5,-0.01834291834174151,-0.01934291834174151,27.36004749541796,-0.061962446538583495,max_hold
REGN,2017-11-02,2017-11-03,2017-11-10,396.2803994407206,401.6596446455592,5,0.01357434082642106,0.01257434082642106,22.50664042272497,0.12169294104701923,max_hold
TSLA,2017-11-02,2017-11-03,2017-11-10,19.96666717529297,20.166667938232422,5,0.010016732446311183,0.009016732446311182,27.86103948333124,-0.3395888820878422,max_hold
SIRI,2017-11-02,2017-11-03,2017-11-10,42.42342758178711,42.350563198861856,5,-0.0017175505865192342,-0.0027175505865192342,29.987750586772336,0.4364534848481974,max_hold
AMGN,2017-11-06,2017-11-07,2017-11-14,130.15039754332358,130.3640357167253,5,0.0016414715393444634,0.0006414715393444634,27.256561331526783,0.08391891542162422,max_hold
TMUS,2017-11-06,2017-11-07,2017-11-14,53.03598324346514,53.61597210269057,5,0.010935761416224876,0.009935761416224875,28.22724338234272,0.12148336504263624,max_hold
BKNG,2017-11-07,2017-11-08,2017-11-15,64.47148122631761,67.04174519182398,5,0.039866680842709945,0.038866680842709944,18.5923755590607,,max_hold
GILD,2017-11-07,2017-11-08,2017-11-15,52.95514842180072,51.012318685669634,5,-0.0366882124596456,-0.0376882124596456,27.32488189301,-0.061962446538583495,max_hold
TTD,2017-11-10,2017-11-13,2017-11-20,5.10699987411499,5.019999980926514,5,-0.017035421055997757,-0.018035421055997758,23.817540244971894,0.5061412473460281,max_hold
GILD,2017-11-14,2017-11-15,2017-11-22,51.012318685669634,52.34847851845346,5,0.026192885703099522,0.02519288570309952,24.89394880860293,-0.31947541894387427,max_hold
REGN,2017-11-14,2017-11-15,2017-11-22,381.27200488406237,380.9550152515571,5,-0.0008314002298743794,-0.0018314002298743795,28.026349719020658,0.21981297121515267,max_hold
EBAY,2017-11-14,2017-11-15,2017-11-22,30.891693309946426,31.791202296902195,5,0.029118150887059047,0.028118150887059046,29.612462793478343,0.27794473212673193,max_hold
AMGN,2017-11-15,2017-11-16,2017-11-24,129.73440232441848,130.1875587945951,5,0.0034929553153020265,0.0024929553153020265,29.5976967355396,-0.06589904276432242,max_hold
REGN,2017-11-27,2017-11-28,2017-12-05,367.31377380678447,375.070535154072,5,0.021117534654085057,0.020117534654085056,29.032075796130343,-0.017587599808092106,max_hold
EBAY,2017-11-29,2017-11-30,2017-12-05,30.406673413384347,31.694197700993456,3,0.04234347737106847,0.04134347737106847,28.364298923147913,0.32354535693624636,rsi_reversion
ADSK,2017-11-29,2017-11-30,2017-12-07,109.63999938964844,106.19999694824219,5,-0.031375432876288745,-0.032375432876288746,26.2965383126473,0.05392779813743007,max_hold
TTD,2017-12-04,2017-12-05,2017-12-12,4.5,4.815000057220459,5,0.07000001271565748,0.06900001271565748,26.716377857147094,0.4952491286360779,max_hold
AMD,2017-12-04,2017-12-05,2017-12-12,9.890000343322754,10.130000114440918,5,0.02426691231413347,0.02326691231413347,27.67704353452926,-0.2987621743490005,max_hold
WDAY,2017-12-04,2017-12-05,2017-12-12,96.4800033569336,104.55999755859375,5,0.08374786401869971,0.08274786401869971,28.62504984459534,0.141594475462138,max_hold
AZN,2017-12-04,2017-12-05,2017-12-12,51.297434019178404,53.24584632578479,5,0.03798264657600492,0.03698264657600492,29.36434823540729,0.36619772311996357,rsi_reversion
LRCX,2017-12-04,2017-12-05,2017-12-12,16.015775853935526,16.420620280544362,5,0.02527785293082463,0.024277852930824628,29.6009457686296,-0.025142363571012797,max_hold
ON,2017-12-04,2017-12-05,2017-12-12,18.850000381469727,19.329999923706055,5,0.025464166181565995,0.024464166181565994,29.740798964752585,-0.06835363891837032,max_hold
ADSK,2017-12-06,2017-12-07,2017-12-14,106.19999694824219,105.94999694824219,5,-0.0023540490318643137,-0.0033540490318643137,26.734244886980903,0.05392779813743007,max_hold
ADSK,2017-12-13,2017-12-14,2017-12-21,105.94999694824219,105.58000183105469,5,-0.003492167322744155,-0.004492167322744155,29.51468268831107,0.05392779813743007,max_hold
ADSK,2017-12-22,2017-12-26,2018-01-03,103.44999694824219,107.0,5,0.03431612524390837,0.03331612524390837,29.714502273576315,0.16437233464813455,rsi_reversion
XEL,2017-12-26,2017-12-27,2018-01-04,36.48174696265779,36.1909972081423,5,-0.00796973222836872,-0.00896973222836872,28.52967037278937,0.026824245592832887,max_hold
EXC,2017-12-26,2017-12-27,2018-01-04,20.462551486276638,20.462552569501714,5,5.293695060082371e-08,-0.0009999470630493992,29.401578368491926,-0.18798671805359185,max_hold
AEP,2018-01-03,2018-01-04,2018-01-11,52.76805603118194,51.229499035722014,5,-0.029156976989085148,-0.03015697698908515,27.77355651009276,-0.03621916254020752,max_hold
XEL,2018-01-04,2018-01-05,2018-01-12,36.099188228855645,34.775496300055636,5,-0.036668190996658634,-0.037668190996658635,29.89274178941365,0.026824245592832887,max_hold
EXC,2018-01-05,2018-01-08,2018-01-16,20.100245698985454,20.200014114379883,5,0.004963542082446537,0.003963542082446537,29.712234050135663,-0.1585458450352889,max_hold
AEP,2018-01-10,2018-01-11,2018-01-19,51.229499035722014,50.1252533397442,5,-0.02155487983998894,-0.02255487983998894,23.441070560418368,-0.03621916254020752,max_hold
XEL,2018-01-11,2018-01-12,2018-01-22,34.775496300055636,34.81374991323524,5,0.0011000163117598216,0.0001000163117598216,23.70431201806744,0.026824245592832887,max_hold
AEP,2018-01-18,2018-01-19,2018-01-26,50.1252533397442,51.22213775375858,5,0.021882870228701057,0.020882870228701056,24.438349532802363,0.15113070343406504,max_hold
XEL,2018-01-19,2018-01-22,2018-01-29,34.81374991323524,34.84436059428132,5,0.000879269860970755,-0.00012073013902924503,26.86381540500055,0.026824245592832887,max_hold
SBUX,2018-02-01,2018-02-02,2018-02-09,46.10999144248588,44.95021939422455,5,-0.025152293721588337,-0.026152293721588338,29.845397753703182,-0.04742356176843711,max_hold
AAPL,2018-02-02,2018-02-05,2018-02-12,37.158783638850124,37.169582206382735,5,0.0002906060552887446,-0.0007093939447112554,24.843974339498118,-0.23420558382270357,max_hold
KHC,2018-02-05,2018-02-06,2018-02-13,47.90460319133029,46.39947300150712,5,-0.0314193227697076,-0.032419322769707604,26.895041793445998,0.08167416824843582,max_hold
AVGO,2018-02-05,2018-02-06,2018-02-13,17.757464768392037,18.968743106703545,5,0.0682123464193809,0.0672123464193809,27.71716943296053,0.1307949283992236,max_hold
XEL,2018-02-05,2018-02-06,2018-02-13,33.08453852612161,33.60482700616479,5,0.01572603104717296,0.01472603104717296,28.906551811564512,0.026824245592832887,max_hold
REGN,2018-02-05,2018-02-06,2018-02-13,325.36958577075694,337.65368777009326,5,0.037754303218713314,0.03675430321871331,29.480607467760294,-0.09908450364580865,max_hold
CSX,2018-02-05,2018-02-06,2018-02-13,15.209897488233608,15.63115700976974,5,0.027696407675463997,0.026696407675463996,29.539485136554518,-0.17530956794668526,max_hold
ILMN,2018-02-05,2018-02-06,2018-02-13,204.2801513671875,213.3852081298828,5,0.044571421656768084,0.04357142165676808,29.699600926054558,0.37363172418470203,max_hold
AMAT,2018-02-05,2018-02-06,2018-02-13,43.13968157951734,44.82304938218079,5,0.03902133119737061,0.03802133119737061,29.928683112285825,0.395178547911268,max_hold
AEP,2018-02-06,2018-02-07,2018-02-14,47.79161456143726,48.434236283433954,5,0.013446327936265767,0.012446327936265766,26.013219108659626,-0.21074085421389135,max_hold
PEP,2018-02-06,2018-02-07,2018-02-14,86.58372455655847,84.83638646438926,5,-0.02018090699052566,-0.02118090699052566,29.556717797391826,0.11800378466026037,max_hold
EXC,2018-02-06,2018-02-07,2018-02-14,19.149842042934697,19.38303365976713,5,0.012177208371202619,0.011177208371202618,29.780465805773503,-0.27783566314834307,max_hold
FANG,2018-02-09,2018-02-12,2018-02-14,85.15366202710135,88.19488565349617,2,0.035714537155512094,0.03471453715551209,29.05681871951623,-0.20680800511894748,rsi_reversion
SNPS,2018-02-08,2018-02-09,2018-02-15,83.31999969482422,86.95999908447266,4,0.0436869827530082,0.042686982753008196,27.373443996053865,0.028157618037838096,rsi_reversion
PAYX,2018-02-08,2018-02-09,2018-02-15,48.08623505761864,50.644589700407764,4,0.0532034716322376,0.0522034716322376,28.304520993955904,0.3170296075386681,rsi_reversion
BKR,2018-02-08,2018-02-09,2018-02-16,21.981346275191065,20.654687156369008,5,-0.06035386105169416,-0.06135386105169416,27.30143327312122,-0.6042649647819048,max_hold
GOOGL,2018-02-08,2018-02-09,2018-02-16,50.810497945797835,54.153693874649896,5,0.06579734629679135,0.06479734629679135,27.487924690990113,-0.1073122938210803,max_hold
SBUX,2018-02-08,2018-02-09,2018-02-16,44.95021939422455,46.98208050581187,5,0.04520247373583208,0.04420247373583208,27.53103039279968,0.05664518000612624,max_hold
GOOG,2018-02-08,2018-02-09,2018-02-16,50.385272206360185,53.90988865216263,5,0.06995330761272589,0.06895330761272589,28.058570750262234,-0.06549461051708758,rsi_reversion
ADP,2018-02-08,2018-02-09,2018-02-16,90.32829555442244,95.39101178786763,5,0.05604795487804726,0.055047954878047256,28.27902047811598,-0.08365986010816882,rsi_reversion
MCHP,2018-02-08,2018-02-09,2018-02-16,34.226276334905954,34.844942072654725,5,0.018075753602147415,0.017075753602147414,28.397671353546556,0.48468961115868897,max_hold
PCAR,2018-02-08,2018-02-09,2018-02-16,32.7901932297779,33.47727833563388,5,0.02095398160789186,0.019953981607891857,28.594931102400366,0.026273790790841973,max_hold
NXPI,2018-02-14,2018-02-15,2018-02-16,101.21183539050486,102.18545577294717,1,0.009619629746716818,0.008619629746716817,29.88777800890483,0.15755715876124124,rsi_reversion
KHC,2018-02-12,2018-02-13,2018-02-21,46.39947300150712,44.7126950538549,5,-0.03635338590154735,-0.037353385901547353,23.467478343670805,0.08167416824843582,max_hold
TMUS,2018-02-13,2018-02-14,2018-02-22,54.528746325001904,56.8106852866937,5,0.04184836651279289,0.04084836651279289,29.931089366544867,0.11120096146069175,max_hold
PEP,2018-02-14,2018-02-15,2018-02-23,83.21061719039074,83.08147157622513,5,-0.0015520328838580788,-0.002552032883858079,26.539825272395902,0.2330743530687605,max_hold
BIIB,2018-02-14,2018-02-15,2018-02-23,298.8500061035156,287.5899963378906,5,-0.03767779667277227,-0.03867779667277227,28.68358294147002,-0.008216721865767926,max_hold
BKR,2018-02-15,2018-02-16,2018-02-26,20.654687156369008,22.41827609077002,5,0.08538444184845462,0.08438444184845462,27.651535308648292,-0.45465593899278245,max_hold
KHC,2018-02-20,2018-02-21,2018-02-28,44.7126950538549,44.29100917429926,5,-0.00943101012022951,-0.010431010120229511,21.028498427301898,-0.17822557120763605,max_hold
BIIB,2018-02-22,2018-02-23,2018-03-02,287.5899963378906,278.2200012207031,5,-0.03258108848187702,-0.03358108848187702,26.29182576178208,-0.06252073518140293,max_hold
KHC,2018-02-27,2018-02-28,2018-03-07,44.29100917429926,43.69414249120416,5,-0.01347602355923383,-0.01447602355923383,28.855343334804118,-0.20785949683880728,max_hold
MNST,2018-03-01,2018-03-02,2018-03-09,13.425000190734863,14.274999618530273,5,0.06331466783754913,0.06231466783754913,22.613679062565495,-0.12774133255660133,max_hold
BIIB,2018-03-01,2018-03-02,2018-03-09,278.2200012207031,285.8699951171875,5,0.027496203949822773,0.026496203949822772,28.98403381466767,-0.06252073518140293,max_hold
DLTR,2018-03-07,2018-03-08,2018-03-15,91.0,94.08000183105469,5,0.0338461739676339,0.032846173967633896,25.20707208584257,0.3249607897910101,max_hold
KHC,2018-03-15,2018-03-16,2018-03-23,42.8585690706666,39.76777576155877,5,-0.07211611064316292,-0.07311611064316292,29.03973221278899,-0.09937993222986939,max_hold
CMCSA,2018-03-20,2018-03-21,2018-03-28,25.579209356453347,24.579730187399417,5,-0.03907388829443137,-0.04007388829443137,28.754523318918785,0.1674363524444876,max_hold
KHC,2018-03-22,2018-03-23,2018-04-02,39.76777576155877,40.560109690108774,5,0.01992401921849285,0.01892401921849285,17.006100138936162,-0.27617657352181857,max_hold
QCOM,2018-03-22,2018-03-23,2018-04-02,44.86590114599333,44.43844954861138,5,-0.009527315543958914,-0.010527315543958915,28.103009247674166,0.1645903504259193,max_hold
BIIB,2018-03-22,2018-03-23,2018-04-02,272.95001220703125,272.0199890136719,5,-0.003407302259631151,-0.004407302259631151,29.74848185087646,-0.12949846523879727,max_hold
AMGN,2018-03-23,2018-03-26,2018-04-03,133.7099877482001,129.21379419960033,5,-0.033626459955010235,-0.034626459955010236,27.97974296919564,0.19947198122259088,max_hold
MDLZ,2018-03-23,2018-03-26,2018-04-03,33.02310924362983,33.19356641679343,5,0.005161754209939584,0.004161754209939584,28.7861246012408,-0.3172654609690934,max_hold
META,2018-03-23,2018-03-26,2018-04-03,159.29433410055668,155.06482597696663,5,-0.026551528950930048,-0.02755152895093005,29.13919678780897,-0.3238995720962058,max_hold
GILD,2018-03-23,2018-03-26,2018-04-03,54.31707269185935,53.78247740696168,5,-0.009842122529879815,-0.010842122529879816,29.94076536279104,0.06607227803427046,max_hold
CMCSA,2018-03-27,2018-03-28,2018-04-05,24.579730187399417,25.739911381041235,5,0.04720072941388809,0.046200729413888086,25.310237600519002,0.2245630961879175,max_hold
PAYX,2018-03-27,2018-03-28,2018-04-05,46.034950602971406,47.82503104122451,5,0.03888524729159948,0.03788524729159948,26.556063323414335,0.34118274443739366,max_hold
AMD,2018-03-27,2018-03-28,2018-04-05,9.989999771118164,10.050000190734863,5,0.0060060481472847815,0.0050060481472847815,27.6609178172976,-0.1778495690648734,max_hold
TSLA,2018-03-27,2018-03-28,2018-04-05,17.6386661529541,19.28933334350586,5,0.09358231377803516,0.09258231377803516,28.08153721294903,-0.40615207119575314,rsi_reversion
CHTR,2018-03-28,2018-03-29,2018-04-06,306.6300048828125,314.8800048828125,5,0.02690539043350615,0.025905390433506148,28.45844922645115,-0.17234911220377408,max_hold
NXPI,2018-03-28,2018-03-29,2018-04-06,102.84329789316553,100.20313659060155,5,-0.025671690393540336,-0.026671690393540337,29.412912611311683,0.057492177848380635,max_hold
KHC,2018-04-02,2018-04-03,2018-04-10,39.695740308973114,40.370216646361904,5,0.016991151497339096,0.015991151497339096,29.639894853533548,-0.3156120568555964,max_hold
NXPI,2018-04-06,2018-04-09,2018-04-16,100.27331578463766,99.52773877574424,5,-0.007435447836338982,-0.008435447836338983,28.77234889205178,-0.014975634665620836,max_hold
NXPI,2018-04-19,2018-04-20,2018-04-27,94.63338681346029,91.13364813318839,5,-0.03698207153010946,-0.03798207153010946,22.714357772637598,-0.1985075698108642,max_hold
PEP,2018-04-20,2018-04-23,2018-04-30,78.48362548499115,77.94791896438144,5,-0.006825710679129515,-0.007825710679129516,28.775515872292843,0.3149788273604056,max_hold
KHC,2018-04-20,2018-04-23,2018-04-30,37.980098761506426,37.9146180419555,5,-0.00172407975982658,-0.00272407975982658,29.543154898731416,-0.37364328105155614,max_hold
JD,2018-04-23,2018-04-24,2018-05-01,32.74242622943289,31.804928323397387,5,-0.028632511820176676,-0.029632511820176677,29.51465877972528,0.02072524009516391,max_hold
QCOM,2018-04-23,2018-04-24,2018-05-01,41.03498762496008,40.93820373290109,5,-0.002358570031592344,-0.003358570031592344,29.723650566225587,-0.3738201550543755,max_hold
NXPI,2018-04-26,2018-04-27,2018-05-04,91.13364813318839,81.87993496666233,5,-0.10154002781719107,-0.10254002781719107,22.216356855359777,-0.3156376372008557,max_hold
CHTR,2018-04-27,2018-04-30,2018-05-07,264.0899963378906,276.239990234375,5,0.04600702057998074,0.04500702057998074,22.245354196390352,-0.14630177154626894,max_hold
KHC,2018-04-30,2018-05-01,2018-05-08,36.87998099103375,38.43191866345934,5,0.04208076118051429,0.04108076118051429,29.01959900539208,-0.4951804371705302,max_hold
PEP,2018-05-01,2018-05-02,2018-05-09,75.88921697037097,74.38153361295942,5,-0.019866898323647075,-0.020866898323647076,27.825563671193635,0.18838960995818851,max_hold
MDLZ,2018-05-02,2018-05-03,2018-05-10,30.646442462428173,31.406546907087378,5,0.024802371289622815,0.023802371289622815,25.080082080059725,-0.26863826508350064,max_hold
GILD,2018-05-02,2018-05-03,2018-05-10,48.77331561745475,48.34123920517902,5,-0.008858868969758849,-0.00985886896975885,26.44763986942297,-0.017828061564587626,max_hold
EBAY,2018-05-02,2018-05-03,2018-05-10,32.6289707208805,33.85477279244118,5,0.03756790497765361,0.03656790497765361,29.851135765213627,0.5055900876382152,max_hold
NXPI,2018-05-03,2018-05-04,2018-05-11,81.87993496666233,86.90586587096823,5,0.06138171587889296,0.06038171587889296,18.080390675246917,-0.15585863657860055,max_hold
TMUS,2018-05-03,2018-05-04,2018-05-11,53.12154842709772,54.24351038923607,5,0.02112065621878645,0.020120656218786448,28.54511311517824,-0.050432203283308115,max_hold
REGN,2018-05-07,2018-05-08,2018-05-14,287.7842905351306,304.1300075017201,4,0.05679850326852409,0.05579850326852409,29.678294897619466,0.26753110329344276,rsi_reversion
PEP,2018-05-08,2018-05-09,2018-05-16,74.38153361295942,73.9605943979944,5,-0.00565918978163793,-0.00665918978163793,28.37974618347151,0.18838960995818851,max_hold
CTSH,2018-05-08,2018-05-09,2018-05-16,66.648914195044,66.3941367339067,5,-0.003822679847292121,-0.004822679847292121,28.92705549397688,0.1508888364589338,max_hold
MNST,2018-05-09,2018-05-10,2018-05-17,12.297499656677246,11.9975004196167,5,-0.02439514091774375,-0.025395140917743753,26.058417863365065,-0.02587382170150812,max_hold
GILD,2018-05-09,2018-05-10,2018-05-17,48.34123920517902,49.13947972481257,5,0.016512620130516353,0.015512620130516352,28.288595986465623,-0.017828061564587626,max_hold
MELI,2018-05-15,2018-05-16,2018-05-23,289.55999755859375,294.0,5,0.015333618175306762,0.014333618175306762,27.689480876857843,0.020382914841256254,max_hold
MNST,2018-05-16,2018-05-17,2018-05-24,11.9975004196167,12.487500190734863,5,0.04084182154450966,0.03984182154450966,26.713012610782627,-0.02587382170150812,max_hold
DLTR,2018-05-31,2018-06-01,2018-06-08,83.1500015258789,81.95999908447266,5,-0.014311514366429523,-0.015311514366429524,23.547871072262907,-0.0868788939034159,max_hold
XEL,2018-06-06,2018-06-07,2018-06-14,32.773965063917856,32.921680263108065,5,0.004507089664071096,0.0035070896640710955,29.596276684580744,-0.09935625685696885,max_hold
DLTR,2018-06-07,2018-06-08,2018-06-15,81.95999908447266,88.2699966430664,5,0.07698874608441986,0.07598874608441986,27.89007504183104,0.17350125578319217,max_hold
AEP,2018-06-11,2018-06-12,2018-06-19,47.07687099590303,49.17751783325295,5,0.044621632511063325,0.043621632511063324,29.15125089095271,-0.2419071949134841,rsi_reversion
LRCX,2018-06-18,2018-06-19,2018-06-26,15.326860275534779,15.741199934330805,5,0.027033564040340963,0.026033564040340962,29.89801882436936,-0.06162091656819797,max_hold
SBUX,2018-06-20,2018-06-21,2018-06-28,43.59293616607896,41.22530506129779,5,-0.05431226508260523,-0.05531226508260523,27.00297854162976,-0.07314706121889841,max_hold
MAR,2018-06-25,2018-06-26,2018-07-03,121.03470267367766,118.80006639656251,5,-0.018462773301802238,-0.01946277330180224,28.37526238825565,0.29086652865006235,max_hold
LRCX,2018-06-25,2018-06-26,2018-07-03,15.741199934330805,15.53223658061246,5,-0.0132749316818348,-0.014274931681834802,29.68436166209746,-0.24696081110720172,max_hold
INTC,2018-06-26,2018-06-27,2018-07-05,41.94242845372895,42.4864603926243,5,0.012970921306941774,0.011970921306941773,29.996161503227015,-0.35502846166848784,max_hold
SBUX,2018-06-27,2018-06-28,2018-07-06,41.22530506129779,40.76677312460752,5,-0.01112258444197034,-0.012122584441970341,23.981611836497194,-0.2330161951793426,max_hold
KLAC,2018-06-27,2018-06-28,2018-07-06,8.966176152569846,9.201634770319146,5,0.026260761972852098,0.025260761972852097,25.995445017477962,-0.3040188642529291,max_hold
AMAT,2018-06-27,2018-06-28,2018-07-06,41.148618760548125,41.60622501580804,5,0.011120816908164466,0.010120816908164465,27.817205830111178,-0.2324453746295224,max_hold
AZN,2018-06-27,2018-06-28,2018-07-06,56.54642568625384,57.31833966238512,5,0.013650977347608562,0.01265097734760856,28.284272214791898,0.09926004182038929,max_hold
MCHP,2018-06-27,2018-06-28,2018-07-06,38.424178622029096,39.17617466016437,5,0.019570907306373675,0.018570907306373674,28.62207793686038,-0.044799819683928654,max_hold
EBAY,2018-06-27,2018-06-28,2018-07-06,31.905846511277282,32.80534741134987,5,0.02819235339061299,0.02719235339061299,29.10064284094159,-0.28334774269987245,max_hold
FAST,2018-06-27,2018-06-28,2018-07-06,9.884557988431055,9.726663832205663,5,-0.015973820621032586,-0.016973820621032587,29.169690342834414,0.5042331756445813,max_hold
BKNG,2018-06-27,2018-06-28,2018-07-06,78.03002014676649,81.15591983077873,5,0.040060218850805684,0.039060218850805684,29.511807357678364,0.3196066423232865,rsi_reversion
HON,2018-06-27,2018-06-28,2018-07-06,115.084776024434,115.62879443077269,5,0.00472711009337301,0.0037271100933730103,29.684899084226785,-0.09600965504994755,max_hold
ON,2018-06-28,2018-06-29,2018-07-09,22.450000762939453,23.299999237060547,5,0.03786184611290855,0.03686184611290855,29.218942142869523,0.26886762823156213,max_hold
PCAR,2018-07-03,2018-07-05,2018-07-10,29.670725711840902,30.65436983296855,3,0.033152007493200575,0.032152007493200574,29.993127507201706,-0.02274686324503529,rsi_reversion
MAR,2018-07-02,2018-07-03,2018-07-11,118.80006639656251,121.61439838671369,5,0.02368964997676648,0.02268964997676648,28.701643027615347,0.2533713662881585,max_hold
FAST,2018-07-05,2018-07-06,2018-07-11,9.726663832205663,10.595080156328688,3,0.08928203329569562,0.08828203329569562,29.701660652521454,0.5042331756445813,rsi_reversion
SBUX,2018-07-05,2018-07-06,2018-07-13,40.76677312460752,41.90057755529288,5,0.0278119739136522,0.0268119739136522,23.88724734203295,-0.4145240027439873,max_hold
AVGO,2018-07-12,2018-07-13,2018-07-20,17.197492801280486,17.00325914046664,5,-0.011294301039008747,-0.012294301039008748,22.563069454800086,-0.4448115203587597,max_hold
EBAY,2018-07-19,2018-07-20,2018-07-27,30.353771217810127,30.538952754895146,5,0.006100775279493487,0.005100775279493487,27.076282726625436,-0.36876075226096516,max_hold
AVGO,2018-07-19,2018-07-20,2018-07-27,17.00325914046664,18.128985339340307,5,0.06620649544736468,0.06520649544736468,29.324260549421822,-0.24931229018861392,max_hold
NXPI,2018-07-26,2018-07-27,2018-08-03,82.45005731083488,83.92363871900028,5,0.017872412175652386,0.016872412175652385,27.25219547472365,-0.4753273425629903,max_hold
INTC,2018-07-27,2018-07-30,2018-08-06,40.48879285034545,41.71000110414156,5,0.03016163653754611,0.02916163653754611,29.001528990950774,-0.286717711344107,max_hold
META,2018-07-27,2018-07-30,2018-08-06,173.63697646255832,177.27214088016572,5,0.02093542799273096,0.01993542799273096,29.473344922560457,-0.4250059103053838,max_hold
NFLX,2018-07-30,2018-07-31,2018-08-07,33.1510009765625,35.323001861572266,5,0.06551841033534256,0.06451841033534256,29.986486212778175,0.1006803576118996,max_hold
EBAY,2018-08-01,2018-08-02,2018-08-09,29.101519115284233,29.859920214019127,5,0.026060532982162377,0.025060532982162376,28.36572206954142,-0.2557248946529698,max_hold
BKNG,2018-08-10,2018-08-13,2018-08-20,74.30710097162772,72.061921648554,5,-0.030214869019462576,-0.031214869019462577,29.055797823629135,-0.02615153471409717,max_hold
MAR,2018-08-10,2018-08-13,2018-08-20,112.80676296972204,115.78938039625685,5,0.026440058627826613,0.02544005862782661,29.26184811372815,0.2264221019181855,max_hold
NXPI,2018-08-14,2018-08-15,2018-08-22,78.68718186120631,80.12568200343351,5,0.01828125125594804,0.017281251255948038,26.9461708274181,-0.3078596222340912,max_hold
MCHP,2018-08-14,2018-08-15,2018-08-22,35.84776472686738,36.14726565061969,5,0.008354800530361528,0.007354800530361528,27.430828537013227,0.07387077909513741,max_hold
PDD,2018-08-15,2018-08-16,2018-08-23,18.270000457763672,18.3799991607666,5,0.006020727982860352,0.005020727982860352,14.898595108260636,,max_hold
JD,2018-08-15,2018-08-16,2018-08-23,28.037403602675585,28.68576915810435,5,0.02312502129715366,0.022125021297153658,25.384390703408897,-0.06359853628315869,max_hold
MU,2018-08-15,2018-08-16,2018-08-23,47.0016041965389,48.805606154782765,5,0.0383817103497226,0.0373817103497226,26.562162839798034,-0.4772545610548596,max_hold
ON,2018-08-15,2018-08-16,2018-08-23,20.530000686645508,20.8700008392334,5,0.01656113693211214,0.01556113693211214,28.62913160955769,-0.027938946226824003,max_hold
CTSH,2018-08-15,2018-08-16,2018-08-23,65.70593134291559,66.55310429626783,5,0.012893401494164847,0.011893401494164846,29.970643635865358,-0.18144039764540268,max_hold
NFLX,2018-08-16,2018-08-17,2018-08-24,31.900999069213867,34.599998474121094,5,0.08460548207444396,0.08360548207444396,28.896185470303266,-0.016870019851472996,rsi_reversion
INTC,2018-08-20,2018-08-21,2018-08-28,39.90545742931059,41.52184289166546,5,0.04050537361257356,0.03950537361257356,29.655408643499044,-0.5511207293061664,max_hold
PDD,2018-08-22,2018-08-23,2018-08-30,18.3799991607666,20.68000030517578,5,0.12513608538778898,0.12413608538778897,22.135576571227134,,max_hold
AMAT,2018-08-22,2018-08-23,2018-08-30,39.36077716349314,39.44352347388885,5,0.0021022529624354913,0.0011022529624354913,29.914768599813456,-0.2478034699638161,max_hold
JD,2018-08-23,2018-08-24,2018-08-31,27.643124660804475,26.863334324955996,5,-0.028209196515115886,-0.029209196515115887,27.33204438376201,0.17949812830816497,max_hold
DLTR,2018-08-30,2018-08-31,2018-09-10,80.36000061035156,82.41999816894531,5,0.0256346135259784,0.0246346135259784,25.14532948397367,0.201448166446743,max_hold
JD,2018-09-04,2018-09-05,2018-09-12,24.497679719694077,23.63903437831716,5,-0.03505006805549171,-0.03605006805549171,26.894664281086577,-0.11792677871607457,max_hold
AMAT,2018-09-06,2018-09-07,2018-09-14,36.777171319065886,35.77499004295806,5,-0.0272500912974859,-0.028250091297485902,23.513160567925098,-0.38784162175364395,max_hold
ASML,2018-09-06,2018-09-07,2018-09-14,168.1423723796566,170.22094171022414,5,0.012361960290855567,0.011361960290855566,27.017226275019084,-0.24086552174350814,max_hold
META,2018-09-06,2018-09-07,2018-09-14,158.78915897630583,160.1858068434434,5,0.008795612220264815,0.007795612220264815,28.100306571979587,-0.09061490654594226,max_hold
MU,2018-09-06,2018-09-07,2018-09-14,44.017692836163185,43.013306947491515,5,-0.022817776761041575,-0.023817776761041576,28.804504853605806,-0.4302893103522662,max_hold
LRCX,2018-09-06,2018-09-07,2018-09-14,14.223757393563956,13.885477558106196,5,-0.023782733781077203,-0.024782733781077204,28.952056221261373,-0.25862001047558175,max_hold
FANG,2018-09-07,2018-09-10,2018-09-14,85.88411518057096,90.84340251369521,4,0.05774394162060559,0.05674394162060559,29.34854366001713,-0.0035383906214293617,rsi_reversion
TSLA,2018-09-07,2018-09-10,2018-09-17,18.21733283996582,19.336000442504883,5,0.06140677191146726,0.06040677191146726,27.15642164745077,-0.26623750652348344,max_hold
ON,2018-09-07,2018-09-10,2018-09-17,19.579999923706055,19.700000762939453,5,0.006128745643564137,0.005128745643564137,29.875998641351856,0.14710272666637514,max_hold
INTC,2018-09-11,2018-09-12,2018-09-19,38.10945433216657,39.41797234908897,5,0.034335784645909584,0.03333578464590958,28.041960255634933,-0.3413151187938247,max_hold
JD,2018-09-11,2018-09-12,2018-09-19,23.63903437831716,22.885531414325573,5,-0.03187536986209283,-0.03287536986209283,28.442489957292423,0.002638669077855039,max_hold
MRVL,2018-09-11,2018-09-12,2018-09-19,17.738903551805517,17.9109432726573,5,0.009698441639831357,0.008698441639831356,28.804093286064514,0.11174950073145146,max_hold
TXN,2018-09-12,2018-09-13,2018-09-20,84.04894020198057,86.23110066878841,5,0.025962974209595258,0.024962974209595257,27.692164033723685,-0.039475236400753046,max_hold
AMAT,2018-09-13,2018-09-14,2018-09-21,35.77499004295806,36.16116070653569,5,0.010794431056833975,0.009794431056833974,23.56658002902755,-0.5995664800357268,max_hold
LRCX,2018-09-13,2018-09-14,2018-09-21,13.885477558106196,13.862900195031536,5,-0.0016259695052028844,-0.0026259695052028844,28.213337947749523,-0.4031064224785372,max_hold
ENPH,2018-09-13,2018-09-14,2018-09-21,4.110000133514404,4.420000076293945,5,0.07542577438177944,0.07442577438177944,29.934295485393207,-0.28568413093705075,max_hold
JD,2018-09-18,2018-09-19,2018-09-26,22.885531414325573,21.658892128039128,5,-0.05359889897590975,-0.05459889897590975,26.923874508402903,-0.290465626960461,max_hold
SIRI,2018-09-24,2018-09-25,2018-10-02,51.27265080396487,50.54709536791806,5,-0.014150924999389858,-0.015150924999389859,22.50349173939408,0.14547875614086317,max_hold
JD,2018-09-25,2018-09-26,2018-10-03,21.658892128039128,22.03564787601648,5,0.017394968576883496,0.016394968576883495,27.597029549138654,-0.25351466664366756,max_hold
AMAT,2018-09-25,2018-09-26,2018-10-03,35.030251999256976,35.99566682064747,5,0.02755945978952634,0.02655945978952634,29.459900088659737,-0.6749470723649558,max_hold
LRCX,2018-09-26,2018-09-27,2018-10-04,13.564890215515035,13.633522165099567,5,0.005059528569278937,0.004059528569278937,28.36226054775223,-0.32319725693434365,max_hold
ON,2018-09-27,2018-09-28,2018-10-05,18.15999984741211,17.799999237060547,5,-0.019823822322491025,-0.020823822322491026,29.22656008074614,0.18930701971873928,max_hold
SIRI,2018-10-01,2018-10-02,2018-10-09,50.54709536791806,50.144015425963666,5,-0.007974344302486447,-0.008974344302486448,27.490076410085635,-0.17505297148160667,max_hold
MCHP,2018-10-01,2018-10-02,2018-10-09,33.38781741737953,28.881766257720493,5,-0.13496093809694432,-0.13596093809694432,29.15705437004854,-0.1606165198306236,max_hold
MNST,2018-10-04,2018-10-05,2018-10-12,14.109999656677246,13.22249984741211,5,-0.06289864145001212,-0.06389864145001212,28.652526598675976,0.5287224432791982,max_hold
PEP,2018-10-04,2018-10-05,2018-10-12,82.74196569000529,82.00217344224531,5,-0.008940955675764695,-0.009940955675764696,29.37186257211252,0.23134099554994236,max_hold
ADI,2018-10-05,2018-10-08,2018-10-15,75.27136522930937,72.60011464808368,5,-0.03548827064698379,-0.03648827064698379,27.224327076004514,-0.26448124632631614,max_hold
COST,2018-10-05,2018-10-08,2018-10-15,197.24174888305947,203.45555569186286,5,0.031503506960321115,0.030503506960321114,27.523326393289977,0.5575798276188896,max_hold
SNPS,2018-10-05,2018-10-08,2018-10-15,92.97000122070312,87.66999816894531,5,-0.057007668948783174,-0.058007668948783175,27.673241155152482,-0.2173224380979728,max_hold
ON,2018-10-05,2018-10-08,2018-10-15,17.309999465942383,16.639999389648438,5,-0.03870595591941972,-0.03970595591941972,28.051963378412424,0.08015938266381109,max_hold
AMAT,2018-10-05,2018-10-08,2018-10-15,34.018887912017796,30.74571924043484,5,-0.09621621612229858,-0.09721621612229858,28.20200153945659,-0.5321670686985156,max_hold
JD,2018-10-05,2018-10-08,2018-10-15,20.169407095081734,21.124430879092486,5,0.04735011691264002,0.046350116912640016,29.96999127993608,-0.25351466664366756,max_hold
MCHP,2018-10-08,2018-10-09,2018-10-16,28.881766257720493,29.619900068470997,5,0.0255570869234214,0.0245570869234214,17.08128826660281,-0.3253779260445558,max_hold
PYPL,2018-10-08,2018-10-09,2018-10-16,79.76051891032367,77.98036377908858,5,-0.022318750624435557,-0.023318750624435558,24.851035914816833,-0.0587040355791562,max_hold
ALGN,2018-10-08,2018-10-09,2018-10-16,341.5899963378906,321.25,5,-0.059545058567145204,-0.060545058567145205,29.137032150730732,0.052105825555355804,max_hold
SIRI,2018-10-08,2018-10-09,2018-10-16,50.144015425963666,49.90215424289406,5,-0.0048233309800788104,-0.0058233309800788105,29.534222567738738,-0.17505297148160667,max_hold
NXPI,2018-10-09,2018-10-10,2018-10-17,70.35795290157105,71.99375834158619,5,0.023249758876634496,0.022249758876634496,27.989804178213532,-0.19809134500223194,max_hold
LRCX,2018-10-09,2018-10-10,2018-10-17,12.859597603088567,13.771690096418428,5,0.07092698554663945,0.06992698554663945,28.301218753202733,-0.35629216098320954,max_hold
ILMN,2018-10-09,2018-10-10,2018-10-17,312.8210144042969,317.6945495605469,5,0.015579308715978124,0.014579308715978123,29.434222952532295,0.06678005662097028,max_hold
FAST,2018-10-10,2018-10-11,2018-10-18,10.51998780219526,10.711591738355427,5,0.018213323034479645,0.017213323034479644,20.256416718715215,0.38949435668057786,max_hold
PANW,2018-10-10,2018-10-11,2018-10-18,33.43000030517578,34.258331298828125,5,0.024778073170525827,0.023778073170525826,22.318777993543065,0.3679983500055271,max_hold
ODFL,2018-10-10,2018-10-11,2018-10-18,44.329541472342676,43.45902722788803,5,-0.019637339244705787,-0.020637339244705788,23.066642457219217,0.1541540299209044,max_hold
GOOGL,2018-10-10,2018-10-11,2018-10-18,53.44344151898934,55.96743531125964,5,0.047227381331224505,0.046227381331224504,24.606333929402567,0.01871779093062498,max_hold
GOOG,2018-10-10,2018-10-11,2018-10-18,53.14363341518048,55.56569896605907,5,0.04557583656270525,0.04457583656270525,24.714479140772696,0.018708104451569386,max_hold
MNST,2018-10-11,2018-10-12,2018-10-19,13.22249984741211,13.032500267028809,5,-0.014369414450814855,-0.015369414450814856,20.916065885174802,0.5287224432791982,max_hold
KLAC,2018-10-11,2018-10-12,2018-10-19,8.44633820172859,8.223714259200229,5,-0.026357450674044824,-0.027357450674044825,22.902587176176908,-0.1606123736728411,max_hold
AMAT,2018-10-12,2018-10-15,2018-10-22,30.74571924043484,31.619176254315892,5,0.02840906101595886,0.027409061015958858,23.53963792746363,-0.6216364063505359,max_hold
ADI,2018-10-12,2018-10-15,2018-10-22,72.60011464808368,71.99305737843758,5,-0.008361657176282677,-0.009361657176282678,24.740602957123983,-0.4078154140953743,max_hold
PCAR,2018-10-12,2018-10-15,2018-10-22,30.40169738526843,29.634905852359708,5,-0.025221997416508768,-0.02622199741650877,26.183834868333562,0.14222807359462394,max_hold
QCOM,2018-10-12,2018-10-15,2018-10-22,52.819689183184096,54.02032017374274,5,0.02273074698328359,0.02173074698328359,26.67411907900538,-0.18763972092399694,max_hold
SNPS,2018-10-12,2018-10-15,2018-10-22,87.66999816894531,88.45999908447266,5,0.009011074849174294,0.008011074849174293,27.597273669917485,-0.37075071823508055,max_hold
ON,2018-10-12,2018-10-15,2018-10-22,16.639999389648438,16.0,5,-0.03846150319251662,-0.03946150319251662,29.040230711852388,-0.13427396559041932,max_hold
MCHP,2018-10-15,2018-10-16,2018-10-23,29.619900068470997,28.07924943805539,5,-0.05201403876630761,-0.053014038766307614,24.396332266636904,-0.4575077550582915,max_hold
ALGN,2018-10-15,2018-10-16,2018-10-23,321.25,305.8999938964844,5,-0.04778212016658556,-0.04878212016658556,28.822891169223425,0.052105825555355804,max_hold
PAYX,2018-10-15,2018-10-16,2018-10-23,53.582331085283656,52.64447990377222,5,-0.01750299329117866,-0.01850299329117866,29.089080617253643,0.16062365832221626,max_hold
ODFL,2018-10-17,2018-10-18,2018-10-25,43.45902722788803,41.75971047011967,5,-0.039101582942884905,-0.040101582942884906,26.691866361151654,0.1541540299209044,max_hold
MNST,2018-10-18,2018-10-19,2018-10-26,13.032500267028809,12.912500381469727,5,-0.009207740886272742,-0.010207740886272743,25.65194988824109,0.5287224432791982,max_hold
EBAY,2018-10-19,2018-10-22,2018-10-29,25.106671853033635,24.445269519702784,5,-0.026343688132082543,-0.027343688132082544,24.00270879712994,-0.2854162454153756,max_hold
PCAR,2018-10-19,2018-10-22,2018-10-29,29.634905852359708,27.624501235645404,5,-0.06783907553916602,-0.06883907553916602,24.949240195788192,-0.08580763686680963,max_hold
PANW,2018-10-19,2018-10-22,2018-10-29,32.41166687011719,31.299999237060547,5,-0.03429837896061971,-0.035298378960619714,26.23601250463878,0.3894165039130373,max_hold
ADI,2018-10-19,2018-10-22,2018-10-29,71.99305737843758,70.5273516134992,5,-0.020358987634512715,-0.021358987634512716,26.694128690874166,-0.48013611422388963,max_hold
ON,2018-10-19,2018-10-22,2018-10-29,16.0,16.149999618530273,5,0.00937497615814209,0.008374976158142089,27.088225342111173,-0.13427396559041932,max_hold
TEAM,2018-10-19,2018-10-22,2018-10-29,71.02999877929688,71.81999969482422,5,0.011122074181389552,0.010122074181389551,28.269672530945414,0.35223654565908674,max_hold
MAR,2018-10-19,2018-10-22,2018-10-29,105.57919238686017,106.86435345306276,5,0.01217248434230811,0.011172484342308109,28.936549886270328,0.1741269753727287,max_hold
FAST,2018-10-19,2018-10-22,2018-10-29,10.648402764117126,10.265362581534115,5,-0.035971609176333574,-0.036971609176333575,29.154650935067792,0.10987834164812854,max_hold
KLAC,2018-10-19,2018-10-22,2018-10-29,8.178827771114406,7.959792038643003,5,-0.02678082221574385,-0.02778082221574385,29.873776241169324,-0.32504049440593935,max_hold
MCHP,2018-10-22,2018-10-23,2018-10-30,28.07924943805539,26.79180228605533,5,-0.04585048310640383,-0.04685048310640383,24.550764675599964,-0.36187997694024887,max_hold
MU,2018-10-22,2018-10-23,2018-10-30,37.20148596533863,33.77874461407317,5,-0.09200550092150872,-0.09300550092150872,29.7517099146244,-0.35633128384748286,max_hold
PAYX,2018-10-23,2018-10-24,2018-10-31,51.65975230288385,51.07850294832517,5,-0.01125149325437691,-0.01225149325437691,25.91154450328544,0.16062365832221626,max_hold
BKR,2018-10-23,2018-10-24,2018-10-31,23.290716685102137,21.990546448287247,5,-0.05582353924070271,-0.056823539240702714,27.192178042836787,0.513766382796853,max_hold
ON,2018-10-26,2018-10-29,2018-10-31,16.149999618530273,17.270000457763672,2,0.06934989880422826,0.06834989880422826,27.70031677948296,-0.18112776303009825,rsi_reversion
ODFL,2018-10-24,2018-10-25,2018-11-01,41.75971047011967,42.14840865393619,5,0.009307971234490342,0.008307971234490341,17.903387675467698,-0.06851957840889247,max_hold
NVDA,2018-10-24,2018-10-25,2018-11-01,4.8299468279243145,5.245805181764511,5,0.08609998591204215,0.08509998591204215,24.521622207013095,-0.3726332459338932,max_hold
HON,2018-10-24,2018-10-25,2018-11-01,119.62592406351908,121.99445454288683,5,0.019799474887317148,0.018799474887317147,24.836314091452962,0.35122254783381873,max_hold
NXPI,2018-10-24,2018-10-25,2018-11-01,63.41008756245818,71.16704012239757,5,0.12232994556739696,0.12132994556739696,25.57788965426475,-0.5417045941683231,rsi_reversion
AMAT,2018-10-24,2018-10-25,2018-11-01,29.61482265602479,30.322784146374342,5,0.023905646796285263,0.02290564679628526,25.67270359893915,-0.7471012743983556,rsi_reversion
ALGN,2018-10-24,2018-10-25,2018-11-01,231.22999572753906,222.27000427246094,5,-0.03874926099828235,-0.039749260998282354,26.460944448503668,0.09773176136080573,max_hold
ADI,2018-10-26,2018-10-29,2018-11-01,70.5273516134992,72.99039796256693,3,0.03492327859644573,0.03392327859644573,26.085535975841935,-0.5795598219678232,rsi_reversion
MNST,2018-10-26,2018-10-29,2018-11-01,12.922499656677246,13.25,3,0.025343420547396134,0.024343420547396133,28.88379590872971,0.5287224432791982,rsi_reversion
MCHP,2018-10-29,2018-10-30,2018-11-01,26.79180228605533,28.431143300829174,2,0.061188157380031694,0.06018815738003169,23.218695457344694,-0.36187997694024887,rsi_reversion
BIIB,2018-10-25,2018-10-26,2018-11-02,292.8500061035156,319.3299865722656,5,0.09042164902462035,0.08942164902462035,26.013678661664684,-0.17862826975382146,max_hold
FAST,2018-10-26,2018-10-29,2018-11-02,10.265362581534115,10.715256324488413,4,0.04382638600253541,0.04282638600253541,26.29502158941135,0.10987834164812854,rsi_reversion
PCAR,2018-10-26,2018-10-29,2018-11-05,27.624501235645404,28.828774796554356,5,0.04359440015354954,0.04259440015354954,19.31440533039452,-0.5099879062887371,max_hold
EBAY,2018-10-26,2018-10-29,2018-11-05,24.445269519702784,26.376560100461646,5,0.0790046752891087,0.0780046752891087,25.00547878742026,-0.42018842996231986,max_hold
TXN,2018-10-26,2018-10-29,2018-11-05,74.40109489170945,76.51720071723095,5,0.02844186404247795,0.027441864042477948,26.080926820923324,-0.6629277953205466,max_hold
AMD,2018-10-26,2018-10-29,2018-11-05,18.209999084472656,20.1200008392334,5,0.10488752612784946,0.10388752612784946,26.132083695027163,-0.6420068752488713,max_hold
REGN,2018-10-26,2018-10-29,2018-11-05,340.2194240205128,351.04725985162173,5,0.031826036571198424,0.030826036571198423,27.599983573994706,0.08071834861460327,max_hold
MU,2018-10-29,2018-10-30,2018-11-06,33.77874461407317,38.75194566879922,5,0.1472287117696518,0.1462287117696518,23.929790253634607,-0.6570231285090081,max_hold
PANW,2018-10-30,2018-10-31,2018-11-07,30.174999237060547,30.956666946411133,5,0.025904481495083287,0.024904481495083286,25.06755101523396,0.10869213922178364,max_hold
CTSH,2018-10-30,2018-10-31,2018-11-07,58.8423038947754,62.1103396922832,5,0.05553888242295635,0.05453888242295635,26.074091731578633,0.16030101520281845,max_hold
BKR,2018-10-30,2018-10-31,2018-11-07,21.990546448287247,22.09488326571043,5,0.004744621406682192,0.0037446214066821923,27.779538645980963,0.14461355570090761,max_hold
ALGN,2018-10-31,2018-11-01,2018-11-08,222.27000427246094,245.5399932861328,5,0.10469243967416886,0.10369243967416886,18.13547483576457,-0.11383361041767157,max_hold
QCOM,2018-11-08,2018-11-09,2018-11-16,47.515520886003415,45.32807047203486,5,-0.04603654496846543,-0.04703654496846543,24.650969431714515,-0.5037655730352808,max_hold
BKR,2018-11-09,2018-11-12,2018-11-19,20.55394131669974,18.84652702152854,5,-0.08306992166918137,-0.08406992166918137,27.819260379382058,0.14461355570090761,max_hold
ALGN,2018-11-12,2018-11-13,2018-11-20,219.0,189.02999877929688,5,-0.13684932064248,-0.13784932064248,26.643343162203337,-0.1052475220350596,max_hold
QCOM,2018-11-15,2018-11-16,2018-11-26,45.32807047203486,45.879042745016484,5,0.012155211268512822,0.011155211268512821,26.60655427658361,-0.3720725269254489,max_hold
BKR,2018-11-16,2018-11-19,2018-11-27,18.84652702152854,18.31267406003562,5,-0.028326330940607658,-0.02932633094060766,25.47371072966169,0.14556432224696406,max_hold
PANW,2018-11-16,2018-11-19,2018-11-27,28.28333282470703,28.190000534057617,5,-0.0032999042661578937,-0.004299904266157894,28.686683085786825,0.10869213922178364,max_hold
NVDA,2018-11-16,2018-11-19,2018-11-27,3.9977347652906055,3.755828535667613,5,-0.06051082521113871,-0.06151082521113871,29.109322538402225,-0.32580857703851307,max_hold
ALGN,2018-11-19,2018-11-20,2018-11-28,189.02999877929688,222.25,5,0.17573930823270723,0.17473930823270722,26.183975246007563,-0.1052475220350596,max_hold
META,2018-11-19,2018-11-20,2018-11-28,125.82489486219124,134.98714332528849,5,0.07281745375692239,0.07181745375692239,28.02921042607815,-0.5923485245218079,max_hold
ROST,2018-11-20,2018-11-21,2018-11-29,78.18449115918293,79.77594798754974,5,0.02035514722640608,0.019355147226406078,20.408267359787374,0.19449166421556027,max_hold
LULU,2018-11-20,2018-11-21,2018-11-29,122.19000244140625,128.02999877929688,5,0.0477943876029554,0.0467943876029554,27.850706993403932,0.582096088921994,max_hold
AAPL,2018-11-20,2018-11-21,2018-11-29,42.60725857383587,43.30184364075627,5,0.016302036088914784,0.015302036088914783,29.06050922595334,-0.448565756326832,max_hold
QCOM,2018-11-23,2018-11-26,2018-12-03,45.879042745016484,49.76053282697833,5,0.08460268239540514,0.08360268239540514,29.212335184332304,-0.3421858847238431,rsi_reversion
BKR,2018-11-26,2018-11-27,2018-12-04,18.31267406003562,18.82226410283446,5,0.027827178113268403,0.026827178113268402,25.7170909410884,-0.06786053161132177,max_hold
BKR,2018-12-06,2018-12-07,2018-12-14,17.762651393412714,17.641325834174847,5,-0.006830374393479444,-0.007830374393479445,27.40775554939762,-0.06786053161132177,max_hold
ROST,2018-12-07,2018-12-10,2018-12-17,72.71272375617188,73.27869256822659,5,0.007783628267764797,0.006783628267764797,28.267007858373887,0.19449166421556027,max_hold
KHC,2018-12-10,2018-12-11,2018-12-18,32.97264515740252,31.801586319795977,5,-0.03551607194437156,-0.036516071944371564,28.50014432946061,-0.21919642831032296,max_hold
FANG,2018-12-14,2018-12-17,2018-12-24,70.27716676265665,67.28762544307548,5,-0.042539297716391755,-0.043539297716391756,27.59217674696923,0.22574787582376238,max_hold
KHC,2018-12-17,2018-12-18,2018-12-26,31.801586319795977,28.877299881536395,5,-0.09195410596355258,-0.09295410596355258,24.707597340572207,-0.21919642831032296,max_hold
COST,2018-12-17,2018-12-18,2018-12-26,183.06301574344877,172.00300294471396,5,-0.06041642411394954,-0.06141642411394954,29.601970584895824,0.09169168448239458,max_hold
ADP,2018-12-18,2018-12-19,2018-12-27,109.5715174000798,105.90281856728456,5,-0.033482230782655664,-0.034482230782655665,28.95934120943693,0.2839100460116405,max_hold
CSX,2018-12-19,2018-12-20,2018-12-28,18.60821430091918,18.79462494527286,5,0.010017653566278817,0.009017653566278816,27.15344722267099,0.5125177113265478,max_hold
MNST,2018-12-19,2018-12-20,2018-12-28,12.362500190734863,12.380000114440918,5,0.001415565090884252,0.00041556509088425207,28.633311436223423,-0.14711690685801418,max_hold
HON,2018-12-20,2018-12-21,2018-12-31,109.66133854924378,110.96876581326589,5,0.011922408401343842,0.010922408401343842,26.633122450945194,0.250642367039511,max_hold
AAPL,2018-12-20,2018-12-21,2018-12-31,37.185619812707245,37.58153062422218,5,0.01064687945256848,0.00964687945256848,28.121471023850788,-0.5449886425156465,max_hold
MDLZ,2018-12-20,2018-12-21,2018-12-31,33.53367192365955,32.945058265323276,5,-0.017552913968868933,-0.018552913968868934,29.36109638204843,0.17122690805016338,max_hold
FAST,2018-12-20,2018-12-21,2018-12-31,10.470794044787528,10.752233802468755,5,0.026878549657017636,0.025878549657017635,29.416333720622617,0.10987834164812854,max_hold
CMCSA,2018-12-20,2018-12-21,2018-12-31,26.104360112216124,25.961854078048834,5,-0.0054590893457909795,-0.0064590893457909795,29.47706107984854,0.23376857750038796,max_hold
CTSH,2018-12-21,2018-12-24,2019-01-02,53.20830081403802,55.36072969009288,5,0.04045287752333149,0.03945287752333149,25.34883023415709,0.2824870035244565,max_hold
BIIB,2018-12-21,2018-12-24,2019-01-02,281.17999267578125,296.8399963378906,5,0.0556938760581247,0.0546938760581247,25.779557908436118,0.01033102731898072,max_hold
EBAY,2018-12-21,2018-12-24,2019-01-02,23.413491721291628,24.383544306031776,5,0.04143135061986536,0.04043135061986536,26.381095416622117,0.013532263807258832,rsi_reversion
TMUS,2018-12-21,2018-12-24,2019-01-02,58.48410416093918,59.777209838160076,5,0.022110378465616254,0.021110378465616253,27.107378230468385,0.046862623316536914,rsi_reversion
FANG,2018-12-21,2018-12-24,2019-01-02,67.28762544307548,69.1255530029403,5,0.027314495759992008,0.026314495759992007,28.24518334988133,0.4494986247388201,max_hold
CHTR,2018-12-21,2018-12-24,2019-01-02,283.69000244140625,279.8900146484375,5,-0.013394859742206111,-0.014394859742206112,28.462876938228078,0.06418686154145202,max_hold
MU,2018-12-21,2018-12-24,2019-01-02,29.117596355315378,30.22925142477487,5,0.038178119371331976,0.037178119371331975,28.964345598034555,-0.25032339891449273,max_hold
NVDA,2018-12-21,2018-12-24,2019-01-02,3.128618945125404,3.231265475170395,5,0.032808894865551164,0.03180889486555116,29.25846671643987,-0.30309673257714587,max_hold
BKNG,2018-12-21,2018-12-24,2019-01-02,63.36491471693922,66.08326184934833,5,0.04289987834044107,0.041899878340441066,29.31027340537753,0.25257251310725026,max_hold
GILD,2018-12-21,2018-12-24,2019-01-02,46.867697035935706,46.335030779328505,5,-0.011365317485063975,-0.012365317485063976,29.47714738393566,0.04980389798337161,max_hold
KHC,2018-12-24,2018-12-26,2019-01-03,28.877299881536395,29.208990288325293,5,0.011486198784152135,0.010486198784152134,14.337832675215267,-0.10082761666921612,max_hold
COST,2018-12-24,2018-12-26,2019-01-03,172.00300294471396,183.61280266383577,5,0.0674976571359831,0.0664976571359831,23.72681048502797,0.09169168448239458,max_hold
MRNA,2018-12-28,2018-12-31,2019-01-08,14.239999771118164,17.350000381469727,5,0.21839892277662276,0.21739892277662276,24.157941817205483,,max_hold
KHC,2019-01-02,2019-01-03,2019-01-10,29.208990288325293,30.56282654955559,5,0.04634998498292564,0.04534998498292564,26.150944158096095,-0.2756462419422276,max_hold
AAPL,2019-01-03,2019-01-04,2019-01-11,34.26264280679694,36.24212260924212,5,0.05777370454483721,0.05677370454483721,27.903588883587744,-0.4022470070409392,max_hold
QCOM,2019-01-24,2019-01-25,2019-02-01,42.33708825503571,41.21486211535101,5,-0.026506927753852216,-0.027506927753852217,28.29183622629199,-0.5680523399080026,max_hold
QCOM,2019-01-31,2019-02-01,2019-02-08,41.21486211535101,41.76351703963078,5,0.013312065020239627,0.012312065020239626,29.488350460009443,-0.5346555038220195,max_hold
KHC,2019-02-22,2019-02-25,2019-03-04,23.692115757285396,22.270585635545082,5,-0.06000013406583116,-0.06100013406583116,15.24584815162659,-0.2997553802731068,max_hold
KHC,2019-03-01,2019-03-04,2019-03-11,22.270585635545082,21.92144089938078,5,-0.01567739357545439,-0.01667739357545439,17.215134683945294,-0.41548529401330625,max_hold
KHC,2019-03-08,2019-03-11,2019-03-18,21.92144089938078,21.79123944083066,5,-0.005939457134580994,-0.006939457134580994,21.409923429575116,-0.1915281913253625,max_hold
KHC,2019-03-15,2019-03-18,2019-03-25,21.79123944083066,22.113310527215855,5,0.014779842480264094,0.013779842480264093,24.519567137434024,-0.34703385528283515,max_hold
BIIB,2019-03-21,2019-03-22,2019-03-29,225.10000610351562,235.58999633789062,5,0.046601465792724284,0.04560146579272428,17.776525651736222,-0.07419522866842172,max_hold
MNST,2019-03-22,2019-03-25,2019-04-01,13.380000114440918,13.595000267028809,5,0.016068770609040772,0.015068770609040771,29.337251326689028,-0.09814574466279861,max_hold
KHC,2019-03-22,2019-03-25,2019-04-01,22.113310527215855,22.476496998222473,5,0.016423885087654577,0.015423885087654576,29.71358488493125,-0.24199967435665196,max_hold
DXCM,2019-03-25,2019-03-26,2019-04-02,31.177499771118164,28.837499618530273,5,-0.07505413101648362,-0.07605413101648362,29.15434794284286,0.3278391511760261,max_hold
BIIB,2019-03-28,2019-03-29,2019-04-05,235.58999633789062,235.47000122070312,5,-0.0005093387624803825,-0.0015093387624803825,26.882285644036713,0.1274962649611907,max_hold
DXCM,2019-04-01,2019-04-02,2019-04-09,28.837499618530273,28.549999237060547,5,-0.00996967092406953,-0.01096967092406953,27.223336705186114,0.3278391511760261,max_hold
DXCM,2019-04-08,2019-04-09,2019-04-16,28.549999237060547,30.170000076293945,5,0.05674258782923136,0.05574258782923136,29.090505034446593,0.3278391511760261,max_hold
REGN,2019-04-17,2019-04-18,2019-04-26,343.1616605645165,347.9663061644957,5,0.014001114203944898,0.013001114203944897,24.128191763924704,-0.11056899866904098,max_hold
VRTX,2019-04-17,2019-04-18,2019-04-26,169.9600067138672,173.97999572753906,5,0.023652558571850557,0.022652558571850556,29.252648451201054,-0.11730935142959582,max_hold
ISRG,2019-04-17,2019-04-18,2019-04-26,176.6666717529297,173.8300018310547,5,-0.016056621737019605,-0.017056621737019606,29.913590220812765,0.5030703636260265,max_hold
DXCM,2019-04-17,2019-04-18,2019-04-26,27.96500015258789,29.71500015258789,5,0.06257822243702194,0.061578222437021934,29.939530845222393,0.3278391511760261,rsi_reversion
AMGN,2019-04-18,2019-04-22,2019-04-29,141.1046147978592,144.57044034122768,5,0.024562099179629815,0.023562099179629814,27.841274647127236,-0.06103562340872692,max_hold
TSLA,2019-04-26,2019-04-29,2019-05-06,15.723999977111816,16.667999267578125,5,0.06003556931063425,0.05903556931063425,28.478925441386536,-0.32490476882681246,max_hold
AZN,2019-04-30,2019-05-01,2019-05-08,63.74803120662613,65.37953931294602,5,0.025593074412473937,0.024593074412473936,29.726011653503946,0.22290304349597367,max_hold
BKR,2019-05-01,2019-05-02,2019-05-09,19.081230533920454,18.551418339455967,5,-0.02776614398755084,-0.02876614398755084,28.56592381022432,0.4367454066619668,max_hold
INTC,2019-05-01,2019-05-02,2019-05-09,43.99668191846052,41.73912958535943,5,-0.0513118770475699,-0.0523118770475699,29.704482369056464,-0.190500575081969,max_hold
CTSH,2019-05-02,2019-05-03,2019-05-10,53.37188465971689,52.01294518344763,5,-0.025461710504199986,-0.026461710504199987,26.904444009596716,-0.12184696957035394,max_hold
REGN,2019-05-07,2019-05-08,2019-05-15,316.34473351598933,299.1272185506861,5,-0.054426431488017735,-0.055426431488017736,29.199378940475768,0.12512521822264197,max_hold
AMGN,2019-05-08,2019-05-09,2019-05-16,136.43563347626406,136.13155775519294,5,-0.0022287119084913876,-0.0032287119084913876,28.958508261199427,-0.06696634912783825,max_hold
BKR,2019-05-08,2019-05-09,2019-05-16,18.551418339455967,18.58401579627551,5,0.0017571409486363265,0.0007571409486363265,29.044602603856603,0.4367454066619668,max_hold
INTC,2019-05-08,2019-05-09,2019-05-16,41.73912958535943,39.621669496535695,5,-0.050730815660479434,-0.051730815660479434,29.682412434220723,-0.18840275099957898,max_hold
CSCO,2019-05-13,2019-05-14,2019-05-16,41.56041907361603,43.83834928177648,2,0.05481008755290806,0.05381008755290806,26.576501115595903,-0.16750867196132097,rsi_reversion
CTSH,2019-05-09,2019-05-10,2019-05-17,52.01294518344763,51.52443062275226,5,-0.00939217264033776,-0.01039217264033776,20.087399424238384,-0.16219872714411768,max_hold
AMAT,2019-05-13,2019-05-14,2019-05-17,36.73635303023625,40.28638091699711,3,0.09663528341637417,0.09563528341637417,28.537663847101527,-0.10587892655407732,rsi_reversion
KLAC,2019-05-13,2019-05-14,2019-05-21,10.02862603981555,9.822144515084569,5,-0.02058921370796052,-0.02158921370796052,25.27515340671036,0.3187785032571293,max_hold
NVDA,2019-05-13,2019-05-14,2019-05-21,3.96277581335092,3.817932863942486,5,-0.036550881561466686,-0.03755088156146669,26.53488800943201,-0.06494500119437177,max_hold
ORLY,2019-05-13,2019-05-14,2019-05-21,23.66866683959961,23.753999710083008,5,0.003605309545387181,0.002605309545387181,26.557384129954457,-0.2764932849004204,max_hold
MCHP,2019-05-13,2019-05-14,2019-05-21,36.46486667041851,35.12099326434759,5,-0.03685392348249317,-0.03785392348249317,27.98606310378321,0.004079946151278292,max_hold
MU,2019-05-13,2019-05-14,2019-05-21,37.074713281685185,34.412586887216825,5,-0.07180436903832899,-0.07280436903832899,28.588988808554802,-0.04009708618965583,max_hold
DLTR,2019-05-13,2019-05-14,2019-05-21,99.29000091552734,99.6500015258789,5,0.0036257488874216204,0.0026257488874216204,29.19854168679271,-0.2118087936986405,max_hold
ISRG,2019-05-13,2019-05-14,2019-05-21,160.60333251953125,162.5433349609375,5,0.012079465668437095,0.011079465668437094,29.812782627653817,0.11342770714873128,max_hold
FTNT,2019-05-13,2019-05-14,2019-05-21,16.003999710083008,16.488000869750977,5,0.030242512399137,0.029242512399137,29.855220275775423,0.2540648830958341,max_hold
ON,2019-05-13,2019-05-14,2019-05-21,19.790000915527344,18.649999618530273,5,-0.05760491380789268,-0.05860491380789268,29.961036705642528,0.09622531064218136,max_hold
REGN,2019-05-14,2019-05-15,2019-05-22,299.1272185506861,305.13056926464833,5,0.02006955683621614,0.01906955683621614,26.30406505774637,0.2661964326628553,max_hold
INTC,2019-05-15,2019-05-16,2019-05-23,39.621669496535695,37.79177287013266,5,-0.04618423831340657,-0.04718423831340657,25.708771681573012,-0.18846443176415853,max_hold
PANW,2019-05-15,2019-05-16,2019-05-23,36.7599983215332,37.20000076293945,5,0.011969599061393499,0.010969599061393498,29.280125429990136,-0.10223523143689986,max_hold
CTSH,2019-05-16,2019-05-17,2019-05-24,51.52443062275226,54.80696765226682,5,0.06370836105979305,0.06270836105979305,26.34186330219326,-0.16219872714411768,max_hold
TSLA,2019-05-17,2019-05-20,2019-05-28,13.520000457763672,12.74666690826416,5,-0.05719922509732134,-0.05819922509732134,27.923604704036975,-0.18068899724826218,max_hold
MU,2019-05-20,2019-05-21,2019-05-29,34.412586887216825,31.516441549078035,5,-0.08415947768270271,-0.08515947768270271,24.644896816255468,-0.38135888809025376,max_hold
NVDA,2019-05-20,2019-05-21,2019-05-29,3.817932863942486,3.5012569849778905,5,-0.08294432884228053,-0.08394432884228054,25.751170521696963,-0.14897772307744792,max_hold
KLAC,2019-05-20,2019-05-21,2019-05-29,9.822144515084569,9.353199680363229,5,-0.047743630120809954,-0.048743630120809955,25.924412637467327,0.2749491703463088,max_hold
MCHP,2019-05-20,2019-05-21,2019-05-29,35.12099326434759,34.172828009835335,5,-0.02699710817902079,-0.02799710817902079,26.450006207573992,0.004079946151278292,max_hold
AVGO,2019-05-20,2019-05-21,2019-05-29,23.035107474921496,21.01083409445256,5,-0.08787774846168095,-0.08887774846168095,26.58665531283259,-0.4298342713211318,max_hold
ON,2019-05-20,2019-05-21,2019-05-29,18.649999618530273,17.489999771118164,5,-0.06219838451146975,-0.06319838451146975,27.2144066153179,0.09622531064218136,max_hold
ADI,2019-05-20,2019-05-21,2019-05-29,88.88668512278882,84.24164078210808,5,-0.052258044433359574,-0.053258044433359575,27.57110242874036,0.07891860618833205,max_hold
ORLY,2019-05-20,2019-05-21,2019-05-29,23.753999710083008,24.546667098999023,5,0.03336984922920361,0.03236984922920361,27.82736611271038,-0.2764932849004204,max_hold
INTC,2019-05-22,2019-05-23,2019-05-31,37.79177287013266,38.49759930209825,5,0.018676721898998716,0.017676721898998715,26.241003277333604,-0.473415754667736,max_hold
DLTR,2019-05-23,2019-05-24,2019-06-03,98.12999725341797,101.58999633789062,5,0.03525934149918819,0.03425934149918819,28.9510874332627,0.14651337919116456,max_hold
TSLA,2019-05-24,2019-05-28,2019-06-04,12.74666690826416,12.073332786560059,5,-0.05282432863037734,-0.05382432863037734,23.42276117646459,-0.22935931185109146,max_hold
KHC,2019-05-28,2019-05-29,2019-06-05,19.79713252554549,20.049347230988165,5,0.012739961462460592,0.01173996146246059,20.36160414490469,-0.37478901184716845,max_hold
AVGO,2019-05-28,2019-05-29,2019-06-05,21.01083409445256,22.363395214382045,5,0.06437446099708155,0.06337446099708155,21.654269677333716,-0.4298342713211318,max_hold
NVDA,2019-05-28,2019-05-29,2019-06-05,3.5012569849778905,3.618285450031253,5,0.03342470020209087,0.03242470020209087,23.82314205876193,0.09753524366016696,max_hold
KLAC,2019-05-28,2019-05-29,2019-06-05,9.353199680363229,9.772589293250993,5,0.044839159562503506,0.043839159562503505,24.59953795013618,0.2749491703463088,max_hold
MU,2019-05-28,2019-05-29,2019-06-05,31.516441549078035,34.32482580737816,5,0.08910854526285439,0.08810854526285439,25.211446880517258,-0.501592097877762,max_hold
ON,2019-05-28,2019-05-29,2019-06-05,17.489999771118164,19.079999923706055,5,0.0909091008230607,0.0899091008230607,27.4027022123924,0.1053510955011575,max_hold
FAST,2019-05-28,2019-05-29,2019-06-05,12.616385417383858,13.270105920120919,5,0.05181519754749342,0.05081519754749342,28.52697580038064,0.10883964992496066,rsi_reversion
MCHP,2019-05-28,2019-05-29,2019-06-05,34.172828009835335,36.96077142282645,5,0.08158363165579119,0.08058363165579119,29.318709223005385,0.004079946151278292,max_hold
ODFL,2019-05-29,2019-05-30,2019-06-06,43.30134722705964,43.602314511798994,5,0.006950529348686896,0.005950529348686896,28.017827636564732,-0.03515348280922388,max_hold
FTNT,2019-05-29,2019-05-30,2019-06-06,15.15999984741211,14.694000244140625,5,-0.03073876041964685,-0.03173876041964685,29.94719192099349,0.22561182588801995,max_hold
BKR,2019-05-30,2019-05-31,2019-06-06,17.055241922428316,18.295770003271226,4,0.07273588299041167,0.07173588299041167,29.789335726550505,0.3547827503483667,rsi_reversion
PANW,2019-05-30,2019-05-31,2019-06-07,33.33333206176758,33.130001068115234,5,-0.006099930042264168,-0.007099930042264168,25.991085474848944,0.003574056479587562,max_hold
AAPL,2019-05-31,2019-06-03,2019-06-07,41.96771774456351,44.575160856832326,4,0.062129733337872306,0.061129733337872305,29.594226522424094,-0.3505453850331672,rsi_reversion
LRCX,2019-06-03,2019-06-04,2019-06-07,15.967931128819616,16.982505942501483,3,0.06353827590417893,0.06253827590417893,28.519463236107825,-0.003910863927841961,rsi_reversion
ISRG,2019-06-03,2019-06-04,2019-06-07,154.60000610351562,162.15333557128906,3,0.04885723913048201,0.04785723913048201,29.08630270473175,0.11342770714873128,rsi_reversion
AMZN,2019-06-03,2019-06-04,2019-06-10,84.96199798583984,91.0999984741211,4,0.07224406951098583,0.07124406951098583,27.18732545210156,0.22812222621259132,rsi_reversion
TSLA,2019-06-03,2019-06-04,2019-06-11,12.073332786560059,14.609333038330078,5,0.21004972666644917,0.20904972666644916,20.459908440309235,-0.06016378877000644,rsi_reversion
GOOGL,2019-06-03,2019-06-04,2019-06-11,51.7322367451031,54.33248284600479,5,0.0502635544972414,0.0492635544972414,23.98408149030466,-0.10134793638236336,max_hold
GOOG,2019-06-03,2019-06-04,2019-06-11,51.655732247558284,54.18576920083912,5,0.04897882274044085,0.04797882274044085,24.187166302240428,-0.1027410511922344,max_hold
META,2019-06-03,2019-06-04,2019-06-11,162.15692649826045,176.78676982371022,5,0.09022028007916583,0.08922028007916583,27.86310543049818,-0.3038383900451077,max_hold
MRNA,2019-06-05,2019-06-06,2019-06-13,17.829999923706055,16.420000076293945,5,-0.07908019368734998,-0.08008019368734998,25.999946706264964,0.24534805924989056,max_hold
PANW,2019-06-06,2019-06-07,2019-06-14,33.130001068115234,34.23666763305664,5,0.03340375880659052,0.03240375880659052,27.2553693480168,0.003574056479587562,max_hold
MRNA,2019-06-12,2019-06-13,2019-06-20,16.420000076293945,15.850000381469727,5,-0.03471374495589341,-0.03571374495589341,26.81368294689601,0.24534805924989056,max_hold
MRNA,2019-06-19,2019-06-20,2019-06-27,15.850000381469727,13.5,5,-0.14826500472625337,-0.14926500472625337,26.444734800483346,0.24534805924989056,max_hold
MRNA,2019-06-26,2019-06-27,2019-07-05,13.5,15.470000267028809,5,0.14592594570583772,0.14492594570583772,20.744148249782327,0.24534805924989056,max_hold
ILMN,2019-07-12,2019-07-15,2019-07-22,296.85797119140625,286.5369567871094,5,-0.03476751647555443,-0.03576751647555443,27.497387432950802,-0.12410950177000894,max_hold
NFLX,2019-07-18,2019-07-19,2019-07-26,32.34000015258789,32.87900161743164,5,0.016666711883135843,0.015666711883135842,26.944474922322044,0.002764060768123146,max_hold
ILMN,2019-07-19,2019-07-22,2019-07-29,286.5369567871094,293.1322937011719,5,0.02301740406548225,0.02201740406548225,24.383307779225575,-0.29368401504686786,max_hold
EXC,2019-07-24,2019-07-25,2019-08-01,25.073502274949554,24.268946570890368,5,-0.03208788685508057,-0.03308788685508057,26.365306604261676,0.36247718565488474,max_hold
CSX,2019-07-24,2019-07-25,2019-08-01,20.885401659789668,21.17594293330867,5,0.013911213116785559,0.012911213116785558,29.668306227882553,-0.33295014874472356,max_hold
ALGN,2019-07-25,2019-07-26,2019-08-02,203.25999450683594,201.5500030517578,5,-0.008412828403479122,-0.009412828403479123,16.11681700979358,-0.27939349750301457,max_hold
EXC,2019-07-31,2019-08-01,2019-08-08,24.268946570890368,24.786945947658314,5,0.02134412283841214,0.020344122838412138,29.053709429619275,0.19343416804583743,max_hold
SNPS,2019-08-05,2019-08-06,2019-08-08,125.87000274658203,127.80999755859375,2,0.015412685863823938,0.014412685863823937,29.056704911863037,0.11389635528042821,rsi_reversion
ALGN,2019-08-01,2019-08-02,2019-08-09,201.5500030517578,186.13999938964844,5,-0.0764574717379295,-0.0774574717379295,23.760449487920283,-0.056206008016919565,max_hold
DLTR,2019-08-01,2019-08-02,2019-08-09,97.43000030517578,92.86000061035156,5,-0.04690546731509604,-0.04790546731509604,24.635239116844417,0.4076941197506435,max_hold
ADSK,2019-08-01,2019-08-02,2019-08-09,153.22999572753906,151.0399932861328,5,-0.014292256754351973,-0.015292256754351974,29.328936596227294,0.00869619215027991,max_hold
CSX,2019-08-02,2019-08-05,2019-08-12,19.956285221608052,19.986557041113624,5,0.0015169065369338153,0.0005169065369338153,28.888519578187626,-0.33295014874472356,max_hold
AMZN,2019-08-02,2019-08-05,2019-08-12,88.51100158691406,89.79949951171875,5,0.014557488918927719,0.013557488918927718,29.300121186756343,-0.011076531487824417,max_hold
CSCO,2019-08-05,2019-08-06,2019-08-13,42.22912562795642,41.838941340030566,5,-0.00923969611313824,-0.010239696113138241,24.62516119451091,-0.2075067213528071,max_hold
JD,2019-08-05,2019-08-06,2019-08-13,23.577701555103154,25.093475101120728,5,0.06428843551501728,0.06328843551501728,25.532366348155477,0.23452739208802206,rsi_reversion
PYPL,2019-08-05,2019-08-06,2019-08-13,103.84196751067738,102.24973111423475,5,-0.01533326490832243,-0.01633326490832243,25.734427110760706,-0.22336725033464963,max_hold
HON,2019-08-05,2019-08-06,2019-08-13,139.2090784160189,140.52132246591617,5,0.009426425810935113,0.008426425810935112,27.236474028908674,0.12318590675688049,max_hold
PCAR,2019-08-05,2019-08-06,2019-08-13,33.40438297936962,33.34194256981765,5,-0.0018692280468266542,-0.0028692280468266542,27.324636420349833,-0.1358756748901522,max_hold
MNST,2019-08-05,2019-08-06,2019-08-13,14.75,14.005000114440918,5,-0.050508466817564934,-0.051508466817564935,27.471049864295907,0.20575030870739205,max_hold
CHTR,2019-08-05,2019-08-06,2019-08-13,379.7699890136719,376.2300109863281,5,-0.009321373804543343,-0.010321373804543343,27.92972208912805,-0.046330581322818455,max_hold
WDAY,2019-08-05,2019-08-06,2019-08-13,189.55999755859375,192.5500030517578,5,0.015773399090912354,0.014773399090912354,28.835264287278974,0.1263417553305889,max_hold
ADBE,2019-08-05,2019-08-06,2019-08-13,283.6300048828125,288.2300109863281,5,0.01621833383042892,0.01521833383042892,29.24364825294127,0.5573961718081113,max_hold
ILMN,2019-08-05,2019-08-06,2019-08-13,283.4046630859375,281.64398193359375,5,-0.0062126047368876725,-0.0072126047368876725,29.980685189373446,-0.012910070696345522,max_hold
QCOM,2019-08-06,2019-08-07,2019-08-14,57.07903021719797,59.94740345450926,5,0.05025266242955628,0.04925266242955628,29.032385514979765,-0.45434595726831556,max_hold
MAR,2019-08-06,2019-08-07,2019-08-14,119.70264084874704,123.57995644299524,5,0.032391228520576076,0.031391228520576075,29.623903587937477,0.05675899412197447,max_hold
ON,2019-08-07,2019-08-08,2019-08-15,17.770000457763672,17.229999542236328,5,-0.030388345617144763,-0.031388345617144764,29.618207226217294,-0.018628630592175194,max_hold
DLTR,2019-08-08,2019-08-09,2019-08-16,92.86000061035156,93.88999938964844,5,0.011091953182499337,0.010091953182499336,21.013180285654173,0.16312689066469546,max_hold
ALGN,2019-08-08,2019-08-09,2019-08-16,186.13999938964844,175.92999267578125,5,-0.054851223527160875,-0.055851223527160876,23.505665115954486,-0.056206008016919565,max_hold
KHC,2019-08-08,2019-08-09,2019-08-16,19.208460231767397,17.512780817003375,5,-0.0882777377418138,-0.0892777377418138,29.732961184277798,-0.23559185890240225,max_hold
PYPL,2019-08-12,2019-08-13,2019-08-20,102.24973111423475,106.71987445920782,5,0.04371789828942396,0.04271789828942396,29.380150502866144,-0.12726331942954008,max_hold
MNST,2019-08-12,2019-08-13,2019-08-20,14.005000114440918,14.392499923706055,5,0.027668675908511853,0.026668675908511852,29.8816102400814,0.0254177668574587,max_hold
KHC,2019-08-15,2019-08-16,2019-08-23,17.512780817003375,18.078986956312374,5,0.0323310241374839,0.0313310241374839,19.85725911432155,-0.4443467470478598,max_hold
ALGN,2019-08-15,2019-08-16,2019-08-23,175.92999267578125,177.83999633789062,5,0.0108566119571738,0.0098566119571738,21.442799609697374,-0.056206008016919565,max_hold
CSCO,2019-08-15,2019-08-16,2019-08-23,37.73390684445943,38.93697561665703,5,0.03188296343542407,0.03088296343542407,23.577362737767004,-0.19365865779877792,max_hold
BKR,2019-08-15,2019-08-16,2019-08-23,17.27694116527237,17.41767059346985,5,0.0081455060158655,0.0071455060158655,29.518409058903515,0.18292973018369696,max_hold
ALGN,2019-08-22,2019-08-23,2019-08-30,177.83999633789062,182.0,5,0.0233918339393433,0.022391833939343297,28.798752604369596,-0.025718343604132856,max_hold
KHC,2019-08-23,2019-08-26,2019-09-03,18.022506018311947,17.944856444629334,5,-0.004308478166339169,-0.005308478166339169,29.956625970079685,-0.5872752857756111,max_hold
ILMN,2019-09-09,2019-09-10,2019-09-11,257.3540954589844,270.8074035644531,1,0.05227547702893598,0.05127547702893598,29.844598063935464,-0.012910070696345522,rsi_reversion
ZS,2019-09-09,2019-09-10,2019-09-17,60.939998626708984,48.04999923706055,5,-0.2115195221550098,-0.2125195221550098,28.496815350915043,0.19687525171590364,max_hold
ZM,2019-09-09,2019-09-10,2019-09-17,77.0,81.48999786376953,5,0.05831166056843551,0.05731166056843551,28.749444187406937,0.03888039564440657,max_hold
ZS,2019-09-16,2019-09-17,2019-09-24,48.04999923706055,51.45000076293945,5,0.07075965826980735,0.06975965826980735,17.807375482292443,-0.03672602164295178,max_hold
NFLX,2019-09-23,2019-09-24,2019-10-01,26.25,26.735000610351562,5,0.018476213727678603,0.017476213727678602,28.228360604463532,-0.013375364367286141,max_hold
ZS,2019-09-23,2019-09-24,2019-10-01,51.45000076293945,47.400001525878906,5,-0.0787171851701477,-0.0797171851701477,28.85355747032395,-0.03672602164295178,max_hold
TTD,2019-09-24,2019-09-25,2019-10-02,19.114999771118164,18.083999633789062,5,-0.05393670675774176,-0.05493670675774176,28.94463042613721,0.4823074649356823,max_hold
CRWD,2019-09-27,2019-09-30,2019-10-07,13.375,15.84000015258789,5,0.18429907682900115,0.18329907682900115,26.656895992162703,-0.07700164454098307,rsi_reversion
CTSH,2019-09-27,2019-09-30,2019-10-07,52.79506624090623,53.894771575927734,5,0.02082969893443254,0.019829698934432538,29.979613165059405,-0.285120930967716,max_hold
ZS,2019-09-30,2019-10-01,2019-10-08,47.400001525878906,49.36000061035156,5,0.041350190324415115,0.040350190324415114,26.06478062644834,-0.22523410888374903,max_hold
TTD,2019-10-01,2019-10-02,2019-10-09,18.083999633789062,19.26799964904785,5,0.06547224282434416,0.06447224282434416,27.953098833775186,0.2079543807221632,max_hold
SBUX,2019-10-02,2019-10-03,2019-10-10,72.12362526958526,73.50104922468675,5,0.019098096496854122,0.01809809649685412,26.68231607811103,-0.19278863163408588,max_hold
ZM,2019-10-02,2019-10-03,2019-10-10,73.9000015258789,72.86000061035156,5,-0.014073083816691812,-0.015073083816691812,28.48355001316338,0.20013972357370244,max_hold
FANG,2019-10-02,2019-10-03,2019-10-10,63.092321932103204,62.571158252730434,5,-0.0082603344339367,-0.009260334433936701,29.06413520697062,-0.1660776613594745,max_hold
ZM,2019-10-10,2019-10-11,2019-10-18,71.37000274658203,66.26000213623047,5,-0.07159871673952378,-0.07259871673952378,29.004361777915875,-0.013009851446168064,max_hold
EXC,2019-10-16,2019-10-17,2019-10-24,24.60846708195322,25.308393258086088,5,0.028442493951448267,0.027442493951448266,27.98751593093482,-0.27250282639687473,max_hold
ZM,2019-10-17,2019-10-18,2019-10-25,66.26000213623047,64.33000183105469,5,-0.029127682507581354,-0.030127682507581355,24.68943715028908,-0.18806338552795324,max_hold
ZS,2019-10-18,2019-10-21,2019-10-28,42.869998931884766,43.34000015258789,5,0.010963406401056863,0.009963406401056862,26.884570697526428,-0.22523410888374903,max_hold
CRWD,2019-10-18,2019-10-21,2019-10-28,11.732500076293945,12.5649995803833,5,0.07095670135740795,0.06995670135740795,29.670219936113696,-0.30550862171105053,max_hold
TEAM,2019-10-22,2019-10-23,2019-10-30,109.0,120.0,5,0.10091743119266061,0.09991743119266061,28.924422806638773,0.12639938480898497,rsi_reversion
SBUX,2019-10-22,2019-10-23,2019-10-30,72.13215984601251,72.38882069014518,5,0.003558202675208788,0.002558202675208788,29.73574267307002,-0.1531669193909472,max_hold
ZM,2019-10-24,2019-10-25,2019-11-01,64.33000183105469,69.86000061035156,5,0.08596298184197027,0.08496298184197026,28.835148356628807,-0.16795277042787846,max_hold
EBAY,2019-10-24,2019-10-25,2019-11-01,31.69951091019163,31.654919265855288,5,-0.0014066981810122448,-0.0024066981810122448,29.724953191533615,0.04663948275619025,max_hold
SBUX,2019-11-05,2019-11-06,2019-11-13,70.2242677634104,71.61569669994165,5,0.01981407540223934,0.01881407540223934,29.94919610605818,0.38952247415857505,max_hold
BKNG,2019-11-07,2019-11-08,2019-11-15,75.84190304765907,73.21812293960365,5,-0.034595388599447996,-0.035595388599448,25.704717744017856,-0.29207416251630586,max_hold
EBAY,2019-11-07,2019-11-08,2019-11-15,30.977238780829815,31.547919130360782,5,0.0184225699898124,0.017422569989812398,29.379028265665596,0.12741438054866727,max_hold
PDD,2019-11-20,2019-11-21,2019-11-29,32.650001525878906,35.68000030517578,5,0.0928024085051038,0.0918024085051038,28.827383548295543,0.3449884974299437,max_hold
DLTR,2019-11-26,2019-11-27,2019-12-05,94.5,89.94999694824219,5,-0.04814818044188163,-0.04914818044188163,25.60479080566661,-0.17194890791917095,max_hold
DLTR,2019-12-04,2019-12-05,2019-12-12,89.94999694824219,91.45999908447266,5,0.016787128265266515,0.015787128265266515,22.262941076875606,-0.17194890791917095,max_hold
CSCO,2019-12-05,2019-12-06,2019-12-12,35.94754456055802,36.48810527052317,4,0.015037486331076266,0.014037486331076265,29.316626922667652,-0.3890271700172906,rsi_reversion
KDP,2020-01-21,2020-01-22,2020-01-28,22.920383542938698,23.67145508949385,4,0.03276871633269596,0.031768716332695957,29.30020671577938,0.3791142966984923,rsi_reversion
AMGN,2020-01-24,2020-01-27,2020-02-03,182.2279231488159,176.2888967562604,5,-0.032591198373618124,-0.033591198373618125,28.55755703303707,0.22239497930806995,max_hold
FANG,2020-01-27,2020-01-28,2020-02-04,61.65635450098102,57.28469641411635,5,-0.07090360956704167,-0.07190360956704167,27.367315144747252,-0.0689233778458566,max_hold
REGN,2020-01-27,2020-01-28,2020-02-04,338.4065763017688,344.6476527923938,5,0.01844253902755022,0.01744253902755022,28.217934981084795,0.2800025227940448,max_hold
BKNG,2020-01-27,2020-01-28,2020-02-04,74.8130992698551,72.5620695589159,5,-0.030088710839523136,-0.031088710839523137,28.316105923538743,-0.002460340263396461,max_hold
BKR,2020-01-27,2020-01-28,2020-02-04,18.44644538193017,18.360606863659644,5,-0.0046533907478246705,-0.005653390747824671,29.167633182003357,-0.19813765378363893,max_hold
AMGN,2020-01-31,2020-02-03,2020-02-05,176.2888967562604,182.27677018559848,2,0.033966253913410016,0.032966253913410015,25.19735527750973,0.24345679811036514,rsi_reversion
BIIB,2020-01-31,2020-02-03,2020-02-05,270.6099853515625,285.6300048828125,2,0.0555043063608196,0.0545043063608196,29.026130605731666,0.20185878264788384,rsi_reversion
DLTR,2020-01-29,2020-01-30,2020-02-06,85.69999694824219,88.9800033569336,5,0.03827312165101171,0.03727312165101171,29.90589636768013,-0.4558793216835239,max_hold
BKNG,2020-02-03,2020-02-04,2020-02-06,72.5620695589159,76.54131948105035,2,0.054839256188848884,0.05383925618884888,24.2653739395476,-0.002460340263396461,rsi_reversion
ILMN,2020-01-30,2020-01-31,2020-02-07,288.17120361328125,292.8015441894531,5,0.0160680196984071,0.015068019698407098,28.68510735938918,0.11987661051078563,max_hold
ORLY,2020-01-30,2020-01-31,2020-02-07,27.685333251953125,26.41866683959961,5,-0.04575225448168141,-0.04675225448168141,29.79323859441007,0.21656533644955617,max_hold
FANG,2020-02-03,2020-02-04,2020-02-11,57.28469641411635,56.18603067945726,5,-0.019179044377170662,-0.020179044377170663,19.49256950256361,-0.18994706246618742,max_hold
ON,2020-02-03,2020-02-04,2020-02-11,19.959999084472656,20.709999084472656,5,0.03757515202410211,0.03657515202410211,24.83663842813884,-0.13584701127994564,max_hold
ORLY,2020-02-06,2020-02-07,2020-02-14,26.41866683959961,26.23933219909668,5,-0.006788179039909803,-0.007788179039909803,28.552058714819765,0.0858063472592982,max_hold
FANG,2020-02-10,2020-02-11,2020-02-19,56.18603067945726,59.44364378500355,5,0.05797905753711374,0.05697905753711374,27.59443633964655,0.018896595254007015,rsi_reversion
KHC,2020-02-13,2020-02-14,2020-02-24,19.899309071539502,19.263390041688236,5,-0.03195683968549312,-0.03295683968549312,28.344505160586294,-0.40801172744175596,max_hold
ORLY,2020-02-14,2020-02-18,2020-02-25,26.215333938598633,25.980667114257812,5,-0.008951510016635855,-0.009951510016635856,29.85390564096376,0.0858063472592982,max_hold
BKR,2020-02-21,2020-02-24,2020-03-02,16.60196220022819,13.791488910183602,5,-0.16928560950499927,-0.17028560950499927,29.25466265535003,-0.32936358949583755,max_hold
KHC,2020-02-24,2020-02-25,2020-03-03,19.020451543107622,18.577452566109454,5,-0.023290665628739826,-0.024290665628739827,26.66091184730719,-0.518256370084768,max_hold
ON,2020-02-24,2020-02-25,2020-03-03,19.559999465942383,18.729999542236328,5,-0.04243353509038894,-0.04343353509038894,29.801780538556727,-0.30622469244733697,max_hold
PANW,2020-02-25,2020-02-26,2020-03-04,32.8466682434082,30.99333381652832,5,-0.05642381787844852,-0.057423817878448524,17.104236760945355,0.17793895923550565,max_hold
ILMN,2020-02-25,2020-02-26,2020-03-04,264.5525207519531,268.48248291015625,5,0.014855130266885341,0.01385513026688534,25.98319613782111,-0.05704929486122908,max_hold
MAR,2020-02-25,2020-02-26,2020-03-04,120.59027215919602,110.71985643263648,5,-0.08185084542747534,-0.08285084542747534,26.097425948366563,-0.23036009240792507,max_hold
ORLY,2020-02-25,2020-02-26,2020-03-04,25.299999237060547,24.534666061401367,5,-0.03025032406080419,-0.03125032406080419,27.091511662114954,0.0858063472592982,max_hold
BKNG,2020-02-25,2020-02-26,2020-03-04,67.64503612383459,66.31380713545514,5,-0.019679625655642075,-0.020679625655642075,27.26726775102803,-0.11031761103432551,max_hold
FTNT,2020-02-25,2020-02-26,2020-03-04,21.107999801635742,21.0,5,-0.005116534141116125,-0.006116534141116125,28.700300173992673,0.7791841876441036,max_hold
CSCO,2020-02-25,2020-02-26,2020-03-04,35.45274874735458,33.59637099316053,5,-0.052362026070900236,-0.05336202607090024,29.304662660421542,-0.31404498946299453,max_hold
AMGN,2020-02-25,2020-02-26,2020-03-04,177.36797618687447,171.91188934258912,5,-0.03076139764112118,-0.03176139764112118,29.543870510170123,-0.10463938133661684,max_hold
FANG,2020-02-25,2020-02-26,2020-03-04,51.63768419583322,48.295710432263405,5,-0.06471966773133264,-0.06571966773133264,29.636338279980592,-0.3429006506649315,max_hold
PCAR,2020-02-25,2020-02-26,2020-03-04,38.16491459837726,36.84665662934281,5,-0.034541095739553884,-0.035541095739553885,29.949100900224877,0.3753708526761339,max_hold
AEP,2020-02-27,2020-02-28,2020-03-04,71.45266360698992,76.48440847620263,3,0.07042067594412926,0.06942067594412926,23.775887893568907,0.11529069623226454,rsi_reversion
SBUX,2020-02-26,2020-02-27,2020-03-05,68.09673257674066,67.29335539371209,5,-0.011797587822928501,-0.012797587822928502,29.2084943013829,0.2950090980333488,max_hold
ALGN,2020-02-26,2020-02-27,2020-03-05,222.25,229.5399932861328,5,0.032800869678887734,0.03180086967888773,29.526626692548092,0.16161711450947697,max_hold
PAYX,2020-02-26,2020-02-27,2020-03-05,66.34673701154686,65.7004362427626,5,-0.009741259297676885,-0.010741259297676886,29.94867837769607,0.18485318315087484,max_hold
SIRI,2020-02-27,2020-02-28,2020-03-06,51.38828538989033,51.877690844614406,5,0.009523677449264634,0.008523677449264633,23.47980379548747,0.09440048356887462,max_hold
ADP,2020-02-27,2020-02-28,2020-03-06,132.0431822546725,132.05182146726662,5,6.542717652369134e-05,-0.0009345728234763087,24.864777868492695,0.3098321100339878,max_hold
HON,2020-02-27,2020-02-28,2020-03-06,133.0407154325509,137.41916735741827,5,0.03291061620220437,0.03191061620220437,24.969975271991387,0.2908648242955716,max_hold
BKR,2020-02-28,2020-03-02,2020-03-09,13.791488910183602,11.216633756144875,5,-0.18669885251747265,-0.18769885251747265,12.27294339721172,-0.45806369960654464,max_hold
CSX,2020-03-02,2020-03-03,2020-03-10,21.478478211760336,19.059360198936798,5,-0.11262986087622229,-0.11362986087622229,28.498741369579847,-0.4512408979431713,max_hold
ORLY,2020-03-03,2020-03-04,2020-03-10,24.534666061401367,25.44533348083496,4,0.037117579556800395,0.036117579556800394,28.295592670921565,0.0858063472592982,rsi_reversion
DLTR,2020-03-04,2020-03-05,2020-03-10,78.62999725341797,85.08000183105469,3,0.08202982071649934,0.08102982071649933,27.87451367903232,-0.3984538070506998,rsi_reversion
PANW,2020-03-03,2020-03-04,2020-03-11,30.99333381652832,27.34666633605957,5,-0.11765973618894887,-0.11865973618894887,18.126048128616574,-0.05817382168102459,max_hold
MAR,2020-03-03,2020-03-04,2020-03-11,110.71985643263648,101.81359571738376,5,-0.080439597757891,-0.081439597757891,24.99930814811256,-0.5395753266859336,max_hold
CSCO,2020-03-03,2020-03-04,2020-03-11,33.59637099316053,32.19377078438194,5,-0.04174856293449447,-0.04274856293449447,27.902864166873385,-0.4490664457415409,max_hold
FANG,2020-03-03,2020-03-04,2020-03-11,48.295710432263405,21.88302478325958,5,-0.5468950640253782,-0.5478950640253782,29.63607032369555,-0.3429006506649315,max_hold
ROST,2020-03-05,2020-03-06,2020-03-13,91.45835063127414,89.62148295693162,5,-0.02008419856321364,-0.02108419856321364,27.425947935529962,0.43201900468568843,max_hold
BKR,2020-03-06,2020-03-09,2020-03-16,11.216633756144875,9.31493987241918,5,-0.16954229986192415,-0.17054229986192415,26.164420793318513,-0.45806369960654464,max_hold
WDAY,2020-03-06,2020-03-09,2020-03-16,148.75,124.19999694824219,5,-0.16504203732274159,-0.1660420373227416,28.864335368409286,0.160243213162508,max_hold
KDP,2020-03-06,2020-03-09,2020-03-16,21.722036480673648,17.78101298053128,5,-0.1814297431849331,-0.1824297431849331,29.404454941311258,-0.09035237246411118,max_hold
BKNG,2020-03-06,2020-03-09,2020-03-16,57.98486705986298,49.81887626939542,5,-0.14082968892619996,-0.14182968892619996,29.94460238433298,-0.35733962447281026,max_hold
CSX,2020-03-09,2020-03-10,2020-03-17,19.059360198936798,15.14166855477298,5,-0.20555210685311254,-0.20655210685311254,20.98897062734028,-0.4512408979431713,max_hold
CRWD,2020-03-09,2020-03-10,2020-03-17,12.117500305175781,8.482500076293945,5,-0.29997938001529967,-0.30097938001529967,23.344831800210954,-0.19700395922146885,max_hold
SBUX,2020-03-09,2020-03-10,2020-03-17,62.680429657454624,51.44184161271468,5,-0.17929979271294494,-0.18029979271294494,25.05855235397621,-0.1948277537103673,max_hold
ON,2020-03-09,2020-03-10,2020-03-17,16.31999969482422,12.100000381469727,5,-0.2585783941339679,-0.2595783941339679,25.329587169063473,-0.3271896613206953,max_hold
PCAR,2020-03-09,2020-03-10,2020-03-17,33.871168995412596,32.52062846347066,5,-0.03987286450387495,-0.04087286450387495,25.469609601771396,0.0992701620341325,max_hold
SIRI,2020-03-09,2020-03-10,2020-03-17,50.246308276766804,42.00788581536064,5,-0.1639607514253042,-0.1649607514253042,26.072117671439358,0.09440048356887462,max_hold
FTNT,2020-03-09,2020-03-10,2020-03-17,18.091999053955078,15.418000221252441,5,-0.14780007586381538,-0.14880007586381538,26.280679350336342,0.6280999539673456,max_hold
META,2020-03-09,2020-03-10,2020-03-17,173.01293168440577,149.30997192012035,5,-0.13700108733792327,-0.13800108733792327,26.289518257022934,-0.33666330186938126,max_hold
CTSH,2020-03-09,2020-03-10,2020-03-17,50.01698401653555,40.07477342133346,5,-0.198776691371779,-0.199776691371779,26.687235507775227,0.10023321844107119,max_hold
MCHP,2020-03-09,2020-03-10,2020-03-17,35.62446678386174,25.73514225769043,5,-0.27759922937713355,-0.27859922937713355,26.99268901701643,0.19511540466679278,max_hold
LULU,2020-03-09,2020-03-10,2020-03-17,206.3699951171875,141.6999969482422,5,-0.313369189800205,-0.314369189800205,27.05528803694571,-0.16988586988822577,max_hold
FANG,2020-03-10,2020-03-11,2020-03-18,21.88302478325958,14.20734773163465,5,-0.3507594186657774,-0.3517594186657774,15.906933353284956,-0.27337381649357895,max_hold
PANW,2020-03-10,2020-03-11,2020-03-18,27.34666633605957,22.25666618347168,5,-0.1861287255286458,-0.1871287255286458,24.194949411479044,-0.13312000625683115,max_hold
MAR,2020-03-11,2020-03-12,2020-03-19,86.28268392837211,58.65306849684235,5,-0.3202220210774457,-0.3212220210774457,26.720399146426317,-0.6149970144564505,max_hold
ADSK,2020-03-11,2020-03-12,2020-03-19,143.7899932861328,141.4499969482422,5,-0.016273707817999417,-0.017273707817999417,29.772267770461042,0.14976410616435515,max_hold
KHC,2020-03-12,2020-03-13,2020-03-20,15.437333909231585,16.316765544936548,5,0.05696784437493174,0.05596784437493174,21.907601874439308,-0.007850499422942888,max_hold
KDP,2020-03-13,2020-03-16,2020-03-23,17.78101298053128,19.646037931897048,5,0.10488856587686057,0.10388856587686057,25.65835950096573,-0.16564627003087404,max_hold
EXC,2020-03-13,2020-03-16,2020-03-23,18.71964736737663,17.748962739530544,5,-0.051853788097404596,-0.0528537880974046,28.538819089248562,-0.029543644471108514,max_hold
WDAY,2020-03-13,2020-03-16,2020-03-23,124.19999694824219,125.66000366210938,5,0.011755287840108597,0.010755287840108596,29.48919166373868,0.160243213162508,max_hold
CRWD,2020-03-16,2020-03-17,2020-03-23,8.482500076293945,11.5600004196167,4,0.3628058138099459,0.3618058138099459,19.225599096842174,-0.19700395922146885,rsi_reversion
LULU,2020-03-16,2020-03-17,2020-03-24,141.6999969482422,183.25,5,0.2932251513522228,0.2922251513522228,19.082013909074703,-0.376889801831005,max_hold
ROST,2020-03-16,2020-03-17,2020-03-24,69.96833169129626,63.75455166259974,5,-0.08880846346475746,-0.08980846346475746,20.961528330354398,0.1544066048725238,max_hold
NXPI,2020-03-16,2020-03-17,2020-03-24,73.18906283792803,74.42606474320095,5,0.01690145845988189,0.01590145845988189,24.010550950715555,0.13739516002633767,max_hold
CSX,2020-03-16,2020-03-17,2020-03-24,15.14166855477298,15.59124284486284,5,0.029691198725132928,0.028691198725132927,24.132252731828046,-0.47677695068712755,max_hold
ISRG,2020-03-16,2020-03-17,2020-03-24,137.663330078125,132.97332763671875,5,-0.03406864005646704,-0.03506864005646704,24.957196381138374,-0.11213273505345642,max_hold
CTSH,2020-03-16,2020-03-17,2020-03-24,40.07477342133346,39.30098271078121,5,-0.019308673374565544,-0.020308673374565545,25.320438513934477,0.10023321844107119,max_hold
TTD,2020-03-16,2020-03-17,2020-03-24,16.5,19.216999053955078,5,0.16466660933061084,0.16366660933061083,25.457335667251556,0.37001826957087147,max_hold
MCHP,2020-03-16,2020-03-17,2020-03-24,25.73514225769043,30.74579587623363,5,0.1947008323626369,0.1937008323626369,25.50177074801786,0.19511540466679278,max_hold
AVGO,2020-03-16,2020-03-17,2020-03-24,16.412025193797827,17.893524994897383,5,0.09026916444531308,0.08926916444531308,25.52677982334251,-0.1513868047112636,max_hold
SIRI,2020-03-16,2020-03-17,2020-03-24,42.00788581536064,39.15297970374203,5,-0.06796119481391949,-0.06896119481391949,26.396702761097984,0.09440048356887462,max_hold
ILMN,2020-03-16,2020-03-17,2020-03-24,209.03697204589844,240.84629821777344,5,0.15217081390219622,0.15117081390219622,26.918330387760648,-0.05704929486122908,max_hold
FANG,2020-03-17,2020-03-18,2020-03-25,14.20734773163465,19.015280627373276,5,0.33841171389316305,0.33741171389316305,15.044239009059737,-0.41467083229066765,max_hold
PANW,2020-03-17,2020-03-18,2020-03-25,22.25666618347168,27.293333053588867,5,0.22629925023800435,0.22529925023800434,26.28999148695668,-0.2706189984001003,max_hold
MAR,2020-03-18,2020-03-19,2020-03-26,58.65306849684235,83.9818374635864,5,0.4318404751169609,0.4308404751169609,16.21116949768178,-0.8180396864694457,max_hold
ON,2020-03-18,2020-03-19,2020-03-26,8.359999656677246,15.039999961853027,5,0.799043131519793,0.798043131519793,21.789078384977287,-0.15907440826886018,max_hold
ISRG,2020-03-23,2020-03-24,2020-03-26,132.97332763671875,154.2100067138672,2,0.15970630693071586,0.15870630693071586,24.66286977549774,-0.11213273505345642,rsi_reversion
ALGN,2020-03-19,2020-03-20,2020-03-27,144.9499969482422,180.5,5,0.24525701138477274,0.24425701138477274,26.163003015551197,0.3126908138744642,max_hold
HON,2020-03-20,2020-03-23,2020-03-30,93.01169545755045,113.13870566701449,5,0.21639225164592135,0.21539225164592135,26.00202612662146,0.11023543018928932,max_hold
EBAY,2020-03-20,2020-03-23,2020-03-30,24.50565549866015,27.536267306039157,5,0.12366989356986213,0.12266989356986213,27.605118425213178,0.21064580470894032,max_hold
BKR,2020-03-20,2020-03-23,2020-03-30,8.507137315376298,9.693593508918541,5,0.13946597422352314,0.13846597422352314,27.680705491547712,-0.5258166467839317,max_hold
BKNG,2020-03-20,2020-03-23,2020-03-30,45.598138767547816,49.28239409803174,5,0.0807983709437281,0.0797983709437281,27.717852985451202,-0.40922558659396413,max_hold
ROST,2020-03-23,2020-03-24,2020-03-31,63.75455166259974,79.0586606345596,5,0.24004731541289615,0.23904731541289614,22.198639624657545,-0.2054358683990894,max_hold
PCAR,2020-03-23,2020-03-24,2020-03-31,28.108496758622337,32.60131718103767,5,0.1598385164812186,0.1588385164812186,26.642919624617434,0.0992701620341325,max_hold
PAYX,2020-03-23,2020-03-24,2020-03-31,43.178548706781505,52.27564902538296,5,0.21068564347492047,0.20968564347492047,27.06464509408754,0.18485318315087484,max_hold
SIRI,2020-03-23,2020-03-24,2020-03-31,39.15297970374203,39.47924643499357,5,0.008333126462412244,0.007333126462412244,27.736275343156976,0.09440048356887462,max_hold
ADP,2020-03-23,2020-03-24,2020-03-31,99.30077635165783,116.89883409762247,5,0.177219739789787,0.176219739789787,28.01556014346164,0.2724172858719953,max_hold
AEP,2020-03-23,2020-03-24,2020-03-31,56.87322624767019,65.61928378122782,5,0.153781631720179,0.152781631720179,28.650812980417214,-0.37115580772907747,max_hold
ORLY,2020-03-23,2020-03-24,2020-03-31,18.15133285522461,20.65399932861328,5,0.1378778348317442,0.1368778348317442,29.02072795984985,-0.11090208230246514,max_hold
EXC,2020-03-23,2020-03-24,2020-03-31,17.75460406893218,20.768254884949418,5,0.16973911692520693,0.16873911692520693,29.555719623060696,-0.21648677425051546,max_hold
CTSH,2020-03-23,2020-03-24,2020-03-31,39.30098271078121,42.30614373579885,5,0.07646528961203924,0.07546528961203924,29.99632271805926,0.19112816926987655,max_hold
FANG,2020-03-24,2020-03-25,2020-04-01,19.015280627373276,19.471332457337688,5,0.023983439366543235,0.022983439366543235,28.95705607863455,-0.6763346601460808,max_hold
MAR,2020-04-02,2020-04-03,2020-04-13,61.70170996203944,78.19129487345725,5,0.2672468059890505,0.2662468059890505,28.64176574574799,-0.6939955507073434,max_hold
BIIB,2020-06-18,2020-06-19,2020-06-26,261.75,262.760009765625,5,0.0038586810530085724,0.0028586810530085724,26.66948110298516,0.23096664747112136,max_hold
INTC,2020-07-24,2020-07-27,2020-08-03,45.490341281856246,43.029951830308626,5,-0.05408597478535393,-0.05508597478535393,25.260732525137385,-0.020177741024514778,max_hold
ADP,2020-07-30,2020-07-31,2020-08-07,116.43469362193011,119.32681181909064,5,0.02483897287995096,0.02383897287995096,28.851493568933478,0.41783295131937565,max_hold
INTC,2020-07-31,2020-08-03,2020-08-10,43.029951830308626,43.25937598893542,5,0.00533173170938106,0.00433173170938106,21.341414786278875,-0.029369473833098854,max_hold
GILD,2020-07-31,2020-08-03,2020-08-10,55.31272957187219,54.86053020343195,5,-0.00817532188232839,-0.009175321882328391,29.876719023141305,0.10203523389067184,max_hold
INTC,2020-08-07,2020-08-10,2020-08-17,43.25937598893542,44.07610059717032,5,0.01887971311569081,0.01787971311569081,26.984835967107443,0.13825822767108348,max_hold
GILD,2020-08-19,2020-08-20,2020-08-27,52.23451309766121,52.036176825946804,5,-0.0037970349478242404,-0.0047970349478242405,29.60376228641948,0.1526529340979709,max_hold
MU,2020-08-20,2020-08-21,2020-08-28,41.78462852353228,43.510615909974526,5,0.04130675435992459,0.04030675435992459,28.52478815995542,-0.17823567164999618,max_hold
CSCO,2020-09-03,2020-09-04,2020-09-14,34.58499903027087,33.76234935694374,5,-0.023786314772109796,-0.024786314772109797,29.976190392866798,-0.07053664945931025,max_hold
MRNA,2020-09-08,2020-09-09,2020-09-15,56.029998779296875,65.0270004272461,4,0.16057472503950176,0.15957472503950176,29.541948195282814,0.041502970912850455,rsi_reversion
FANG,2020-09-08,2020-09-09,2020-09-16,25.656712123924038,24.29559515288816,5,-0.05305110664459145,-0.05405110664459145,25.622807782229643,-0.1890624534236711,max_hold
FAST,2020-09-08,2020-09-09,2020-09-16,19.05904873475858,19.338571464394683,5,0.014666142761171841,0.01366614276117184,29.398354737653392,0.08046432897195675,max_hold
KHC,2020-09-10,2020-09-11,2020-09-18,23.578236727461356,22.863297812182687,5,-0.030321983935549635,-0.031321983935549635,29.95651700197088,0.22597688877663583,max_hold
CSCO,2020-09-11,2020-09-14,2020-09-21,33.76234935694374,32.99845445334136,5,-0.022625644190997996,-0.023625644190997996,28.655347872858442,-0.021571664899980705,max_hold
LRCX,2020-09-11,2020-09-14,2020-09-21,28.30713575902062,28.617625730221256,5,0.01096861137219407,0.00996861137219407,29.796047867191234,-0.04338375749534606,max_hold
FANG,2020-09-15,2020-09-16,2020-09-23,24.29559515288816,24.869938248334183,5,0.023639803504782453,0.022639803504782452,28.382475254844948,-0.34858478208873706,max_hold
ILMN,2020-09-17,2020-09-18,2020-09-25,290.23345947265625,276.6828918457031,5,-0.04668850949016701,-0.04768850949016701,26.711748211568562,-0.07153613659197976,max_hold
KHC,2020-09-17,2020-09-18,2020-09-25,22.863297812182687,21.507880009408552,5,-0.05928356503548238,-0.06028356503548238,27.74173814487591,0.5199865047167992,max_hold
LULU,2020-09-17,2020-09-18,2020-09-25,304.7300109863281,315.6099853515625,5,0.035703652324950985,0.034703652324950984,29.575815353773834,0.08181088499637348,max_hold
SIRI,2020-09-18,2020-09-21,2020-09-28,41.54191822945581,42.60707768381973,5,0.02564059388111395,0.024640593881113948,29.172111742942107,0.4477282921509677,max_hold
CSCO,2020-09-21,2020-09-22,2020-09-29,32.889329857083524,32.79698248441798,5,-0.0028078216572616777,-0.0038078216572616777,27.682558448205086,-0.2052235735556733,max_hold
BKNG,2020-09-21,2020-09-22,2020-09-29,64.83174598683554,66.43100694399854,5,0.024667868076354793,0.023667868076354792,29.56172975421927,-0.024028120405918507,max_hold
KDP,2020-09-23,2020-09-24,2020-10-01,23.368391247352694,23.6849516474964,5,0.013546520887678604,0.012546520887678603,28.7862130287741,0.20465871372672978,max_hold
KHC,2020-09-24,2020-09-25,2020-10-02,21.507880009408552,22.297295856180835,5,0.036703563829952435,0.035703563829952434,21.16515363529419,0.5199865047167992,max_hold
PDD,2020-10-02,2020-10-05,2020-10-09,72.19999694824219,74.0,4,0.024930791244328843,0.023930791244328842,29.208730068956214,0.021203939381371103,rsi_reversion
VRTX,2020-10-15,2020-10-16,2020-10-23,217.7899932861328,212.19000244140625,5,-0.025712801402079544,-0.026712801402079545,25.55014391891865,0.14384641889772043,max_hold
VRTX,2020-10-22,2020-10-23,2020-10-30,212.19000244140625,205.92999267578125,5,-0.029501907222766688,-0.03050190722276669,26.22293063198113,0.14384641889772043,max_hold
INTC,2020-10-26,2020-10-27,2020-11-03,41.26692211302363,40.14505548957236,5,-0.027185614191886143,-0.028185614191886144,29.936471428368293,0.047295857547747684,max_hold
CSCO,2020-10-27,2020-10-28,2020-11-04,30.76974330961938,31.37122937105289,5,0.019547971375031725,0.018547971375031724,27.884072367990967,-0.29231545454038693,max_hold
BIIB,2020-10-27,2020-10-28,2020-11-04,251.02999877929688,253.1999969482422,5,0.008644377881119825,0.007644377881119825,29.562321143900718,0.37634435047866116,rsi_reversion
AMGN,2020-10-28,2020-10-29,2020-11-05,177.6442028015792,194.3916149978398,5,0.09427502801747334,0.09327502801747334,27.58071539221281,0.37969568177035934,rsi_reversion
MDLZ,2020-10-28,2020-10-29,2020-11-05,45.41970525105101,47.488127559552275,5,0.04554019664082687,0.04454019664082687,27.830552217835816,0.39111470440922813,max_hold
GILD,2020-10-28,2020-10-29,2020-11-05,46.336402237621826,48.372646519726196,5,0.04394480761933406,0.04294480761933406,29.212952976934204,0.39845720110437854,max_hold
FANG,2020-10-28,2020-10-29,2020-11-05,18.882582307990344,21.47893975986076,5,0.13750012628154917,0.13650012628154917,29.263901248643407,-0.2081554159205882,max_hold
PANW,2020-10-28,2020-10-29,2020-11-05,37.654998779296875,40.348331451416016,5,0.07152656378785927,0.07052656378785926,29.338279771737476,0.5589739748472994,rsi_reversion
VRTX,2020-10-29,2020-10-30,2020-11-06,205.92999267578125,219.1199951171875,5,0.06405090521307777,0.06305090521307777,28.620296076083264,0.20215360974353686,max_hold
DXCM,2020-10-30,2020-11-02,2020-11-09,82.13500213623047,90.3324966430664,5,0.09980512928263452,0.09880512928263452,29.10021548735891,0.5377243233469963,max_hold
INTC,2020-11-02,2020-11-03,2020-11-10,40.14505548957236,41.04274862307498,5,0.022361237830043512,0.02136123783004351,26.741031269102294,0.31186304440412566,max_hold
AEP,2020-11-19,2020-11-20,2020-11-30,66.57795332887085,69.04439888440841,5,0.03704598042169027,0.03604598042169027,28.706126766028063,-0.05365890455675019,max_hold
XEL,2020-12-04,2020-12-07,2020-12-14,54.49671415123871,54.057633379797096,5,-0.008057013680184189,-0.00905701368018419,29.982728825545053,-0.09071401700520841,max_hold
REGN,2020-12-10,2020-12-11,2020-12-18,473.749353368615,495.3257133083772,5,0.045543829846611095,0.044543829846611094,28.06688811109828,0.47635665102821045,max_hold
GILD,2020-12-22,2020-12-23,2020-12-31,46.13118070250757,45.88796078669742,5,-0.005272354015359748,-0.006272354015359748,29.637420321536027,0.5390667517231013,max_hold
GILD,2020-12-30,2020-12-31,2021-01-04,45.88796078669742,47.566192161602686,1,0.036572367700239417,0.035572367700239416,29.807874806375395,0.6194512631965676,rsi_reversion
ZM,2020-12-31,2021-01-04,2021-01-11,340.3999938964844,344.9800109863281,5,0.013454809553364866,0.012454809553364865,28.928098704966658,0.21680929071592778,max_hold
META,2021-01-14,2021-01-15,2021-01-20,245.54817530475583,266.37866964606815,2,0.0848326171247622,0.0838326171247622,29.65016625747444,-0.45971401036141074,rsi_reversion
BKNG,2021-01-27,2021-01-28,2021-02-04,77.32827343553826,79.56133594400552,5,0.02887769775861826,0.02787769775861826,28.490869705909333,0.17845143427328206,rsi_reversion
CSX,2021-01-27,2021-01-28,2021-02-04,26.365352351238098,27.58833764703692,5,0.04638607819483176,0.04538607819483176,29.93038025555795,0.16582984625246733,max_hold
REGN,2021-02-22,2021-02-23,2021-03-02,453.77786551097836,458.8004032369614,5,0.011068273945727736,0.010068273945727735,27.725668608767663,0.5502150551137377,max_hold
COST,2021-02-25,2021-02-26,2021-03-05,316.6803897182792,297.6329552131597,5,-0.060147186638440764,-0.061147186638440765,26.250596377831272,0.6587693634264673,max_hold
AAPL,2021-02-25,2021-02-26,2021-03-05,119.18940971098537,117.62408266255089,5,-0.013133105132663525,-0.014133105132663526,28.348649756306514,-0.13426194655720208,max_hold
LULU,2021-02-25,2021-02-26,2021-03-05,312.3500061035156,290.45001220703125,5,-0.07011363364349199,-0.07111363364349199,29.447323575056274,0.380519648805706,max_hold
PEP,2021-02-25,2021-02-26,2021-03-05,108.60461511146237,108.69211373270684,5,0.0008056620904615119,-0.00019433790953848808,29.672362057147865,0.34183421705346184,max_hold
EXC,2021-02-26,2021-03-01,2021-03-08,22.69762898047671,23.241216101848273,5,0.02394907070862451,0.022949070708624508,29.112951954424517,0.21421990688008252,rsi_reversion
DLTR,2021-02-26,2021-03-01,2021-03-08,98.80000305175781,104.48999786376953,5,0.05759103882852035,0.056591038828520346,29.694698351038426,0.4585209046958663,rsi_reversion
COST,2021-03-04,2021-03-05,2021-03-12,297.6329552131597,309.68626789326174,5,0.04049723818879425,0.03949723818879425,19.192297367850543,0.3916217478661587,max_hold
LULU,2021-03-04,2021-03-05,2021-03-12,290.45001220703125,304.4599914550781,5,0.048235423168309755,0.047235423168309754,23.56491137991729,0.380519648805706,max_hold
MRVL,2021-03-04,2021-03-05,2021-03-12,39.76341799261021,43.984609902510066,5,0.10615767262976084,0.10515767262976083,29.02015713876716,0.20282221900308592,max_hold
MELI,2021-03-04,2021-03-05,2021-03-12,1475.510009765625,1531.0,5,0.03760732890127216,0.03660732890127216,29.262585111820655,0.1616392465861695,max_hold
TSLA,2021-03-05,2021-03-08,2021-03-15,200.18333435058594,231.3633270263672,5,0.15575718516694792,0.15475718516694792,29.576555002701554,-0.041394715951479734,max_hold
ADBE,2021-03-08,2021-03-09,2021-03-16,437.8399963378906,452.010009765625,5,0.03236345136637331,0.03136345136637331,27.52769850321485,0.5611270790094578,max_hold
SNPS,2021-03-08,2021-03-09,2021-03-16,226.2899932861328,239.75,5,0.05948122812857948,0.05848122812857948,28.665916292415275,0.6652575528358609,max_hold
QCOM,2021-03-08,2021-03-09,2021-03-16,113.15886725474414,118.0444502658464,5,0.04317454857606329,0.04217454857606329,28.683980884917446,0.06155890232002816,max_hold
ZS,2021-03-08,2021-03-09,2021-03-16,178.71499633789062,187.0,5,0.046358749024313584,0.04535874902431358,28.788797062213433,0.3426549462461521,max_hold
CRWD,2021-03-08,2021-03-09,2021-03-16,48.162498474121094,50.95249938964844,5,0.05792890742631385,0.056928907426313846,28.9409618717157,0.15596238861477463,max_hold
PDD,2021-03-08,2021-03-09,2021-03-16,145.6999969482422,166.8000030517578,5,0.1448181643477391,0.14381816434773909,29.00763438373241,0.3998188503991904,max_hold
AMD,2021-03-08,2021-03-09,2021-03-16,76.7300033569336,83.66000366210938,5,0.09031669493012684,0.08931669493012684,29.344811134804146,-0.18444931246328464,max_hold
JD,2021-04-20,2021-04-21,2021-04-28,64.83649437992128,68.94572690360151,5,0.06337838840578636,0.062378388405786356,29.068891477095377,-0.04789139319131938,max_hold
TTD,2021-05-10,2021-05-11,2021-05-18,47.48550033569336,50.720001220703125,5,0.06811554815983456,0.06711554815983456,26.635998011869063,0.4480392929711036,max_hold
JD,2021-05-10,2021-05-11,2021-05-18,60.84991557851278,61.244205578691684,5,0.006479713183334956,0.005479713183334956,29.164467816090948,-0.14121632622761482,max_hold
CTSH,2021-05-11,2021-05-12,2021-05-19,65.61426545149925,63.7323415151721,5,-0.028681627743257,-0.029681627743257,29.690343286145435,0.32620566329088396,max_hold
INTC,2021-05-12,2021-05-13,2021-05-20,49.45278692369479,50.85290482640319,5,0.028312214332202768,0.027312214332202767,27.55335727360641,-0.1548704192837341,max_hold
MELI,2021-05-12,2021-05-13,2021-05-20,1309.0899658203125,1333.9300537109375,5,0.018975080811240996,0.017975080811240995,27.920771904724276,0.6114686895268714,max_hold
DXCM,2021-05-12,2021-05-13,2021-05-20,84.08499908447266,84.0199966430664,5,-0.0007730563372064791,-0.0017730563372064792,29.820479091516702,-0.055916287334787054,max_hold
WDAY,2021-05-13,2021-05-14,2021-05-21,225.6300048828125,235.3300018310547,5,0.042990722591528474,0.04199072259152847,29.497404779127464,0.038971758814918114,max_hold
JD,2021-05-17,2021-05-18,2021-05-25,61.244205578691684,64.01289215109827,5,0.0452073228192853,0.0442073228192853,29.623185943462914,-0.18549370336222368,max_hold
CTSH,2021-05-18,2021-05-19,2021-05-26,63.7323415151721,64.9859337792453,5,0.019669640786299514,0.018669640786299513,29.324988209962953,0.32620566329088396,max_hold
DLTR,2021-05-27,2021-05-28,2021-06-07,100.5999984741211,101.6500015258789,5,0.010437406239403924,0.009437406239403923,24.48808944585238,0.2174146581327125,max_hold
VRTX,2021-06-11,2021-06-14,2021-06-21,195.66000366210938,188.11000061035156,5,-0.03858736027009446,-0.03958736027009446,28.810882157568344,0.1424590011295916,max_hold
CTSH,2021-06-17,2021-06-18,2021-06-25,62.81729900482488,63.89704046590619,5,0.017188600563650125,0.016188600563650124,26.990544170197737,0.32620566329088396,max_hold
VRTX,2021-06-18,2021-06-21,2021-06-28,188.11000061035156,197.0,5,0.04725957876138143,0.046259578761381426,27.96162229682882,0.37969275881282427,max_hold
KHC,2021-06-18,2021-06-21,2021-06-28,31.185615205608755,31.31238590032301,5,0.004065037482135603,0.0030650374821356028,28.137800757540546,0.03219800978808015,max_hold
HON,2021-06-18,2021-06-21,2021-06-28,190.7701163506351,194.66118948357902,5,0.020396659641346293,0.019396659641346292,29.10506540152494,0.5714726031327203,max_hold
KHC,2021-07-14,2021-07-15,2021-07-22,29.86411543503867,30.17067858529491,5,0.010265268058017307,0.009265268058017306,29.423707605180553,0.22686077701925134,max_hold
BKNG,2021-07-19,2021-07-20,2021-07-26,80.7866745477467,86.11359033569386,4,0.06593805002827335,0.06493805002827335,28.046390122222903,0.20438573002648164,rsi_reversion
BKR,2021-07-19,2021-07-20,2021-07-27,17.255325390578072,18.218863653641055,5,0.055840051766807175,0.054840051766807174,27.4975089702492,0.19469245093520876,max_hold
MCHP,2021-07-19,2021-07-20,2021-07-27,59.149385146522484,61.924967218304026,5,0.04692495221896187,0.04592495221896187,28.53668287267692,0.18663512800041143,max_hold
FANG,2021-07-19,2021-07-20,2021-07-27,58.45708681584714,63.557802107014325,5,0.08725572157291328,0.08625572157291328,28.99070349616045,-0.14609018144550126,max_hold
PDD,2021-07-26,2021-07-27,2021-08-03,84.30000305175781,89.30999755859375,5,0.05943053766866346,0.05843053766866346,24.79273760009977,0.08714422350466573,max_hold
PCAR,2021-08-03,2021-08-04,2021-08-11,45.09635803611,44.41107915421738,5,-0.01519588081467449,-0.01619588081467449,29.469269701105503,0.37022311259282087,max_hold
KHC,2021-08-04,2021-08-05,2021-08-12,28.46580476677544,29.072768811395004,5,0.02132256753647077,0.02032256753647077,26.521849437790493,0.13647200000446125,max_hold
AMGN,2021-08-04,2021-08-05,2021-08-12,194.28994545010752,193.8227590274946,5,-0.0024045836315954583,-0.0034045836315954583,28.74400560689081,0.12534020835888898,max_hold
PCAR,2021-08-10,2021-08-11,2021-08-18,44.41107915421738,44.24826993989548,5,-0.0036659594277488328,-0.004665959427748833,24.387409555135036,0.37022311259282087,max_hold
PDD,2021-08-17,2021-08-18,2021-08-24,80.9800033569336,90.94000244140625,4,0.12299331528269031,0.1219933152826903,29.362484739464705,-0.23558756934947123,rsi_reversion
AMZN,2021-08-18,2021-08-19,2021-08-26,159.7010040283203,164.9499969482422,5,0.03286762629864892,0.03186762629864892,27.545955321954608,0.05856124583003635,max_hold
KHC,2021-08-26,2021-08-27,2021-09-03,27.682128874234188,28.023191833914417,5,0.012320691129997563,0.011320691129997562,29.93160837826963,-0.055632962696538765,max_hold
ZM,2021-08-31,2021-09-01,2021-09-09,292.8500061035156,292.1600036621094,5,-0.00235616331577726,-0.00335616331577726,25.020377039732935,0.28788728679711384,max_hold
TMUS,2021-09-07,2021-09-08,2021-09-15,128.03558757441508,122.23566924043483,5,-0.04529926752286195,-0.04629926752286195,28.100990308957634,0.09650790661197517,max_hold
ZM,2021-09-08,2021-09-09,2021-09-16,292.1600036621094,277.67999267578125,5,-0.04956192088180089,-0.05056192088180089,29.72044239471269,0.24718624331522043,max_hold
BIIB,2021-09-09,2021-09-10,2021-09-17,299.9700012207031,300.8500061035156,5,0.002933642961734151,0.0019336429617341508,22.370193459719474,0.015432989500175357,max_hold
AMGN,2021-09-10,2021-09-13,2021-09-20,185.7846293555542,186.91444210346086,5,0.0060813036677238586,0.0050813036677238585,29.043624768325188,0.01341607161876339,max_hold
CSX,2021-09-10,2021-09-13,2021-09-20,29.184164083452757,27.94129397143538,5,-0.04258714104208583,-0.04358714104208583,29.955429163955003,0.3006262300972023,max_hold
ADSK,2021-09-13,2021-09-14,2021-09-21,282.19000244140625,285.7200012207031,5,0.012509297809123687,0.011509297809123686,28.71944376683571,0.10107130155703076,max_hold
TMUS,2021-09-14,2021-09-15,2021-09-22,122.23566924043483,119.57341294740536,5,-0.021779700717250328,-0.02277970071725033,18.82417017238727,0.2888844970428391,max_hold
ZM,2021-09-15,2021-09-16,2021-09-23,277.67999267578125,279.9100036621094,5,0.008030866627585453,0.007030866627585453,28.053352352068814,0.1995895584033218,max_hold
BIIB,2021-09-16,2021-09-17,2021-09-24,300.8500061035156,289.8599853515625,5,-0.036529900378900804,-0.037529900378900805,27.280045071530452,0.10989532151606213,max_hold
AEP,2021-09-17,2021-09-20,2021-09-27,70.25670622676915,68.48565171643466,5,-0.02520833391502897,-0.02620833391502897,28.792443923299572,0.12107867536547129,max_hold
QCOM,2021-09-17,2021-09-20,2021-09-27,117.92566081692229,118.78676249939566,5,0.007302072140263238,0.006302072140263238,28.904455303933247,0.22240358925596523,max_hold
CSX,2021-09-17,2021-09-20,2021-09-27,27.94129397143538,28.35246841716115,5,0.014715655121273707,0.013715655121273707,29.074210070672407,0.3006262300972023,max_hold
XEL,2021-09-17,2021-09-20,2021-09-27,54.79777172372779,53.835511099760346,5,-0.017560214470377478,-0.01856021447037748,29.76756541687547,0.03397289107122192,max_hold
PAYX,2021-09-20,2021-09-21,2021-09-28,93.24800473269266,92.28043261721086,5,-0.01037633049903286,-0.01137633049903286,29.048458520823303,0.3584101821344441,max_hold
HON,2021-09-20,2021-09-21,2021-09-28,193.35915839662974,193.20758867407793,5,-0.0007838766149410592,-0.0017838766149410592,29.609689928186853,0.4685064365571209,max_hold
TMUS,2021-09-21,2021-09-22,2021-09-29,119.57341294740536,120.32455645997801,5,0.006281860608118972,0.005281860608118972,20.26311463155075,0.3241063162663418,max_hold
DLTR,2021-09-21,2021-09-22,2021-09-29,86.66000366210938,93.0999984741211,5,0.07431334571737969,0.07331334571737969,28.90336637532326,-0.11585094289541877,rsi_reversion
ILMN,2021-09-21,2021-09-22,2021-09-29,424.79571533203125,401.7509765625,5,-0.054248990603680824,-0.055248990603680825,29.410079457075298,0.03674551712734909,max_hold
META,2021-09-22,2021-09-23,2021-09-30,342.0836035508044,337.2201990425168,5,-0.014217005602740973,-0.015217005602740974,29.714158812983655,-0.0809589934302214,max_hold
PAYX,2021-09-28,2021-09-29,2021-09-30,91.40703250150412,97.60643265035088,1,0.06782191675180727,0.06682191675180726,29.524037571711602,0.3584101821344441,rsi_reversion
BIIB,2021-09-23,2021-09-24,2021-10-01,289.8599853515625,281.3500061035156,5,-0.029358930787653836,-0.030358930787653837,28.11857986491664,0.021051698111101705,max_hold
AEP,2021-09-24,2021-09-27,2021-10-04,68.48565171643466,67.95099536510965,5,-0.007806837460476501,-0.008806837460476502,23.485754406321433,0.2362795910382062,max_hold
ZM,2021-09-24,2021-09-27,2021-10-04,269.489990234375,264.239990234375,5,-0.019481243052605013,-0.020481243052605014,29.227416393788474,-0.15570164894598829,max_hold
XEL,2021-09-27,2021-09-28,2021-10-05,53.03505604432223,54.499724504127016,5,0.027616987122267567,0.026616987122267566,26.242931299536252,0.03397289107122192,max_hold
CHTR,2021-09-27,2021-09-28,2021-10-05,730.0,739.97998046875,5,0.013671206121575352,0.012671206121575351,29.166286465335162,0.1753169407397492,max_hold
ILMN,2021-09-28,2021-09-29,2021-10-06,401.7509765625,373.1322937011719,5,-0.07123488063724959,-0.07223488063724959,20.13075422124355,0.03674551712734909,max_hold
ADBE,2021-09-28,2021-09-29,2021-10-06,585.4500122070312,561.239990234375,5,-0.04135284220319546,-0.04235284220319546,24.821189081527706,0.0156139158616064,max_hold
QCOM,2021-09-28,2021-09-29,2021-10-06,117.13631946913064,113.51253479857031,5,-0.030936473734052394,-0.031936473734052395,27.246942316618956,0.13900878171595132,max_hold
MNST,2021-09-28,2021-09-29,2021-10-06,22.375,22.22249984741211,5,-0.0068156492776710875,-0.007815649277671088,28.465029946581183,0.8083836201689166,max_hold
BIIB,2021-09-30,2021-10-01,2021-10-08,281.3500061035156,287.44000244140625,5,0.021645623621028065,0.020645623621028064,23.73209162768744,-0.1027855359540385,max_hold
ASML,2021-09-30,2021-10-01,2021-10-08,710.790346899307,714.950191808798,5,0.005852421783212991,0.004852421783212991,29.928538316434143,0.12205163098345967,max_hold
REGN,2021-10-01,2021-10-04,2021-10-11,560.0847181722048,544.5115821331336,5,-0.02780496509508945,-0.028804965095089452,23.11322815795164,0.22238664112596612,max_hold
AEP,2021-10-01,2021-10-04,2021-10-11,67.95099536510965,69.77217283241116,5,0.02680133613225366,0.02580133613225366,27.857112429485127,-0.0005318041609021463,max_hold
VRTX,2021-10-01,2021-10-04,2021-10-11,179.0,179.22999572753906,5,0.0012848923326205242,0.00028489233262052414,29.524565836812158,0.004913191196902011,max_hold
SNPS,2021-10-04,2021-10-05,2021-10-12,291.30999755859375,291.3500061035156,5,0.00013734010249288886,-0.0008626598975071112,26.927967413288115,0.654097540002635,max_hold
META,2021-10-04,2021-10-05,2021-10-12,325.4628469564341,319.9654552495772,5,-0.016890996186709972,-0.017890996186709973,28.067526927079655,-0.20988535523406288,max_hold
MELI,2021-10-04,2021-10-05,2021-10-12,1596.0,1472.97998046875,5,-0.07708021273887844,-0.07808021273887844,28.232635901502277,0.35565482488100836,max_hold
AMZN,2021-10-04,2021-10-05,2021-10-12,160.22500610351562,162.85000610351562,5,0.016383210485285238,0.015383210485285237,28.94692891217713,0.16284309258463064,max_hold
ALGN,2021-10-04,2021-10-05,2021-10-12,643.8099975585938,632.0,5,-0.01834391762069354,-0.01934391762069354,29.0849831445519,0.6638068556714213,max_hold
ILMN,2021-10-05,2021-10-06,2021-10-13,373.1322937011719,394.4163513183594,5,0.05704158545503191,0.056041585455031906,22.0130121160024,0.21418309327916704,max_hold
QCOM,2021-10-05,2021-10-06,2021-10-13,113.51253479857031,112.3016168310372,5,-0.010667702643429755,-0.011667702643429756,26.384250079533928,-0.0818729873697205,max_hold
ADBE,2021-10-05,2021-10-06,2021-10-13,561.239990234375,585.260009765625,5,0.04279812548856188,0.04179812548856188,26.845353897750485,0.020165584664804673,max_hold
ZM,2021-10-05,2021-10-06,2021-10-13,251.3000030517578,257.739990234375,5,0.025626689631558897,0.024626689631558896,29.435109101972557,-0.1016656268066389,max_hold
ROST,2021-10-06,2021-10-07,2021-10-14,101.64906140517624,100.0962976018423,5,-0.015275731835285522,-0.016275731835285523,29.79150306945671,0.046919430118748114,max_hold
REGN,2021-10-08,2021-10-11,2021-10-18,544.5115821331336,545.0761502668349,5,0.0010368340219497618,3.68340219497618e-05,22.28410786631308,0.09391881609667811,max_hold
TMUS,2021-10-08,2021-10-11,2021-10-18,115.02856801280576,111.30140170831292,5,-0.032402092531291116,-0.03340209253129112,27.035038361707095,0.059254994566111954,max_hold
CHTR,2021-10-08,2021-10-11,2021-10-18,700.0,697.0599975585938,5,-0.004200003487723203,-0.005200003487723203,28.10169854118631,0.3019461357020498,max_hold
MELI,2021-10-11,2021-10-12,2021-10-19,1472.97998046875,1605.7099609375,5,0.0901098332826702,0.08910983328267019,21.106830659453976,0.35565482488100836,max_hold
CMCSA,2021-10-11,2021-10-12,2021-10-19,41.88546072897675,42.957195231403794,5,0.02558726784365062,0.024587267843650618,29.809617904337614,0.11731674281882211,max_hold
QCOM,2021-10-12,2021-10-13,2021-10-19,112.3016168310372,117.52199496492955,4,0.04648533370402541,0.04548533370402541,20.730556013755958,-0.26176988411551305,rsi_reversion
AMGN,2021-10-12,2021-10-13,2021-10-20,173.5964017548868,177.51652359724025,5,0.022581815076377687,0.021581815076377686,24.71056394620328,0.06420982117820931,max_hold
MU,2021-10-12,2021-10-13,2021-10-20,65.17162430257373,65.62080976787554,5,0.00689234724634713,0.00589234724634713,27.389807141312673,-0.3565090671558964,max_hold
ALGN,2021-10-13,2021-10-14,2021-10-21,600.989990234375,611.1900024414062,5,0.016972016793579847,0.015972016793579846,24.641139318674888,0.328281457717247,max_hold
MNST,2021-10-13,2021-10-14,2021-10-21,21.489999771118164,21.25749969482422,5,-0.010818989240121701,-0.011818989240121702,25.12030139521204,0.4479840342579804,max_hold
REGN,2021-10-15,2021-10-18,2021-10-25,545.0761502668349,568.29718274585,5,0.042601446545858845,0.041601446545858844,29.23968129199706,0.15317599096063597,max_hold
TMUS,2021-10-15,2021-10-18,2021-10-25,111.30140170831292,111.02566366552522,5,-0.002477399552526127,-0.0034773995525261272,29.654466775717054,-0.29907504368938076,max_hold
BIIB,2021-10-18,2021-10-19,2021-10-26,270.0,269.8800048828125,5,-0.00044442635995367574,-0.0014444263599536758,24.76929037121944,-0.29380001986434895,max_hold
MNST,2021-10-20,2021-10-21,2021-10-28,21.25749969482422,21.274999618530273,5,0.0008232352796559983,-0.00017676472034400172,25.077349157730723,0.4479840342579804,max_hold
ALGN,2021-10-22,2021-10-25,2021-10-28,590.0,658.3900146484375,3,0.11591527906514831,0.11491527906514831,29.97474482211598,0.328281457717247,rsi_reversion
INTC,2021-10-26,2021-10-27,2021-11-03,44.68988866509604,45.988586097315725,5,0.02906020737603665,0.02806020737603665,29.030791186705102,0.1329684253750145,max_hold
BIIB,2021-10-27,2021-10-28,2021-11-03,260.45001220703125,271.5299987792969,4,0.04254170110561617,0.04154170110561617,28.161814727695287,-0.1847971918864993,rsi_reversion
SBUX,2021-10-29,2021-11-01,2021-11-03,95.24662686918037,98.88843673809163,2,0.03823557839915126,0.03723557839915126,27.472987460626527,0.22287913308845347,rsi_reversion
CHTR,2021-10-29,2021-11-01,2021-11-08,675.0,689.7100219726562,5,0.021792625144675837,0.020792625144675836,28.859880745581222,0.03381756681537422,max_hold
PYPL,2021-11-02,2021-11-03,2021-11-10,225.81176341808387,201.84901885652158,5,-0.10611822962117334,-0.10711822962117334,29.962304356008488,0.10793113219773778,max_hold
MRNA,2021-11-05,2021-11-08,2021-11-15,233.05999755859375,230.8249969482422,5,-0.009589807919695215,-0.010589807919695216,25.36017596200415,0.07527075185496601,max_hold
PYPL,2021-11-09,2021-11-10,2021-11-17,201.84901885652158,208.81632110496977,5,0.0345173946740891,0.033517394674089096,22.583895541322235,-0.050899627309467135,max_hold
ILMN,2021-11-10,2021-11-11,2021-11-18,378.60894775390625,367.3443603515625,5,-0.029752565197338265,-0.030752565197338266,29.143591485834932,0.1369660569422147,max_hold
MRNA,2021-11-12,2021-11-15,2021-11-22,230.8249969482422,268.07000732421875,5,0.16135605271697684,0.16035605271697684,27.752636428059716,-0.06805847326225477,max_hold
ILMN,2021-11-17,2021-11-18,2021-11-26,367.3443603515625,357.7918395996094,5,-0.026004266794271702,-0.027004266794271703,25.47579823144075,0.14518074392358604,max_hold
PYPL,2021-11-18,2021-11-19,2021-11-29,199.96005909212133,186.83642150757427,5,-0.06563129479023111,-0.06663129479023111,28.889537320730653,-0.22560670051947554,max_hold
MELI,2021-11-22,2021-11-23,2021-12-01,1315.0,1214.6700439453125,5,-0.0762965445282795,-0.0772965445282795,29.94004453793403,0.33350693499061096,max_hold
ZM,2021-11-23,2021-11-24,2021-12-02,203.89700317382812,195.44000244140625,5,-0.041476827029242935,-0.042476827029242936,21.08780116403706,-0.14628844659731777,max_hold
ILMN,2021-11-24,2021-11-26,2021-12-03,357.7918395996094,350.7392883300781,5,-0.01971132510295226,-0.02071132510295226,22.707972974810218,0.12413647670293078,max_hold
ADSK,2021-11-24,2021-11-26,2021-12-03,258.17999267578125,259.6099853515625,5,0.005538743188272521,0.004538743188272521,24.133897252974506,-0.036347579017288925,max_hold
PYPL,2021-11-26,2021-11-29,2021-12-06,186.83642150757427,181.38719243788478,5,-0.02916577520442709,-0.030165775204427092,24.57905240017395,-0.29278905570884506,max_hold
BIIB,2021-11-26,2021-11-29,2021-12-06,245.36000061035156,223.1999969482422,5,-0.0903162846714407,-0.0913162846714407,26.208532408104574,-0.19302584834538686,max_hold
HON,2021-11-26,2021-11-29,2021-12-06,188.3005942027838,183.8396681598837,5,-0.023690451226595965,-0.024690451226595966,27.802432703394985,0.06495704920634819,max_hold
PDD,2021-11-26,2021-11-29,2021-12-06,68.16999816894531,54.72999954223633,5,-0.1971541585405462,-0.1981541585405462,28.870128719169685,0.13273738570919294,max_hold
BKNG,2021-11-26,2021-11-29,2021-12-06,86.21281505076294,84.51623578233911,5,-0.01967896846222772,-0.02067896846222772,28.91465692167219,0.660943466800895,max_hold
AZN,2021-11-29,2021-11-30,2021-12-07,100.34986481240726,98.263029337014,5,-0.020795598273045668,-0.02179559827304567,28.65866786431262,0.13462697279964403,max_hold
TMUS,2021-11-30,2021-12-01,2021-12-07,105.0450964245383,110.16993949621961,4,0.04878707570479368,0.04778707570479368,26.038843588381567,-0.2975725701136062,rsi_reversion
MNST,2021-12-01,2021-12-02,2021-12-07,20.420000076293945,21.487499237060547,3,0.052277137942124074,0.051277137942124074,25.646115648946065,0.25038891453657336,rsi_reversion
ALGN,2021-12-01,2021-12-02,2021-12-07,602.7999877929688,649.1599731445312,3,0.0769077410258423,0.0759077410258423,29.78990589472214,0.5975119154433657,rsi_reversion
MELI,2021-11-30,2021-12-01,2021-12-08,1214.6700439453125,1176.1600341796875,5,-0.03170409112958972,-0.03270409112958972,23.6732817867681,0.33350693499061096,max_hold
CHTR,2021-11-30,2021-12-01,2021-12-08,653.6699829101562,650.3400268554688,5,-0.005094246549095738,-0.006094246549095738,26.631835259433473,0.15169201167346189,max_hold
KHC,2021-11-30,2021-12-01,2021-12-08,26.681864669906492,26.713298643947105,5,0.001178102596257613,0.00017810259625761302,27.775363668613224,0.029220045012894824,max_hold
CRWD,2021-11-30,2021-12-01,2021-12-08,55.172000885009766,51.401248931884766,5,-0.06834539064450562,-0.06934539064450562,29.40852673628069,-0.3144701173410447,max_hold
ZM,2021-12-01,2021-12-02,2021-12-09,195.44000244140625,195.1649932861328,5,-0.001407128284067083,-0.002407128284067083,24.92757997902642,-0.17981916181429808,max_hold
TEAM,2021-12-01,2021-12-02,2021-12-09,357.1000061035156,387.4100036621094,5,0.08487817709475909,0.08387817709475909,27.526829967880914,0.1770294308827303,max_hold
CMCSA,2021-12-01,2021-12-02,2021-12-09,39.7979931333686,38.92621655092127,5,-0.021905038767303875,-0.022905038767303876,28.97902568698271,0.495188798990596,max_hold
ILMN,2021-12-02,2021-12-03,2021-12-10,350.7392883300781,360.48638916015625,5,0.027790159683808158,0.026790159683808157,23.32474179151194,0.12413647670293078,max_hold
BIIB,2021-12-03,2021-12-06,2021-12-13,223.1999969482422,231.67999267578125,5,0.03799281291883472,0.03699281291883472,17.980329829976753,-0.26087595729480245,max_hold
PDD,2021-12-03,2021-12-06,2021-12-13,54.72999954223633,62.86000061035156,5,0.148547435339208,0.147547435339208,23.64690919359029,0.13273738570919294,max_hold
DXCM,2021-12-03,2021-12-06,2021-12-13,129.3975067138672,140.9824981689453,5,0.08953025254725855,0.08853025254725855,29.384428018652613,0.3478589541689683,max_hold
PYPL,2021-12-03,2021-12-06,2021-12-13,181.38719243788478,185.43209049006927,5,0.02229979965961304,0.02129979965961304,29.529394536965683,-0.133798865673756,max_hold
ZM,2021-12-09,2021-12-10,2021-12-17,188.27000427246094,184.1199951171875,5,-0.022042858984948177,-0.023042858984948178,28.387195271803904,0.13958720060959595,max_hold
CHTR,2021-12-09,2021-12-10,2021-12-17,616.3699951171875,632.8599853515625,5,0.02675339546864186,0.02575339546864186,29.457519557978742,-0.0568158888116698,max_hold
LULU,2021-12-14,2021-12-15,2021-12-22,394.0799865722656,385.2699890136719,5,-0.022355861395610854,-0.023355861395610855,28.739910857724695,0.09395081210142057,max_hold
ZM,2021-12-16,2021-12-17,2021-12-27,184.1199951171875,189.5399932861328,5,0.029437314320455155,0.028437314320455154,27.51168945692872,0.3039098734431417,max_hold
EBAY,2021-12-16,2021-12-17,2021-12-27,58.4411051401603,59.87343572271561,5,0.024508957849447288,0.023508957849447287,28.440788868531428,-0.08580025893250114,max_hold
ENPH,2021-12-20,2021-12-21,2021-12-29,181.8300018310547,186.5399932861328,5,0.02590326902957618,0.02490326902957618,28.625554090854607,0.1998327222691132,max_hold
JD,2021-12-20,2021-12-21,2021-12-29,61.393157096221756,58.26523338938453,5,-0.050949061015624575,-0.051949061015624576,28.694652515371416,-0.32994153072263366,max_hold
ENPH,2022-01-05,2022-01-06,2022-01-13,156.00999450683594,156.63999938964844,5,0.004038234119576822,0.0030382341195768223,23.773073966453097,-0.19408149579028722,max_hold
ADBE,2022-01-05,2022-01-06,2022-01-13,510.0,532.219970703125,5,0.04356857000612746,0.04256857000612746,27.78511396436072,-0.3819084431250053,max_hold
WDAY,2022-01-05,2022-01-06,2022-01-13,246.4499969482422,258.44000244140625,5,0.04865086484737158,0.04765086484737158,28.0283168959473,0.2833752185217014,max_hold
LULU,2022-01-05,2022-01-06,2022-01-13,358.92999267578125,353.8999938964844,5,-0.014013871456656002,-0.015013871456656003,28.28123767249066,-0.018398351991639448,max_hold
CRWD,2022-01-05,2022-01-06,2022-01-13,45.0625,47.037498474121094,5,0.04382798278216016,0.04282798278216016,28.40995547777412,-0.1358599760771217,max_hold
NFLX,2022-01-05,2022-01-06,2022-01-13,55.433998107910156,53.70600128173828,5,-0.03117214859386619,-0.03217214859386619,28.73686163909619,0.10320030110940703,max_hold
DXCM,2022-01-07,2022-01-10,2022-01-18,111.0425033569336,109.70249938964844,5,-0.012067487014209899,-0.0130674870142099,28.886988043874766,0.553313539586996,max_hold
ALGN,2022-01-07,2022-01-10,2022-01-18,533.02001953125,509.25,5,-0.044594984541394656,-0.045594984541394656,29.13201177296861,0.32910671784552686,max_hold
TEAM,2022-01-07,2022-01-10,2022-01-18,295.5,284.6400146484375,5,-0.03675121946383253,-0.03775121946383253,29.344541428524195,-0.05661854754871591,max_hold
TMUS,2022-01-10,2022-01-11,2022-01-19,102.1926740559911,101.51760430878842,5,-0.006605852654690492,-0.007605852654690492,26.932524026513008,-0.01950147460130051,max_hold
NFLX,2022-01-12,2022-01-13,2022-01-21,53.70600128173828,40.042999267578125,5,-0.2544036362432741,-0.2554036362432741,22.34609515229546,0.015122097741719291,max_hold
ENPH,2022-01-12,2022-01-13,2022-01-21,156.63999938964844,131.89999389648438,5,-0.1579418130079424,-0.1589418130079424,24.713635145413207,-0.1673780247626811,max_hold
LULU,2022-01-13,2022-01-14,2022-01-24,333.5,308.19000244140625,5,-0.07589204665245497,-0.07689204665245497,26.12066920606739,0.03518097405153108,max_hold
SBUX,2022-01-13,2022-01-14,2022-01-24,90.91145281293723,84.5241890890635,5,-0.07025807559160235,-0.07125807559160235,28.383345717347552,0.20094258760107794,max_hold
ZM,2022-01-13,2022-01-14,2022-01-24,161.4199981689453,141.67999267578125,5,-0.12228971451544557,-0.12328971451544557,29.113986995863854,0.3672068891698587,max_hold
ALGN,2022-01-14,2022-01-18,2022-01-25,509.25,464.04998779296875,5,-0.08875800138837753,-0.08975800138837753,28.0549250422618,0.32910671784552686,max_hold
ISRG,2022-01-14,2022-01-18,2022-01-25,301.3699951171875,261.6400146484375,5,-0.13183124104077126,-0.13283124104077126,28.594471855728273,0.31640123802499537,max_hold
INTU,2022-01-14,2022-01-18,2022-01-25,521.250586163795,499.59152204239433,5,-0.04155211465718067,-0.04255211465718067,29.727449262401464,-0.08674474620125969,max_hold
COST,2022-01-18,2022-01-19,2022-01-26,465.00645068827413,458.684675490181,5,-0.013595026883468031,-0.014595026883468032,27.377342062290765,0.514909643567277,max_hold
DXCM,2022-01-18,2022-01-19,2022-01-26,108.76499938964844,103.33499908447266,5,-0.049924151479309176,-0.050924151479309177,27.56479238554371,0.6257837243182979,max_hold
CHTR,2022-01-18,2022-01-19,2022-01-26,584.2899780273438,563.97998046875,5,-0.034760133362484735,-0.035760133362484736,29.460231566978024,-0.15796336101618422,max_hold
ODFL,2022-01-18,2022-01-19,2022-01-26,153.4041879165161,147.4363606275735,5,-0.038902636036184046,-0.03990263603618405,29.87734474587799,0.09649490031630548,max_hold
MRNA,2022-01-18,2022-01-19,2022-01-26,188.83999633789062,157.99000549316406,5,-0.16336576701435013,-0.16436576701435013,29.95939152603556,-0.27416744576508134,max_hold
ENPH,2022-01-20,2022-01-21,2022-01-28,131.89999389648438,120.31999969482422,5,-0.08779374327149836,-0.08879374327149836,19.93216765247776,0.22991502382585968,max_hold
NFLX,2022-01-20,2022-01-21,2022-01-28,40.042999267578125,38.67599868774414,5,-0.034138316430777804,-0.035138316430777805,22.451389785659018,-0.01643876933135992,max_hold
FAST,2022-01-20,2022-01-21,2022-01-28,25.07664321883136,24.412863286232525,5,-0.026470047318788215,-0.027470047318788215,26.566673236748386,0.24441222020127798,max_hold
AVGO,2022-01-20,2022-01-21,2022-01-28,50.35886533191367,50.05669612894635,5,-0.006000317937581268,-0.007000317937581268,26.655417590084326,0.3078285153530243,max_hold
AMZN,2022-01-20,2022-01-21,2022-01-28,149.9499969482422,140.86050415039062,5,-0.060616825494094306,-0.06161682549409431,27.582181735232936,0.11047112925754404,max_hold
GILD,2022-01-20,2022-01-21,2022-01-28,57.586903788891924,56.952880118180836,5,-0.011009858648337034,-0.012009858648337035,28.19804525089897,-0.008999706477746158,max_hold
ROST,2022-01-20,2022-01-21,2022-01-28,92.54345762075337,89.56276445610646,5,-0.032208577907926306,-0.03320857790792631,28.27835191091563,0.3686600615928843,max_hold
MCHP,2022-01-20,2022-01-21,2022-01-28,65.95229842794069,63.7853668341718,5,-0.032856043616682595,-0.033856043616682596,29.620520451665044,0.29917335488678115,max_hold
ADI,2022-01-20,2022-01-21,2022-01-28,146.65293041952816,142.31297676016248,5,-0.029593364735027272,-0.030593364735027273,29.786764016531478,0.1924502101095126,max_hold
LULU,2022-01-21,2022-01-24,2022-01-31,308.19000244140625,317.3399963378906,5,0.029689457230930083,0.028689457230930082,22.017268853004992,0.03518097405153108,max_hold
ZM,2022-01-21,2022-01-24,2022-01-31,141.67999267578125,146.6699981689453,5,0.035220255160396174,0.034220255160396174,22.45386813907534,0.19208101377932138,max_hold
SBUX,2022-01-21,2022-01-24,2022-01-31,84.5241890890635,86.5581292763796,5,0.02406340964919451,0.02306340964919451,22.869228601516284,0.25344674208840984,max_hold
ISRG,2022-01-24,2022-01-25,2022-02-01,261.6400146484375,285.17999267578125,5,0.08997086343606164,0.08897086343606164,19.867082141438445,0.23151123373025273,max_hold
ALGN,2022-01-24,2022-01-25,2022-02-01,464.04998779296875,494.17999267578125,5,0.06492836046847339,0.06392836046847339,26.456394552368707,0.32910671784552686,max_hold
GOOG,2022-01-24,2022-01-25,2022-02-01,127.23042535209412,136.54175934357374,5,0.07318480595904386,0.07218480595904386,28.17748459651594,-0.17024787033487396,rsi_reversion
GOOGL,2022-01-25,2022-01-26,2022-02-01,129.88307087009878,136.29752469047622,4,0.04938637327718243,0.048386373277182426,24.95210222061914,-0.28961698080957365,rsi_reversion
MRNA,2022-01-25,2022-01-26,2022-02-02,157.99000549316406,170.8070068359375,5,0.08112539336121483,0.08012539336121483,23.285362919769696,-0.2053214982856159,max_hold
DXCM,2022-01-25,2022-01-26,2022-02-02,103.33499908447266,109.75,5,0.062079653286523984,0.06107965328652398,25.997467180409856,0.6903758574086073,max_hold
PYPL,2022-01-25,2022-01-26,2022-02-02,160.30231519619312,138.347154890994,5,-0.136960968270036,-0.137960968270036,26.251278900816956,0.10439148363364233,max_hold
NVDA,2022-01-25,2022-01-26,2022-02-02,23.140918549293506,25.684030811068062,5,0.10989677252254948,0.10889677252254948,26.372696101890725,-0.12226145118026195,max_hold
ODFL,2022-01-27,2022-01-28,2022-02-02,139.53772806587435,151.14675338696452,3,0.08319631888810508,0.08219631888810508,26.105233743799772,0.09649490031630548,rsi_reversion
ADP,2022-01-27,2022-01-28,2022-02-04,176.93163523753248,183.1755580195141,5,0.035290030375851655,0.034290030375851654,17.380026983532915,0.45152759365300416,max_hold
ENPH,2022-01-27,2022-01-28,2022-02-04,120.31999969482422,133.72000122070312,5,0.11136969381537765,0.11036969381537765,17.467233215244605,-0.18872982283079184,max_hold
NFLX,2022-01-27,2022-01-28,2022-02-04,38.67599868774414,40.73099899291992,5,0.053133736035289036,0.052133736035289036,20.26627268013418,0.17433359190326447,max_hold
AMZN,2022-01-27,2022-01-28,2022-02-04,140.86050415039062,155.60650634765625,5,0.10468514425819442,0.10368514425819442,23.251699228528054,0.045649941645556504,rsi_reversion
PAYX,2022-01-27,2022-01-28,2022-02-04,96.13456312241881,102.41307227938078,5,0.06530959264845104,0.06430959264845104,23.35317639907032,0.2735854203563974,max_hold
AMD,2022-01-27,2022-01-28,2022-02-04,101.55000305175781,120.33999633789062,5,0.18503193226450199,0.18403193226450199,24.293230091089697,0.43781281595704613,max_hold
EBAY,2022-01-27,2022-01-28,2022-02-04,52.09659332594355,52.64748886361376,5,0.010574502141119213,0.009574502141119212,25.125133152175962,-0.4071152210119279,max_hold
SNPS,2022-01-27,2022-01-28,2022-02-04,286.4100036621094,302.0799865722656,5,0.05471171645471862,0.05371171645471862,25.747916697907527,0.712272280326673,max_hold
PYPL,2022-02-02,2022-02-03,2022-02-10,128.51678820472046,120.19954001998818,5,-0.06471721166485533,-0.06571721166485534,26.50833391526791,0.17042670153622355,max_hold
META,2022-02-03,2022-02-04,2022-02-11,232.74087623430282,226.2926387978529,5,-0.027705650768275025,-0.028705650768275026,24.75510262092108,-0.15493175201441933,max_hold
GILD,2022-02-03,2022-02-04,2022-02-11,54.90707918155871,52.447029020914854,5,-0.04480387952360965,-0.04580387952360965,28.756595576251343,0.2036599685723976,max_hold
PYPL,2022-02-09,2022-02-10,2022-02-17,120.19954001998818,108.77692925265642,5,-0.09503040332294344,-0.09603040332294344,26.553903880388887,-0.024418192770664586,max_hold
GILD,2022-02-10,2022-02-11,2022-02-18,52.447029020914854,51.90599807534593,5,-0.010315759646808087,-0.011315759646808088,19.56129748974884,0.2036599685723976,max_hold
META,2022-02-10,2022-02-11,2022-02-18,226.2926387978529,207.40357732976162,5,-0.08347183350035914,-0.08447183350035914,27.413351570236898,-0.11141013912674361,max_hold
FAST,2022-02-11,2022-02-14,2022-02-22,23.373514945396927,23.024122057083325,5,-0.014948239027370192,-0.015948239027370192,29.996505648628258,0.24441222020127798,max_hold
PYPL,2022-02-16,2022-02-17,2022-02-25,108.77692925265642,104.97928119422996,5,-0.034912256528272234,-0.035912256528272235,23.30510283676668,-0.20951493698866666,max_hold
META,2022-02-17,2022-02-18,2022-02-28,207.40357732976162,205.70977460452164,5,-0.008166699663752275,-0.009166699663752276,24.40414090796422,-0.1542786854281167,max_hold
GILD,2022-02-17,2022-02-18,2022-02-28,51.90599807534593,50.933808088395885,5,-0.01872981973179333,-0.01972981973179333,24.77856175427125,0.5411393739687886,max_hold
ADBE,2022-02-18,2022-02-22,2022-03-01,440.3500061035156,468.0,5,0.0627909470040624,0.0617909470040624,28.088723299371352,-0.4170422821293422,max_hold
HON,2022-02-18,2022-02-22,2022-03-01,164.03411876060136,168.11676224127518,5,0.024888989629238134,0.023888989629238133,28.75312742531375,0.3285339500702636,max_hold
FAST,2022-02-18,2022-02-22,2022-03-01,23.024122057083325,23.055479996008795,5,0.0013619602453343038,0.0003619602453343038,29.144643758587264,0.24441222020127798,max_hold
SBUX,2022-02-23,2022-02-24,2022-03-03,78.45241516312159,83.81408427000316,5,0.0683429451564157,0.0673429451564157,28.159073696022872,-0.3473125809123024,max_hold
INTU,2022-02-23,2022-02-24,2022-03-03,442.6552716287263,473.7280400418414,5,0.07019631393699322,0.06919631393699321,28.461325533629008,-0.10603887582442652,max_hold
CMCSA,2022-02-23,2022-02-24,2022-03-03,35.74316851387854,37.67219038643935,5,0.05396896673588958,0.05296896673588958,28.726670462334923,0.5692951324507326,max_hold
ZM,2022-02-23,2022-02-24,2022-03-03,114.73999786376953,122.0,5,0.06327350768169127,0.062273507681691265,29.37836629244316,-0.03705694102503966,max_hold
ADSK,2022-02-23,2022-02-24,2022-03-03,204.1300048828125,219.4499969482422,5,0.07505017243410461,0.07405017243410461,29.656720742903246,0.17418434732219884,max_hold
PYPL,2022-02-24,2022-02-25,2022-03-04,104.97928119422996,99.13446019486916,5,-0.05567594798583975,-0.05667594798583975,25.75219127988248,-0.09731884630779856,max_hold
GILD,2022-02-25,2022-02-28,2022-03-07,50.933808088395885,49.851730199579286,5,-0.02124478670313923,-0.02224478670313923,29.688173431413873,0.5411393739687886,max_hold
BKNG,2022-03-01,2022-03-02,2022-03-09,81.70922090591354,78.52001544634103,5,-0.039031157367720004,-0.040031157367720005,27.098547119613173,-0.2498238806595429,max_hold
META,2022-03-01,2022-03-02,2022-03-09,202.8373007560138,193.88307116469204,5,-0.044144886359400504,-0.045144886359400505,28.948155385453504,-0.2925558909414182,max_hold
PYPL,2022-03-03,2022-03-04,2022-03-11,99.13446019486916,98.64986453222694,5,-0.004888266518924378,-0.005888266518924378,28.175000601725472,-0.27242024561077716,max_hold
PDD,2022-03-04,2022-03-07,2022-03-14,40.099998474121094,27.969999313354492,5,-0.30249375616796614,-0.30349375616796614,27.1109925398559,-0.12926866191005257,max_hold
ZM,2022-03-04,2022-03-07,2022-03-14,111.12999725341797,97.5,5,-0.12264912796080141,-0.12364912796080141,29.99935382709654,-0.0653044135982874,max_hold
PCAR,2022-03-07,2022-03-08,2022-03-15,47.669528664938376,49.92758699711264,5,0.047369008996204,0.046369008996204,27.62116443508627,0.3612074121028717,max_hold
SBUX,2022-03-07,2022-03-08,2022-03-15,75.99574834623907,72.17623717209415,5,-0.05025953763548863,-0.05125953763548863,28.40278531078785,-0.15476691054534825,max_hold
MNST,2022-03-07,2022-03-08,2022-03-15,18.68000030517578,18.552499771118164,5,-0.006825510277014835,-0.007825510277014835,28.834898912428173,0.18427638637857333,max_hold
ADSK,2022-03-07,2022-03-08,2022-03-15,197.6999969482422,190.36000061035156,5,-0.03712694209000034,-0.03812694209000034,29.615750946763285,0.1469189920193519,max_hold
TEAM,2022-03-07,2022-03-08,2022-03-15,242.75999450683594,238.35000610351562,5,-0.01816604260631638,-0.01916604260631638,29.76345386880945,0.28674385217221715,max_hold
JD,2022-03-07,2022-03-08,2022-03-15,52.57013040623179,36.48367393963573,5,-0.3059999346071459,-0.3069999346071459,29.94988022941672,-0.05807975574306126,max_hold
ALGN,2022-03-08,2022-03-09,2022-03-16,433.2200012207031,402.3399963378906,5,-0.07128019204053493,-0.07228019204053493,27.486807631846673,-0.047040314369678746,max_hold
META,2022-03-08,2022-03-09,2022-03-16,193.88307116469204,192.85290617320103,5,-0.005313331304804492,-0.006313331304804492,28.005637082001954,-0.2568322675383139,max_hold
MDLZ,2022-03-08,2022-03-09,2022-03-16,54.0870773241455,53.96414673938508,5,-0.002272827278569589,-0.003272827278569589,28.36425172208834,-0.10762945252471759,max_hold
NFLX,2022-03-08,2022-03-09,2022-03-16,35.76900100708008,34.81999969482422,5,-0.02653138990569004,-0.02753138990569004,29.467997161034504,0.06604637445320562,max_hold
BKNG,2022-03-08,2022-03-09,2022-03-16,78.52001544634103,83.50815248848475,5,0.06352694932354552,0.06252694932354552,29.69510062389061,-0.1644977976355335,max_hold
JD,2022-03-14,2022-03-15,2022-03-16,36.48367393963573,49.906576683462745,1,0.36791532470211075,0.36691532470211075,21.20276837926191,-0.20007588339747742,rsi_reversion
GILD,2022-03-09,2022-03-10,2022-03-17,49.530494878516095,49.75945341887101,5,0.0046225772812584776,0.0036225772812584775,28.350269912390218,0.019047494547617817,max_hold
EBAY,2022-03-11,2022-03-14,2022-03-17,46.28279901122986,50.04442697966775,3,0.08127485910100596,0.08027485910100596,27.61474820413102,0.08186998436880237,rsi_reversion
PEP,2022-03-11,2022-03-14,2022-03-18,133.69355595538735,139.06199838016664,4,0.04015483309136236,0.03915483309136236,29.37636973785891,-0.17813992578517293,rsi_reversion
BIIB,2022-03-14,2022-03-15,2022-03-18,193.2100067138672,204.38999938964844,3,0.05786445984828403,0.05686445984828403,28.49056864084274,-0.06422353278603539,rsi_reversion
JD,2022-03-15,2022-03-16,2022-03-18,49.906576683462745,53.59524860539859,2,0.0739115396620289,0.0729115396620289,26.934618087434785,-0.04450435902432479,rsi_reversion
ZM,2022-03-11,2022-03-14,2022-03-21,97.5,115.01000213623047,5,0.17958976549979977,0.17858976549979977,25.647574324820766,-0.0653044135982874,max_hold
PDD,2022-03-11,2022-03-14,2022-03-21,27.969999313354492,44.939998626708984,5,0.6067214776530951,0.6057214776530951,25.72983810901239,-0.12926866191005257,max_hold
SBUX,2022-03-14,2022-03-15,2022-03-22,72.17623717209415,78.36276945377739,5,0.08571425338968996,0.08471425338968996,27.349023312170644,-0.3380370969269842,max_hold
TTD,2022-03-14,2022-03-15,2022-03-22,52.61000061035156,66.87999725341797,5,0.27124114194096083,0.2702411419409608,29.29616750950308,0.47913520069534044,max_hold
ADSK,2022-03-14,2022-03-15,2022-03-22,190.36000061035156,211.97999572753906,5,0.11357425429642398,0.11257425429642398,29.501342579096274,0.1469189920193519,rsi_reversion
ODFL,2022-04-06,2022-04-07,2022-04-14,127.75815949790801,129.54928835060332,5,0.014019682654591081,0.01301968265459108,28.55020328100146,0.4427639456895095,max_hold
NFLX,2022-04-20,2022-04-21,2022-04-28,22.0,19.1560001373291,5,-0.12927272103049536,-0.13027272103049536,19.958938498607466,-0.319278172279634,max_hold
PYPL,2022-04-21,2022-04-22,2022-04-29,88.31017449573238,89.99636890105049,5,0.01909399924693389,0.01809399924693389,29.118240869187616,-0.41265665147895747,max_hold
META,2022-04-27,2022-04-28,2022-05-02,200.99493488789147,199.26154166414338,2,-0.00862406420696582,-0.009624064206965821,27.810236629353312,-0.16203345689278043,rsi_reversion
SBUX,2022-04-26,2022-04-27,2022-05-04,67.58564853027404,71.10925665890207,5,0.05213544894889455,0.051135448948894546,29.149278002101468,-0.031279284767511455,rsi_reversion
CHTR,2022-04-26,2022-04-27,2022-05-04,485.5,426.510009765625,5,-0.12150358441683828,-0.12250358441683828,29.45365640428895,0.011988472401402725,max_hold
ILMN,2022-04-26,2022-04-27,2022-05-04,292.5,292.5291748046875,5,9.974292200864987e-05,-0.0009002570779913502,29.586714168984415,0.09233221236446477,max_hold
NFLX,2022-04-27,2022-04-28,2022-05-05,19.1560001373291,20.045000076293945,5,0.046408432480247175,0.045408432480247174,16.49875198260125,-0.0018400825007782583,max_hold
SIRI,2022-04-27,2022-04-28,2022-05-05,53.6037386694118,53.62017578864069,5,0.0003066412835541765,-0.0006933587164458235,28.956633517190426,-0.05036859885677362,max_hold
GOOGL,2022-04-27,2022-04-28,2022-05-05,115.31767110037897,119.07096543975983,5,0.03254743443538488,0.03154743443538488,29.185727814261355,-0.08002259401327126,max_hold
GOOG,2022-04-27,2022-04-28,2022-05-05,116.0161232683133,119.0924879613491,5,0.02651669963080061,0.02551669963080061,29.60624930124159,-0.10941066628344201,max_hold
NVDA,2022-04-27,2022-04-28,2022-05-05,18.889349582079028,19.785667939358376,5,0.047450991013989974,0.04645099101398997,29.739268110730805,-0.23471828988728297,max_hold
ALGN,2022-04-28,2022-04-29,2022-05-06,303.3299865722656,285.8500061035156,5,-0.057626945051756584,-0.058626945051756585,23.421056122930523,-0.2901513693386659,max_hold
CMCSA,2022-04-28,2022-04-29,2022-05-06,33.30985836092818,32.53388828601801,5,-0.023295508089592132,-0.024295508089592133,25.63728501930727,-0.08100240725428148,max_hold
ORLY,2022-04-29,2022-05-02,2022-05-09,40.2140007019043,40.25266647338867,5,0.0009615002439322673,-3.8499756067732725e-05,27.89917758369134,-0.31432361131696546,max_hold
AMZN,2022-04-29,2022-05-02,2022-05-09,122.4010009765625,111.3125,5,-0.09059158738976114,-0.09159158738976114,29.345900798391156,-0.33351383857783506,max_hold
CHTR,2022-05-03,2022-05-04,2022-05-11,426.510009765625,465.94000244140625,5,0.09244798896384343,0.09144798896384343,21.187185060681188,-0.07242167831264575,max_hold
DXCM,2022-05-03,2022-05-04,2022-05-11,99.3375015258789,81.80000305175781,5,-0.17654458995581157,-0.17754458995581157,28.217748093499466,0.06398892207829349,max_hold
NFLX,2022-05-04,2022-05-05,2022-05-12,20.045000076293945,16.395999908447266,5,-0.18204041676019445,-0.18304041676019445,26.385582742249497,0.01826300485850527,max_hold
ALGN,2022-05-05,2022-05-06,2022-05-13,285.8500061035156,264.4200134277344,5,-0.07496936231661566,-0.07596936231661566,27.336099088760292,-0.07979067465449684,max_hold
CTSH,2022-05-05,2022-05-06,2022-05-13,67.43785944072955,68.23201230841542,5,0.011776068728632128,0.010776068728632127,28.788075919575093,0.15636659023322189,max_hold
ILMN,2022-05-06,2022-05-09,2022-05-16,231.43968200683594,225.42800903320312,5,-0.025975117669990833,-0.026975117669990833,21.884297261738254,-0.005943036285309465,max_hold
AMZN,2022-05-06,2022-05-09,2022-05-16,111.3125,113.0999984741211,5,0.016058380452519616,0.015058380452519615,25.92308231818555,-0.2623982421152576,max_hold
REGN,2022-05-06,2022-05-09,2022-05-16,606.942392014309,634.1952191821533,5,0.0449018350446706,0.0439018350446706,28.84232336078213,0.7469016474822476,max_hold
CMCSA,2022-05-06,2022-05-09,2022-05-16,32.33181983143265,33.576591132615995,5,0.03849988363393009,0.03749988363393009,29.542216080265675,0.2320264638353546,max_hold
CRWD,2022-05-06,2022-05-09,2022-05-16,39.752498626708984,38.5,5,-0.03150741890391395,-0.032507418903913954,29.63640953679908,0.19429748824030518,max_hold
PANW,2022-05-09,2022-05-10,2022-05-17,79.91166687011719,80.42666625976562,5,0.006444608275853803,0.0054446082758538026,24.273023165993337,0.022301958252275246,max_hold
FTNT,2022-05-09,2022-05-10,2022-05-17,51.75600051879883,56.68600082397461,5,0.09525466140655725,0.09425466140655725,26.987975611168324,-0.048416477568919994,max_hold
ZS,2022-05-09,2022-05-10,2022-05-17,159.13999938964844,145.19000244140625,5,-0.08765864648576582,-0.08865864648576582,27.02713240834727,-0.06588538138576878,max_hold
ISRG,2022-05-09,2022-05-10,2022-05-17,214.6999969482422,223.52000427246094,5,0.0410806122477263,0.0400806122477263,27.99020063184038,0.27627975868188426,max_hold
WDAY,2022-05-09,2022-05-10,2022-05-17,181.8000030517578,173.5800018310547,5,-0.04521452740769716,-0.04621452740769716,28.058886041763557,0.3003077362394022,max_hold
MELI,2022-05-09,2022-05-10,2022-05-17,808.0800170898438,815.010009765625,5,0.008575874330785105,0.007575874330785105,29.10629352135183,0.14937443912089476,max_hold
DXCM,2022-05-10,2022-05-11,2022-05-18,81.80000305175781,81.76499938964844,5,-0.0004279176137343965,-0.0014279176137343965,20.426229581669446,0.06398892207829349,max_hold
NFLX,2022-05-11,2022-05-12,2022-05-19,16.395999908447266,17.80500030517578,5,0.0859356187238447,0.0849356187238447,22.227831875427526,0.20953002000658313,max_hold
TEAM,2022-05-11,2022-05-12,2022-05-19,164.57200622558594,163.92999267578125,5,-0.0039011103074519937,-0.004901110307451994,28.114054471300577,0.10936512892683153,max_hold
COST,2022-05-11,2022-05-12,2022-05-19,463.5171004441331,409.7944165535392,5,-0.11590226949365601,-0.11690226949365601,29.278366106362867,0.09997570951980597,max_hold
TTD,2022-05-11,2022-05-12,2022-05-19,41.91999816894531,50.880001068115234,5,0.2137405365109859,0.2127405365109859,29.78156768626782,-0.06162251093113194,max_hold
PYPL,2022-05-11,2022-05-12,2022-05-19,72.93661967093884,75.98265675384071,5,0.04176279482987266,0.04076279482987266,29.836147339251426,0.3074288418200163,max_hold
ALGN,2022-05-12,2022-05-13,2022-05-20,264.4200134277344,280.0,5,0.05892135912973773,0.057921359129737726,25.120075679893347,-0.07979067465449684,max_hold
INTU,2022-05-12,2022-05-13,2022-05-20,350.4496596948449,355.985590187314,5,0.01579664964517158,0.014796649645171578,29.745590784602427,-0.12140889148813092,max_hold
TSLA,2022-05-12,2022-05-13,2022-05-20,257.82666015625,237.99667358398438,5,-0.07691208721490672,-0.07791208721490672,29.977868654681075,-0.3213867108604685,max_hold
ILMN,2022-05-13,2022-05-16,2022-05-23,225.42800903320312,239.99026489257812,5,0.06459825432442212,0.06359825432442212,28.91630955839217,-0.005943036285309465,max_hold
EBAY,2022-05-16,2022-05-17,2022-05-24,42.078625196596846,40.93539335270646,5,-0.0271689447682536,-0.0281689447682536,29.61216811469336,-0.04515097415686933,max_hold
COST,2022-05-18,2022-05-19,2022-05-26,409.7944165535392,427.628977684532,5,0.0435207518955123,0.0425207518955123,21.17483603162077,-0.08602210361450639,max_hold
DLTR,2022-05-18,2022-05-19,2022-05-26,132.50999450683594,159.80999755859375,5,0.20602221857574277,0.20502221857574277,24.15340456967465,-0.1595319652334414,rsi_reversion
DXCM,2022-05-18,2022-05-19,2022-05-26,77.75,71.13249969482422,5,-0.0851125441180165,-0.0861125441180165,26.794984396985384,-0.08623996838911212,max_hold
ZS,2022-05-18,2022-05-19,2022-05-26,126.72000122070312,130.55999755859375,5,0.030303001111897654,0.029303001111897653,27.820460658524567,0.01719479813158275,max_hold
PANW,2022-05-18,2022-05-19,2022-05-26,71.23999786376953,84.00833129882812,5,0.1792298402292931,0.1782298402292931,29.893639150162855,0.3719000291696259,max_hold
CSCO,2022-05-19,2022-05-20,2022-05-27,36.96957696105287,39.84872008698332,5,0.07787871440789274,0.07687871440789273,26.93797280085805,-0.33994075772806837,max_hold
KDP,2022-05-19,2022-05-20,2022-05-27,30.619827306783446,31.495435765553697,5,0.028596126620749063,0.027596126620749062,29.27453551389928,0.3317932779778266,max_hold
ROST,2022-05-20,2022-05-23,2022-05-31,68.84626828647322,82.25926593695472,5,0.19482534034625165,0.19382534034625165,23.5386444639865,-0.15706219581974748,max_hold
LULU,2022-05-24,2022-05-25,2022-06-02,254.8800048828125,290.54998779296875,5,0.13994814119121046,0.13894814119121046,28.668328217073253,-0.43285925945664916,max_hold
TSLA,2022-05-24,2022-05-25,2022-06-02,207.9499969482422,244.1566619873047,5,0.17411236148310305,0.17311236148310305,29.202568980417354,-0.5656559460816925,max_hold
WDAY,2022-05-24,2022-05-25,2022-06-02,159.49000549316406,155.6999969482422,5,-0.023763298102615682,-0.024763298102615683,29.68137095703071,-0.09665695831289108,max_hold
DXCM,2022-05-25,2022-05-26,2022-06-03,71.13249969482422,77.00499725341797,5,0.08255716562454851,0.08155716562454851,25.727883801528066,0.044365225083210245,max_hold
REGN,2022-06-09,2022-06-10,2022-06-17,565.6223869374656,560.3224212466248,5,-0.009370148376794729,-0.01037014837679473,27.995672114491498,0.10534201042494516,max_hold
AEP,2022-06-13,2022-06-14,2022-06-22,79.83176649601869,76.71120598892824,5,-0.03908920776851499,-0.04008920776851499,26.526444489130114,0.39210213229932844,max_hold
XEL,2022-06-13,2022-06-14,2022-06-22,59.26333602792574,56.03712213674584,5,-0.054438614283537023,-0.055438614283537024,28.13089239937993,0.266909984571185,max_hold
EXC,2022-06-13,2022-06-14,2022-06-22,37.50401581843132,35.329623120223,5,-0.057977596552199584,-0.058977596552199585,28.29839756061334,0.11695381581093887,max_hold
ILMN,2022-06-13,2022-06-14,2022-06-22,189.49415588378906,175.65174865722656,5,-0.0730492566485883,-0.0740492566485883,28.34917173534153,-0.11533410147013552,max_hold
INTC,2022-06-13,2022-06-14,2022-06-22,35.802322287721395,35.161828121694676,5,-0.017889738014184142,-0.018889738014184143,28.638701732984742,-0.1980776859900098,max_hold
GILD,2022-06-14,2022-06-15,2022-06-22,50.26854275758407,52.123587430435975,4,0.036902694430544836,0.035902694430544835,28.67447950364253,0.4466404804474447,rsi_reversion
WDAY,2022-06-14,2022-06-15,2022-06-23,142.80999755859375,137.83999633789062,5,-0.03480149363257268,-0.03580149363257268,28.776491159894945,-0.028347873504867442,max_hold
MDLZ,2022-06-14,2022-06-15,2022-06-23,52.04033962782222,53.4530395909001,5,0.02714624795266718,0.02614624795266718,29.512699367021952,0.14629145801948967,max_hold
AMGN,2022-06-16,2022-06-17,2022-06-23,201.93766889291973,212.10785032444,3,0.05036297332377915,0.04936297332377915,28.45930268121778,0.6045831173420981,rsi_reversion
REGN,2022-06-16,2022-06-17,2022-06-24,560.3224212466248,606.3381262518078,4,0.08212361893854903,0.08112361893854902,28.82070286537447,0.10534201042494516,rsi_reversion
CHTR,2022-06-16,2022-06-17,2022-06-27,415.0199890136719,463.1199951171875,5,0.11589804678523818,0.11489804678523818,25.649554289098035,-0.27736126753243584,max_hold
CMCSA,2022-06-16,2022-06-17,2022-06-27,30.64247447251658,32.032748158020595,5,0.04537080341703348,0.04437080341703348,25.866137446018698,0.21828998381912446,max_hold
MU,2022-06-16,2022-06-17,2022-06-27,54.71923985016572,58.32150733102236,5,0.06583182607654092,0.06483182607654092,27.443109571675393,-0.09942480812913908,max_hold
CTSH,2022-06-16,2022-06-17,2022-06-27,61.40383983863766,65.5104158796363,5,0.06687816351209075,0.06587816351209075,28.517409832830154,-0.07353703850716872,max_hold
AMAT,2022-06-16,2022-06-17,2022-06-27,85.13277002106207,94.55226816190388,5,0.11064479798450577,0.10964479798450577,29.12240378393244,0.47689526817311645,max_hold
CSX,2022-06-16,2022-06-17,2022-06-27,27.254128654729243,27.89517784538112,5,0.02352117724154934,0.02252117724154934,29.331831505167955,-0.5601755947641885,max_hold
BKR,2022-06-16,2022-06-17,2022-06-27,27.193876485829712,26.512437018123958,5,-0.02505856302101106,-0.02605856302101106,29.998534366811782,-0.495876965693583,max_hold
XEL,2022-06-21,2022-06-22,2022-06-28,56.03712213674584,60.41120970143591,4,0.07805696291854702,0.07705696291854702,25.760564409040256,0.266909984571185,rsi_reversion
EXC,2022-06-21,2022-06-22,2022-06-29,35.329623120223,37.615296212895224,5,0.06469565454729942,0.06369565454729942,26.83645208481323,0.11695381581093887,max_hold
ILMN,2022-06-21,2022-06-22,2022-06-29,175.65174865722656,181.3229522705078,5,0.032286633390415265,0.031286633390415264,27.047541214365836,0.05674415844871396,max_hold
AEP,2022-06-21,2022-06-22,2022-06-29,76.71120598892824,81.64923561556837,5,0.06437168550515082,0.06337168550515082,27.862157113530586,0.39210213229932844,max_hold
MAR,2022-06-22,2022-06-23,2022-06-30,132.22659746590512,129.77742337231095,5,-0.018522552501025302,-0.019522552501025303,27.904545496292073,-0.1424481992648897,max_hold
HON,2022-06-23,2022-06-24,2022-07-01,159.7810943478753,157.2099687073789,5,-0.016091551074863375,-0.017091551074863376,29.727558044535783,0.0989619877663476,max_hold
BKR,2022-06-24,2022-06-27,2022-07-05,26.512437018123958,25.522085616668278,5,-0.03735421986212262,-0.03835421986212262,28.02877132669377,-0.4019792178179752,max_hold
BKR,2022-07-14,2022-07-15,2022-07-22,24.204637922814843,22.759994269124842,5,-0.059684580215443206,-0.06068458021544321,28.842655210954163,-0.18194528667169596,max_hold
BKR,2022-07-22,2022-07-25,2022-08-01,22.18758467879791,23.177940878586774,5,0.04463560203266437,0.04363560203266437,28.331182350546868,-0.26162171115092836,max_hold
ZM,2022-08-23,2022-08-24,2022-08-31,81.63999938964844,82.96800231933594,5,0.01626657201881221,0.015266572018812208,29.182411379005714,-0.11112397567201093,max_hold
DLTR,2022-08-25,2022-08-26,2022-09-02,149.2100067138672,137.3800048828125,5,-0.07928423898365278,-0.08028423898365278,27.040680824160248,-0.1173317304517596,max_hold
DLTR,2022-09-01,2022-09-02,2022-09-12,137.3800048828125,144.22999572753906,5,0.04986162906727021,0.04886162906727021,23.590232179698546,0.09991602738253912,max_hold
INTC,2022-09-01,2022-09-02,2022-09-12,30.64548843444026,30.19831684196443,5,-0.014591759352521327,-0.015591759352521328,29.784891131603686,-0.3176586990125478,max_hold
NVDA,2022-09-01,2022-09-02,2022-09-12,14.045247525726571,14.317454878749421,5,0.019380744449270182,0.01838074444927018,29.845691274273804,-0.48888024626397214,max_hold
CTSH,2022-09-06,2022-09-07,2022-09-12,58.136930378338754,61.5244461260392,3,0.05826788111541914,0.05726788111541914,29.765156046796093,0.021292283342817853,rsi_reversion
ADBE,2022-09-02,2022-09-06,2022-09-13,367.2300109863281,382.54998779296875,5,0.04171766018113088,0.04071766018113088,29.370790524100386,0.24711614298242443,max_hold
SIRI,2022-09-06,2022-09-07,2022-09-14,52.490559830332444,52.31645965576172,5,-0.003316790202533171,-0.004316790202533171,28.32324030158351,-0.19817718727319275,max_hold
MDLZ,2022-09-06,2022-09-07,2022-09-14,53.322776972502886,53.38494164395968,5,0.0011658183422975643,0.0001658183422975643,28.95951312106091,0.34730816933349656,max_hold
AZN,2022-09-06,2022-09-07,2022-09-14,109.71499211269945,109.75214242281211,5,0.0003386074172480047,-0.0006613925827519953,29.637502917464246,0.5143562405695313,max_hold
ADI,2022-09-06,2022-09-07,2022-09-14,140.11215123711628,140.05594113642837,5,-0.00040117934234540353,-0.0014011793423454036,29.79233461208912,-0.24778302130877694,max_hold
SNPS,2022-09-06,2022-09-07,2022-09-14,328.54998779296875,327.0899963378906,5,-0.004443742228954606,-0.005443742228954606,29.86153059295154,0.27050565778949337,max_hold
MSFT,2022-09-06,2022-09-07,2022-09-14,246.48975437812405,245.35746095813147,5,-0.004593673367273565,-0.005593673367273565,29.893237067055992,0.13279209509478904,max_hold
INTC,2022-09-13,2022-09-14,2022-09-21,28.114690149644826,27.734121810144906,5,-0.01353628076547475,-0.014536280765474752,27.029260654849082,-0.08272566995238546,max_hold
AMGN,2022-09-13,2022-09-14,2022-09-21,201.19805600751744,202.61290965130806,5,0.007032143708872507,0.006032143708872507,29.792912191690263,0.24394677124088202,max_hold
ADBE,2022-09-15,2022-09-16,2022-09-23,298.32000732421875,285.57000732421875,5,-0.04273933925639495,-0.04373933925639495,23.338973392639033,-0.35276644429165266,max_hold
KHC,2022-09-15,2022-09-16,2022-09-23,27.966183209942628,27.625818396504748,5,-0.012170585127142863,-0.013170585127142864,28.30669927395178,0.27258118039801194,max_hold
CHTR,2022-09-15,2022-09-16,2022-09-23,375.4599914550781,330.9800109863281,5,-0.11846796324788123,-0.11946796324788123,29.07894408933059,-0.4128881848631154,max_hold
FAST,2022-09-15,2022-09-16,2022-09-23,21.1872993752847,21.50460906010143,5,0.014976410121757988,0.013976410121757987,29.20601667454781,0.28623829555629166,max_hold
AZN,2022-09-15,2022-09-16,2022-09-23,108.67467505580268,102.20994261928844,5,-0.05948701878514662,-0.06048701878514662,29.33292700203468,0.0414316033682211,max_hold
SNPS,2022-09-15,2022-09-16,2022-09-23,310.7900085449219,304.6199951171875,5,-0.019852676270455283,-0.020852676270455284,29.83714430440216,0.40646014282770476,max_hold
CSX,2022-09-16,2022-09-19,2022-09-26,27.725378084909103,26.061094564808382,5,-0.060027441826179806,-0.06102744182617981,29.959797052278518,-0.30312957163618603,max_hold
INTC,2022-09-20,2022-09-21,2022-09-28,27.734121810144906,25.555352645426254,5,-0.07855915466274754,-0.07955915466274754,29.12655478535099,-0.17499703739595146,max_hold
MSFT,2022-09-20,2022-09-21,2022-09-28,236.3959688481416,229.1764146595356,5,-0.030540090102990525,-0.031540090102990526,29.860227997517796,0.019946136439879514,max_hold
EBAY,2022-09-20,2022-09-21,2022-09-28,37.267158936980834,34.99613009545387,5,-0.06093914605530559,-0.061939146055305594,29.869666370389226,0.20440033005439326,max_hold
GOOG,2022-09-21,2022-09-22,2022-09-29,98.51687174184788,98.36828535226608,5,-0.001508232924520292,-0.002508232924520292,29.55956827477692,0.010853050461321703,max_hold
CSCO,2022-09-21,2022-09-22,2022-09-29,36.8389437309263,36.580508577046054,5,-0.007015270463992529,-0.00801527046399253,29.757512241656926,0.23127077662223042,max_hold
GOOGL,2022-09-21,2022-09-22,2022-09-29,97.88851811864318,97.71023354467232,5,-0.0018213022057885775,-0.0028213022057885775,29.809682722511155,-0.05961089484421957,max_hold
CHTR,2022-09-22,2022-09-23,2022-09-30,330.9800109863281,315.25,5,-0.04752556185931689,-0.04852556185931689,19.951420601083313,-0.4066823112277134,max_hold
ADBE,2022-09-22,2022-09-23,2022-09-30,285.57000732421875,279.69000244140625,5,-0.020590414721447625,-0.021590414721447626,20.387653199450412,-0.24487130533000423,max_hold
AZN,2022-09-22,2022-09-23,2022-09-30,102.20994261928844,102.56289916225285,5,0.0034532505734701235,0.0024532505734701235,24.462345607181646,0.19942816159013715,max_hold
AMD,2022-09-22,2022-09-23,2022-09-30,68.0,63.619998931884766,5,-0.0644117804134593,-0.0654117804134593,26.719879090015638,-0.1699992235233001,max_hold
SNPS,2022-09-22,2022-09-23,2022-09-30,304.6199951171875,307.69000244140625,5,0.010078154334674405,0.009078154334674404,27.24870954905394,0.40646014282770476,max_hold
LRCX,2022-09-22,2022-09-23,2022-09-30,36.81558723594875,34.48783482274489,5,-0.06322736069060764,-0.06422736069060764,28.43076797192998,0.1976941262586786,max_hold
MU,2022-09-22,2022-09-23,2022-09-30,48.33352092882423,49.56932330565877,5,0.025568225800358668,0.024568225800358667,29.352223826800227,-0.5974687832643432,max_hold
HON,2022-09-22,2022-09-23,2022-09-30,157.20341947799952,154.76503130958946,5,-0.015511037714744491,-0.016511037714744492,29.801293685498138,0.18048589766929735,max_hold
ISRG,2022-09-22,2022-09-23,2022-09-30,190.1999969482422,190.1199951171875,5,-0.00042061951807736975,-0.0014206195180773698,29.89751854294984,0.30202701207412924,max_hold
CSX,2022-09-23,2022-09-26,2022-10-03,26.061094564808382,25.559920530224502,5,-0.01923073619711435,-0.020230736197114352,24.00653390654186,-0.43431411507210754,max_hold
COST,2022-09-23,2022-09-26,2022-10-03,444.3629726288332,452.5945491057161,5,0.01852444281796317,0.01752444281796317,24.537579901751812,0.07318571829859806,max_hold
KHC,2022-09-23,2022-09-26,2022-10-03,27.334084436609075,27.204420469666367,5,-0.00474367331539538,-0.00574367331539538,29.091658238562246,0.40602333977860716,max_hold
MAR,2022-09-23,2022-09-26,2022-10-03,132.57148992791815,136.71856836966217,5,0.03128182721638617,0.03028182721638617,29.78849149614379,0.15570777261538155,max_hold
CMCSA,2022-09-26,2022-09-27,2022-10-04,25.45405493955128,25.031850342322656,5,-0.016586928810803703,-0.017586928810803704,27.07862447247568,0.08849206110648293,max_hold
INTC,2022-09-27,2022-09-28,2022-10-05,25.555352645426254,26.040578349721315,5,0.018987243534747567,0.017987243534747566,21.9233780187775,-0.37877200612497297,max_hold
EBAY,2022-09-27,2022-09-28,2022-10-05,34.99613009545387,35.601119636105956,5,0.01728732688448531,0.01628732688448531,23.959922231956398,0.20440033005439326,max_hold
EXC,2022-09-27,2022-09-28,2022-10-05,34.816685529737335,33.85074479744796,5,-0.027743615384191456,-0.028743615384191457,26.387290660345386,0.08524139258568596,max_hold
ASML,2022-09-30,2022-10-03,2022-10-05,408.95704255985873,441.1445646428423,2,0.07870636456461622,0.07770636456461621,28.92153896419137,-0.11567085052016192,rsi_reversion
ADBE,2022-09-29,2022-09-30,2022-10-07,279.69000244140625,291.3599853515625,5,0.04172470523897642,0.04072470523897642,21.344090040983858,-0.24487130533000423,max_hold
CHTR,2022-09-29,2022-09-30,2022-10-07,315.25,321.260009765625,5,0.019064265711736805,0.018064265711736804,23.926330000061895,-0.5171216755027191,max_hold
XEL,2022-09-29,2022-09-30,2022-10-07,57.41030154479449,54.04919621155829,5,-0.0585453349450481,-0.0595453349450481,24.7520314211161,0.23465253188788318,max_hold
AEP,2022-09-29,2022-09-30,2022-10-07,77.46063679184036,73.05407422295784,5,-0.05688776585615041,-0.05788776585615041,25.067289190333483,0.34338217690499795,max_hold
AMD,2022-09-29,2022-09-30,2022-10-07,63.619998931884766,64.01000213623047,5,0.006130198222154437,0.005130198222154437,25.258983004871155,-0.6075050413401762,max_hold
QCOM,2022-09-29,2022-09-30,2022-10-07,103.97483121253812,112.07270776697243,5,0.07788304592561635,0.07688304592561634,26.94984280791836,-0.5803332955067044,max_hold
LRCX,2022-09-29,2022-09-30,2022-10-07,34.48783482274489,37.223754595509625,5,0.079329995252714,0.078329995252714,28.41175227839001,-0.2331870977699317,max_hold
AVGO,2022-09-29,2022-09-30,2022-10-07,42.346526055700146,44.545608332524296,5,0.051930641817739875,0.050930641817739875,29.34263992690505,-0.4637068090670036,max_hold
MDLZ,2022-09-29,2022-09-30,2022-10-07,50.49597653083461,49.923884795821856,5,-0.01132945185570211,-0.012329451855702112,29.490835123303654,0.4539174932601165,max_hold
CSX,2022-09-30,2022-10-03,2022-10-10,25.559920530224502,25.465360829114644,5,-0.0036995303251449174,-0.0046995303251449174,23.27744612538669,-0.6278423441892155,max_hold
CSCO,2022-09-30,2022-10-03,2022-10-10,36.24189033615842,36.54255129094929,5,0.008295951232182297,0.007295951232182297,28.397351702430313,-0.01588172238998476,max_hold
AAPL,2022-09-30,2022-10-03,2022-10-10,135.56144631438175,137.72906494140625,5,0.015989934350490342,0.014989934350490342,28.541175977684716,-0.1604745578585788,max_hold
HON,2022-09-30,2022-10-03,2022-10-10,154.73772389493215,157.23075173975337,5,0.016111312626738705,0.015111312626738704,28.682240830825464,0.33568691690384367,max_hold
ALGN,2022-09-30,2022-10-03,2022-10-10,209.13999938964844,213.1699981689453,5,0.019269383145538832,0.01826938314553883,29.258155182388833,-0.6667671966198649,max_hold
MSFT,2022-09-30,2022-10-03,2022-10-10,227.8215623611014,225.53763257488384,5,-0.010025081746202202,-0.011025081746202203,29.33831226654776,-0.08524361422062904,max_hold
XEL,2022-10-06,2022-10-07,2022-10-14,54.04919621155829,52.7012446687756,5,-0.024939344842549782,-0.025939344842549783,25.68371795746708,-0.012281007037570615,max_hold
AEP,2022-10-06,2022-10-07,2022-10-14,73.05407422295784,73.73663411609554,5,0.00934321460367249,0.008343214603672489,27.615069147553342,0.14323199074482734,max_hold
AMD,2022-10-07,2022-10-10,2022-10-17,57.310001373291016,57.349998474121094,5,0.0006979078672422201,-0.00030209213275777993,25.540223802955595,-0.39157561819928327,max_hold
TSLA,2022-10-07,2022-10-10,2022-10-17,223.92999267578125,210.0399932861328,5,-0.062028311722222895,-0.0630283117222229,26.99816246139507,-0.015754658473239234,max_hold
EXC,2022-10-07,2022-10-10,2022-10-17,32.05686561014339,32.168982798151625,5,0.003497446985982311,0.002497446985982311,28.8929979922044,0.08524139258568596,max_hold
INTC,2022-10-07,2022-10-10,2022-10-17,24.68003709742075,25.03206492592475,5,0.01426366691080827,0.01326366691080827,29.589037242694417,-0.2097085091799307,max_hold
SNPS,2022-10-11,2022-10-12,2022-10-19,278.55999755859375,287.2699890136719,5,0.0312679190530436,0.0302679190530436,25.724808682417034,0.598485897985866,max_hold
LRCX,2022-10-11,2022-10-12,2022-10-19,31.648908666010996,31.03761354545667,5,-0.019314887821418658,-0.02031488782141866,25.955166914292406,-0.48318556984409666,max_hold
JD,2022-10-11,2022-10-12,2022-10-19,41.626056804063026,38.194650336384406,5,-0.08243409852224315,-0.08343409852224315,29.520582422405624,-0.2808915174000749,max_hold
KLAC,2022-10-12,2022-10-13,2022-10-20,25.000301124746233,26.457063200283013,5,0.05826978116254855,0.05726978116254855,28.903235751561425,-0.48242370975303867,max_hold
META,2022-10-12,2022-10-13,2022-10-20,122.35807698090335,131.66890843735126,5,0.07609494760122026,0.07509494760122026,29.885138659243566,0.13221583388025526,max_hold
XEL,2022-10-13,2022-10-14,2022-10-21,52.7012446687756,52.37737819009265,5,-0.006145328838406683,-0.007145328838406683,29.210625669100352,-0.012281007037570615,max_hold
TSLA,2022-10-14,2022-10-17,2022-10-24,210.0399932861328,205.82000732421875,5,-0.02009134496669529,-0.02109134496669529,24.683987211886247,-0.0642326431319328,max_hold
AMD,2022-10-14,2022-10-17,2022-10-24,57.349998474121094,58.56999969482422,5,0.02127290764015699,0.02027290764015699,25.438047821264135,-0.27105844069353763,max_hold
JD,2022-10-19,2022-10-20,2022-10-27,37.4041621044206,35.571683415980964,5,-0.048991304318592555,-0.049991304318592555,27.318783767374953,-0.2808915174000749,max_hold
META,2022-10-27,2022-10-28,2022-11-04,98.63531100336684,89.49286744595292,5,-0.09268935703058556,-0.09368935703058556,23.846351523519388,-0.34473787829513447,max_hold
AMZN,2022-11-01,2022-11-02,2022-11-09,97.31999969482422,89.47000122070312,5,-0.0806617190581288,-0.0816617190581288,28.207110886078794,0.06160438241293634,max_hold
PANW,2022-11-04,2022-11-07,2022-11-10,71.42500305175781,82.49500274658203,3,0.15498773849267322,0.15398773849267322,29.298959909104013,-0.02288397916681689,rsi_reversion
META,2022-11-03,2022-11-04,2022-11-11,89.49286744595292,108.19375389288676,5,0.20896510504848664,0.20796510504848664,23.047717709074675,-0.3033981539297403,max_hold
CTSH,2022-11-03,2022-11-04,2022-11-11,48.9608370507275,53.59542007279881,5,0.0946589825919335,0.0936589825919335,26.71912221107712,0.1252844181391294,rsi_reversion
GOOG,2022-11-03,2022-11-04,2022-11-11,84.70766831599627,93.82134455208266,5,0.10758974266755206,0.10658974266755206,28.58312297694441,0.04275988945545775,rsi_reversion
GOOGL,2022-11-03,2022-11-04,2022-11-11,84.59500805613791,93.79745509098437,5,0.10878238853928157,0.10778238853928157,29.17573571113107,0.0234829445273132,rsi_reversion
TEAM,2022-11-04,2022-11-07,2022-11-14,122.88999938964844,139.75999450683594,5,0.13727720075656968,0.13627720075656968,22.162443843080766,-0.19167873893188161,max_hold
CRWD,2022-11-04,2022-11-07,2022-11-14,32.45750045776367,35.38750076293945,5,0.09027190214442227,0.08927190214442227,25.323018426688336,0.031000610043779214,max_hold
ZS,2022-11-04,2022-11-07,2022-11-14,121.58999633789062,140.49000549316406,5,0.15544049448567754,0.15444049448567754,28.493434105884944,0.1304895239232514,max_hold
TTD,2022-11-04,2022-11-07,2022-11-14,46.625,47.849998474121094,5,0.026273425718414956,0.025273425718414955,29.320342513327688,0.518578695566425,max_hold
AMZN,2022-11-08,2022-11-09,2022-11-16,89.47000122070312,96.8499984741211,5,0.08248571758944223,0.08148571758944223,25.952614017514975,0.12974119322480815,max_hold
TSLA,2022-11-08,2022-11-09,2022-11-16,190.77999877929688,191.50999450683594,5,0.003826374526731957,0.002826374526731957,28.643194231490895,-0.3210123221135199,max_hold
TSLA,2022-11-21,2022-11-22,2022-11-30,168.6300048828125,182.42999267578125,5,0.08183589748786924,0.08083589748786923,28.310636933094457,-0.569273561949935,max_hold
TEAM,2022-11-21,2022-11-22,2022-11-30,117.55000305175781,120.16999816894531,5,0.02228834580322303,0.02128834580322303,29.711067930390072,-0.14608367557515173,max_hold
FANG,2022-12-09,2022-12-12,2022-12-19,113.35040708722487,116.79339725924704,5,0.03037474906793003,0.02937474906793003,28.842405406038537,-0.07658918025250605,max_hold
CHTR,2022-12-15,2022-12-16,2022-12-23,309.0,327.55999755859375,5,0.06006471701810279,0.059064717018102786,29.813402762948826,0.15833969693430167,max_hold
TSLA,2022-12-16,2022-12-19,2022-12-27,154.0,117.5,5,-0.237012987012987,-0.238012987012987,28.624038736373663,-0.48882318078095194,max_hold
PYPL,2022-12-16,2022-12-19,2022-12-27,68.2983473700929,68.19944986750242,5,-0.0014480218980200688,-0.0024480218980200688,29.4028548211447,0.43122164634585247,max_hold
COST,2022-12-19,2022-12-20,2022-12-28,436.26888982343695,437.20534366113077,5,0.0021465061101946237,0.0011465061101946237,29.234838355307886,0.01892675385083252,max_hold
SIRI,2022-12-20,2022-12-21,2022-12-29,51.72821349520221,50.59229557937369,5,-0.021959349435755726,-0.022959349435755727,29.413478607189518,-0.11442116165738159,max_hold
PANW,2022-12-22,2022-12-23,2023-01-03,71.55999755859375,70.66000366210938,5,-0.012576773717012157,-0.013576773717012158,29.02407644950489,-0.052496638370151484,max_hold
CRWD,2022-12-22,2022-12-23,2023-01-03,25.75,26.875,5,0.043689320388349495,0.042689320388349494,29.56702821567957,-0.2760673508752345,max_hold
PYPL,2022-12-27,2022-12-28,2023-01-03,67.36872121976822,72.877285469307,3,0.0817673862558399,0.0807673862558399,29.94367609328897,0.38695963864847144,rsi_reversion
TSLA,2022-12-23,2022-12-27,2023-01-04,117.5,109.11000061035156,5,-0.07140425012466756,-0.07240425012466756,19.81992341987636,-0.6092561451960437,max_hold
SIRI,2022-12-28,2022-12-29,2023-01-06,50.59229557937369,51.466071735408505,5,0.017270933173292313,0.016270933173292312,26.999926199517915,-0.11442116165738159,rsi_reversion
AAPL,2022-12-28,2022-12-29,2023-01-06,125.74553370652504,123.80024463429882,5,-0.015470045057554782,-0.016470045057554783,29.72661683828929,-0.26679458391477834,max_hold
PANW,2022-12-30,2023-01-03,2023-01-10,70.66000366210938,67.29499816894531,5,-0.04762249248181838,-0.04862249248181838,29.977876087788133,-0.20687410627979838,max_hold
TSLA,2023-01-03,2023-01-04,2023-01-11,109.11000061035156,122.08999633789062,5,0.11896247507038882,0.11796247507038882,24.85874809441721,-0.16435774391457633,max_hold
ENPH,2023-01-05,2023-01-06,2023-01-13,240.82000732421875,238.4199981689453,5,-0.009965987385932906,-0.010965987385932907,27.550495131952175,0.5078956554442878,max_hold
CRWD,2023-01-05,2023-01-06,2023-01-13,23.596250534057617,24.107500076293945,5,0.021666558485570198,0.020666558485570197,28.402237759533477,-0.5130258072220409,max_hold
PANW,2023-01-09,2023-01-10,2023-01-18,67.29499816894531,71.87999725341797,5,0.06813283615762833,0.06713283615762833,26.59630404286048,-0.4662594540327439,max_hold
PEP,2023-01-19,2023-01-20,2023-01-27,148.50349594366728,149.2242621181411,5,0.004853530012163709,0.0038535300121637093,28.432925561773487,-0.17702830788856705,max_hold
ENPH,2023-01-25,2023-01-26,2023-02-02,213.89999389648438,232.6999969482422,5,0.08789155487707001,0.08689155487707001,28.43282945450929,0.015241771401397307,max_hold
ORLY,2023-01-27,2023-01-30,2023-02-06,51.79999923706055,53.0186653137207,5,0.02352637248280609,0.02252637248280609,27.8822796749712,-0.411363560735415,rsi_reversion
AMGN,2023-01-30,2023-01-31,2023-02-07,226.02709090025323,216.37558823316473,5,-0.042700645434346374,-0.043700645434346375,28.72837822446823,0.07518268367877277,max_hold
AZN,2023-02-01,2023-02-02,2023-02-09,117.70303978327858,126.89857935753338,5,0.07812491156716206,0.07712491156716206,27.808431182219763,0.16930103419294723,rsi_reversion
SIRI,2023-02-02,2023-02-03,2023-02-10,46.83501013308661,41.52711726097429,5,-0.11333173318484147,-0.11433173318484147,26.94141191377483,-0.17042118568039352,max_hold
AMGN,2023-02-06,2023-02-07,2023-02-14,216.37558823316473,217.99632163984967,5,0.0074903708866567165,0.0064903708866567164,23.346830599230657,0.17826521058276742,max_hold
SIRI,2023-02-09,2023-02-10,2023-02-17,41.52711726097429,40.38577651977539,5,-0.02748422757173885,-0.02848422757173885,20.805161829057568,-0.17042118568039352,max_hold
AMGN,2023-02-15,2023-02-16,2023-02-24,214.18788372199273,212.7237831057254,5,-0.0068355902809501545,-0.007835590280950155,28.872862027189512,0.20787151474342278,max_hold
SIRI,2023-02-16,2023-02-17,2023-02-27,40.38577651977539,38.717670853312,5,-0.04130428606830383,-0.04230428606830383,20.0789483952598,-0.17042118568039352,max_hold
JD,2023-02-21,2023-02-22,2023-03-01,43.33727163358209,41.805713625655514,5,-0.03534043446195567,-0.03634043446195567,26.85132159898933,0.37168848130129134,max_hold
MRNA,2023-02-23,2023-02-24,2023-03-03,140.52999877929688,138.67999267578125,5,-0.01316449241859785,-0.014164492418597852,27.482618231581412,-0.007577538460010507,max_hold
SIRI,2023-02-24,2023-02-27,2023-03-06,38.717670853312,37.04955443895766,5,-0.043084110629336814,-0.044084110629336815,16.57017042481513,-0.33410904875292297,max_hold
ADBE,2023-02-24,2023-02-27,2023-03-06,322.0199890136719,344.3299865722656,5,0.06928140587461029,0.06828140587461029,29.76014970032145,-0.02792682051802085,max_hold
JD,2023-02-28,2023-03-01,2023-03-08,41.805713625655514,40.88048554093973,5,-0.022131618012806387,-0.023131618012806388,23.405716715082193,0.15212410095842652,max_hold
XEL,2023-03-01,2023-03-02,2023-03-09,55.70695357756982,57.05533575693803,5,0.024204916851011005,0.023204916851011004,26.22679556880759,0.41057856639834883,max_hold
MRNA,2023-03-02,2023-03-03,2023-03-10,138.67999267578125,137.05999755859375,5,-0.011681534487637868,-0.012681534487637869,26.03398548367589,-0.10489285162652288,max_hold
SIRI,2023-03-03,2023-03-06,2023-03-13,37.04955443895766,32.220828092390626,5,-0.13033156321819672,-0.13133156321819672,19.763731239875227,-0.33410904875292297,max_hold
ROST,2023-03-09,2023-03-10,2023-03-17,101.64337399442788,98.70899651012557,5,-0.0288693435586187,-0.0298693435586187,23.876925010675563,-0.01784837237422208,max_hold
JD,2023-03-09,2023-03-10,2023-03-17,36.72147629240577,35.463889082637415,5,-0.034246640841845144,-0.035246640841845145,26.64337333526936,0.1367368517872262,max_hold
CHTR,2023-03-09,2023-03-10,2023-03-17,342.2699890136719,342.9800109863281,5,0.0020744499823146523,0.0010744499823146523,28.344975173264075,0.37287716749197486,max_hold
AMGN,2023-03-09,2023-03-10,2023-03-17,203.6877855951743,209.7956488904782,5,0.02998639941740633,0.028986399417406328,28.46456511302428,0.05862672203358547,max_hold
SIRI,2023-03-10,2023-03-13,2023-03-20,32.220828092390626,31.957442724405745,5,-0.008174382335228825,-0.009174382335228826,13.58718850474935,-0.46262229957572454,max_hold
NFLX,2023-03-10,2023-03-13,2023-03-20,28.733999252319336,29.979000091552734,5,0.043328491391009694,0.04232849139100969,28.28955582988796,0.4359519203656586,max_hold
BIIB,2023-03-10,2023-03-13,2023-03-20,256.55999755859375,264.6499938964844,5,0.03153257099654838,0.03053257099654838,28.531266565210572,0.19295279374942537,max_hold
EBAY,2023-03-10,2023-03-13,2023-03-20,39.15459434248765,39.606158165978734,5,0.011532843873728549,0.010532843873728548,29.20125004490758,0.13110856226477444,max_hold
CTSH,2023-03-13,2023-03-14,2023-03-21,55.11592652950074,55.68867576014388,5,0.010391719176426673,0.009391719176426672,23.851467782526157,0.44495967349229054,max_hold
BKR,2023-03-15,2023-03-16,2023-03-23,24.293513695768773,25.146568642315714,5,0.03511451481370176,0.03411451481370176,27.8345710957023,0.19411701972079576,max_hold
ROST,2023-03-16,2023-03-17,2023-03-24,98.70899651012557,97.90790536091674,5,-0.008115685272179318,-0.009115685272179319,25.796323206888417,0.17209989964438202,max_hold
JD,2023-03-16,2023-03-17,2023-03-24,35.463889082637415,35.85913361098355,5,0.011144985464655033,0.010144985464655032,26.337297665103137,-0.09064492681922218,max_hold
SIRI,2023-03-17,2023-03-20,2023-03-27,31.957442724405745,33.27435769340722,5,0.041208396440174155,0.040208396440174154,22.237568503279945,-0.46262229957572454,max_hold
HON,2023-03-17,2023-03-20,2023-03-27,170.92437327328696,173.3784533911971,5,0.014357695575612173,0.013357695575612172,28.49588351870179,0.046526486244356416,max_hold
ENPH,2023-03-17,2023-03-20,2023-03-27,189.58999633789062,199.36000061035156,5,0.051532277341514776,0.050532277341514775,29.643080800025103,0.12041904611621042,max_hold
ROST,2023-03-23,2023-03-24,2023-03-31,97.90790536091674,100.17607459928792,5,0.023166354443086457,0.022166354443086456,29.063829252529942,0.328759048096207,rsi_reversion
PDD,2023-04-12,2023-04-13,2023-04-20,68.02999877929688,69.73999786376953,5,0.025135956418582905,0.024135956418582905,29.024512999548932,-0.23804961532862737,max_hold
CSCO,2023-04-20,2023-04-21,2023-04-28,42.53677153340658,42.64637306521501,5,0.002576630239141453,0.001576630239141453,28.292590134728158,0.1389653875802775,max_hold
JD,2023-04-24,2023-04-25,2023-05-02,30.873073727495704,31.921625917765585,5,0.03396332349428599,0.03296332349428599,29.97983463049613,0.1992084161211079,max_hold
ZS,2023-04-25,2023-04-26,2023-05-03,93.7300033569336,86.52999877929688,5,-0.07681643358336765,-0.07781643358336765,28.445923828258103,-0.15367199892877656,max_hold
PDD,2023-04-25,2023-04-26,2023-05-03,66.29000091552734,64.20999908447266,5,-0.03137730882980694,-0.03237730882980694,29.551462018151042,-0.37927654683066914,max_hold
TXN,2023-04-26,2023-04-27,2023-05-04,147.1674567549869,147.76436589568155,5,0.004055985975815579,0.003055985975815579,28.450020111390046,-0.07813873529950124,max_hold
ENPH,2023-04-26,2023-04-27,2023-05-04,166.52999877929688,158.8699951171875,5,-0.04599774045672833,-0.04699774045672833,29.15203319453353,-0.11518791543347717,max_hold
TSLA,2023-04-26,2023-04-27,2023-05-04,152.63999938964844,162.7100067138672,5,0.06597227046963461,0.06497227046963461,29.53857079861085,-0.3830336299121432,max_hold
MRNA,2023-04-26,2023-04-27,2023-05-04,130.88999938964844,133.92999267578125,5,0.0232255581045806,0.0222255581045806,29.770114138028063,-0.15292808033435337,max_hold
MCHP,2023-04-27,2023-04-28,2023-05-05,66.16990196472568,65.16941446984994,5,-0.015119978497309727,-0.016119978497309728,29.68780669935667,-0.09121803931177375,max_hold
KDP,2023-04-28,2023-05-01,2023-05-08,29.530210862698606,30.000377586087325,5,0.015921549818075142,0.014921549818075142,26.39996044597224,0.3405923918560483,max_hold
ZS,2023-05-02,2023-05-03,2023-05-08,86.52999877929688,107.48999786376953,3,0.2422281218093294,0.2412281218093294,25.051075609287736,-0.2850645988618134,rsi_reversion
ILMN,2023-05-02,2023-05-03,2023-05-10,190.62257385253906,191.35214233398438,5,0.00382729320405506,0.00282729320405506,29.234706256248415,-0.2333772408804365,max_hold
ENPH,2023-05-03,2023-05-04,2023-05-11,158.8699951171875,159.39999389648438,5,0.0033360533491924027,0.0023360533491924027,28.0751574878809,-0.11482484422849261,max_hold
AMGN,2023-05-03,2023-05-04,2023-05-11,206.86742769243818,210.76570331311498,5,0.018844318142112737,0.017844318142112736,29.43442966155888,-0.08089348816472908,max_hold
QCOM,2023-05-04,2023-05-05,2023-05-12,100.14080187825655,96.67968824572539,5,-0.034562471715963716,-0.03556247171596372,25.23817921668065,-0.2790801459777078,max_hold
TXN,2023-05-04,2023-05-05,2023-05-12,147.1431228351115,147.7355111525491,5,0.004025932751892336,0.003025932751892336,29.15564036111131,-0.15772972704451224,max_hold
ADBE,2023-05-04,2023-05-05,2023-05-12,338.9800109863281,340.510009765625,5,0.00451353687447531,0.00351353687447531,29.988766588857672,-0.13592800703813682,max_hold
PDD,2023-05-10,2023-05-11,2023-05-18,61.040000915527344,66.16000366210938,5,0.08387946706730154,0.08287946706730154,29.70000749529673,-0.2867255509890191,max_hold
QCOM,2023-05-11,2023-05-12,2023-05-19,96.67968824572539,98.97474938625294,5,0.02373881403810829,0.02273881403810829,27.108344992388993,-0.13802501556753083,max_hold
PYPL,2023-05-12,2023-05-15,2023-05-22,61.06896431857802,60.27778490559841,5,-0.01295550729912942,-0.013955507299129422,29.845185144347,-0.2975593357249098,max_hold
EXC,2023-05-16,2023-05-17,2023-05-24,34.82506941727461,35.87822986537668,5,0.03024144576664245,0.02924144576664245,28.51808453274444,0.16099057974688974,max_hold
KDP,2023-05-16,2023-05-17,2023-05-24,28.833997143524073,28.978665451442016,5,0.005017282452996152,0.004017282452996152,29.82417533795794,0.29885756845919226,max_hold
AEP,2023-05-24,2023-05-25,2023-06-02,74.93992219870967,72.42621959187703,5,-0.03354290387661918,-0.03454290387661918,27.928911700755577,0.32768771687367043,max_hold
XEL,2023-05-24,2023-05-25,2023-06-02,57.39784293784792,54.759376918996345,5,-0.04596803440346331,-0.04696803440346331,29.044454959262993,0.16910760875905748,max_hold
AMGN,2023-05-24,2023-05-25,2023-06-02,199.5619901981498,193.8045222502483,5,-0.02885052380057329,-0.029850523800573292,29.266922162426468,0.16057471245140775,max_hold
LULU,2023-05-25,2023-05-26,2023-06-02,342.3399963378906,378.2300109863281,4,0.10483734016580981,0.10383734016580981,29.2016111400567,0.122084758706752,rsi_reversion
DLTR,2023-05-25,2023-05-26,2023-06-05,136.50999450683594,133.61000061035156,5,-0.02124382106204803,-0.02224382106204803,24.243853584293745,-0.24531565328379037,max_hold
KDP,2023-05-26,2023-05-30,2023-06-06,28.282451866552417,27.920783031377677,5,-0.01278774686442441,-0.01378774686442441,29.432731526608407,0.25320183964353105,max_hold
PEP,2023-05-30,2023-05-31,2023-06-07,161.81624817347222,161.03074411976414,5,-0.004854296540517944,-0.005854296540517944,28.45761561682565,0.1546138267021886,max_hold
SBUX,2023-05-30,2023-05-31,2023-06-07,90.42522024755088,90.90489263991738,5,0.005304630622445128,0.004304630622445128,29.890751751619973,-0.1365459602029125,max_hold
LULU,2023-06-01,2023-06-02,2023-06-09,378.2300109863281,355.489990234375,5,-0.060122201019038424,-0.061122201019038425,22.809150804802698,0.3897321095959769,rsi_reversion
AEP,2023-06-01,2023-06-02,2023-06-09,72.42621959187703,75.21525564653885,5,0.038508651568148755,0.037508651568148754,26.766965422815446,0.25071826681999676,max_hold
AMGN,2023-06-01,2023-06-02,2023-06-09,193.8045222502483,198.87295715469904,5,0.02615230462943563,0.02515230462943563,27.739855318497064,-0.06996470068306597,max_hold
XEL,2023-06-01,2023-06-02,2023-06-09,54.759376918996345,56.784862102073255,5,0.03698882816130533,0.03598882816130533,29.51360917668171,0.16910760875905748,max_hold
DLTR,2023-06-05,2023-06-06,2023-06-13,130.13999938964844,134.13999938964844,5,0.030736130465343736,0.029736130465343735,29.971762136236237,-0.4392896564367751,max_hold
TMUS,2023-06-06,2023-06-07,2023-06-14,122.50191028002298,123.14844951405001,5,0.00527778899569098,0.00427778899569098,29.9540601058158,0.08772553935334898,max_hold
KHC,2023-06-12,2023-06-13,2023-06-21,30.609882401899164,30.51790871885184,5,-0.0030047055339754714,-0.004004705533975471,29.69005348419337,0.1540919960634015,max_hold
KHC,2023-06-21,2023-06-22,2023-06-29,30.200187132281787,29.263747370315272,5,-0.031007747000531993,-0.032007747000531994,29.64328316747813,0.3133448016446896,max_hold
KHC,2023-06-28,2023-06-29,2023-07-07,29.263747370315272,29.807221701297333,5,0.018571590442765906,0.017571590442765905,22.35244137664307,0.05500539271308634,max_hold
REGN,2023-06-28,2023-06-29,2023-07-07,690.2562488204183,694.0405410246867,5,0.005482445411737258,0.004482445411737258,29.087265650446298,-0.19597724323629662,max_hold
AZN,2023-07-03,2023-07-05,2023-07-12,126.00768882248938,123.68954618496336,5,-0.018396834821656438,-0.01939683482165644,24.205542826356464,-0.05319907747729361,max_hold
BIIB,2023-07-07,2023-07-10,2023-07-17,275.0,278.4200134277344,5,0.012436412464488678,0.011436412464488677,28.717520488581087,0.34231126094704684,max_hold
AZN,2023-07-11,2023-07-12,2023-07-19,123.68954618496336,127.72268574829697,5,0.032606955783494485,0.031606955783494484,29.50802512341251,0.0999416052880097,max_hold
BIIB,2023-07-26,2023-07-27,2023-08-03,265.7300109863281,270.0799865722656,5,0.01636990707143471,0.015369907071434707,27.035433271639334,0.14821255463161292,max_hold
ENPH,2023-08-02,2023-08-03,2023-08-10,140.0,139.0800018310547,5,-0.006571415492466537,-0.007571415492466537,28.248082948182017,-0.13081896937024023,max_hold
MRNA,2023-08-02,2023-08-03,2023-08-10,108.62999725341797,102.87999725341797,5,-0.05293197224875268,-0.05393197224875268,29.378872967145128,0.15158383449834914,max_hold
HON,2023-08-03,2023-08-04,2023-08-11,176.71820299884132,174.84249459760755,5,-0.01061412106621562,-0.011614121066215621,28.29609257862701,0.2850289006257332,max_hold
FTNT,2023-08-04,2023-08-07,2023-08-14,57.58000183105469,59.689998626708984,5,0.036644611471969624,0.03564461147196962,21.013210249758316,0.2573863790152711,max_hold
XEL,2023-08-07,2023-08-08,2023-08-15,53.52120176013357,52.84042211456514,5,-0.012719812395459384,-0.013719812395459385,28.87559361563612,-0.3739247808754816,max_hold
AAPL,2023-08-07,2023-08-08,2023-08-15,177.05302113799038,176.49289504388423,5,-0.0031636065315688855,-0.0041636065315688855,29.566781248144352,-0.17007051916356988,max_hold
DXCM,2023-08-08,2023-08-09,2023-08-16,110.70999908447266,114.83999633789062,5,0.03730464535788447,0.03630464535788447,27.33368703419042,0.43021296405277804,max_hold
ISRG,2023-08-08,2023-08-09,2023-08-16,302.8699951171875,305.6000061035156,5,0.009013804702812545,0.008013804702812544,29.315739374921606,0.06573711865220708,max_hold
PANW,2023-08-08,2023-08-09,2023-08-16,105.68499755859375,107.99500274658203,5,0.02185745603776512,0.02085745603776512,29.622220025431673,0.2578082299066054,max_hold
KHC,2023-08-08,2023-08-09,2023-08-16,28.82061059974985,28.210254857946563,5,-0.021177751931757638,-0.02217775193175764,29.86596421400496,0.3231329329919217,max_hold
MRNA,2023-08-09,2023-08-10,2023-08-17,102.87999725341797,98.98999786376953,5,-0.037811037067452924,-0.038811037067452925,25.567035172154192,-0.027213613290937674,max_hold
ENPH,2023-08-09,2023-08-10,2023-08-17,139.0800018310547,132.30999755859375,5,-0.048677050498494356,-0.04967705049849436,29.874571078419223,-0.2981977013648889,max_hold
FTNT,2023-08-11,2023-08-14,2023-08-21,59.689998626708984,58.06999969482422,5,-0.027140207223256274,-0.028140207223256275,29.558199265702598,0.581642439055648,max_hold
MRNA,2023-08-16,2023-08-17,2023-08-21,98.98999786376953,101.98999786376953,2,0.03030609217840996,0.02930609217840996,29.22721495246074,-0.22082275740524418,rsi_reversion
XEL,2023-08-14,2023-08-15,2023-08-22,52.84042211456514,51.389302268215985,5,-0.027462306095945577,-0.028462306095945578,28.185478100761216,-0.3739247808754816,max_hold
KHC,2023-08-15,2023-08-16,2023-08-23,28.210254857946563,27.942695997508125,5,-0.009484453855016062,-0.010484453855016063,26.29228871318965,0.15811145236913654,max_hold
CSX,2023-08-15,2023-08-16,2023-08-23,28.96840040199811,29.29324596593013,5,0.011213790179094962,0.010213790179094961,28.332216676511607,-0.242950720678929,max_hold
ILMN,2023-08-16,2023-08-17,2023-08-24,164.2606964111328,159.50389099121094,5,-0.02895887770995398,-0.02995887770995398,27.981442594146188,0.0037389220512389883,max_hold
ENPH,2023-08-16,2023-08-17,2023-08-24,132.30999755859375,130.97999572753906,5,-0.010052164277802866,-0.011052164277802867,29.2220759833844,-0.05447123919427931,max_hold
ISRG,2023-08-16,2023-08-17,2023-08-24,298.05999755859375,292.8800048828125,5,-0.017379026767129102,-0.018379026767129103,29.5015789902493,0.22893360867478713,max_hold
AAPL,2023-08-17,2023-08-18,2023-08-25,170.0007364455324,175.01294998434398,5,0.02948348132843215,0.028483481328432148,27.519904746604567,0.004434677180943959,max_hold
TSLA,2023-08-17,2023-08-18,2023-08-25,214.1199951171875,231.30999755859375,5,0.08028209804506203,0.07928209804506203,28.8224022363445,-0.1957123982343424,max_hold
TTD,2023-08-17,2023-08-18,2023-08-25,70.08000183105469,74.51000213623047,5,0.06321347302266633,0.06221347302266633,29.99529296827656,0.5448760458676958,max_hold
FTNT,2023-08-18,2023-08-21,2023-08-28,58.06999969482422,59.099998474121094,5,0.01773719277957353,0.01673719277957353,26.40564810458622,0.014988300380142835,max_hold
DXCM,2023-08-18,2023-08-21,2023-08-28,106.0,102.06999969482422,5,-0.03707547457713001,-0.03807547457713001,29.91975365513055,0.43021296405277804,max_hold
XEL,2023-08-21,2023-08-22,2023-08-29,51.389302268215985,51.75656053004024,5,0.007146589768964429,0.006146589768964429,25.374796185582284,-0.3739247808754816,max_hold
PEP,2023-08-21,2023-08-22,2023-08-29,156.99410022151207,160.665407367041,5,0.023385000712440096,0.022385000712440095,29.656164873283373,0.3755462851149765,max_hold
ISRG,2023-08-23,2023-08-24,2023-08-29,292.8800048828125,301.5,3,0.029431832059127805,0.028431832059127804,29.57237851099515,0.22893360867478713,rsi_reversion
KHC,2023-08-22,2023-08-23,2023-08-30,27.942695997508125,28.243698064423157,5,0.010772119731820906,0.009772119731820905,25.15392932932204,0.2680382838117008,max_hold
ILMN,2023-08-23,2023-08-24,2023-08-31,159.50389099121094,162.74319458007812,5,0.020308617982527366,0.019308617982527365,25.652223840504405,0.0037389220512389883,max_hold
DLTR,2023-08-24,2023-08-25,2023-09-01,123.7300033569336,122.69000244140625,5,-0.008405406023688333,-0.009405406023688334,17.206355143200213,0.051838571406360036,max_hold
ENPH,2023-08-24,2023-08-25,2023-09-01,121.94000244140625,128.99000549316406,5,0.05781534287852286,0.056815342878522856,24.638972708849735,-0.05447123919427931,max_hold
DXCM,2023-08-25,2023-08-28,2023-09-05,102.06999969482422,101.94000244140625,5,-0.0012736088351782415,-0.0022736088351782415,27.807024634412628,0.43021296405277804,max_hold
DLTR,2023-08-31,2023-09-01,2023-09-11,122.69000244140625,116.52999877929688,5,-0.05020786974921809,-0.05120786974921809,21.41260443118155,-0.034563695044438784,max_hold
XEL,2023-08-31,2023-09-01,2023-09-11,51.49679772068229,51.12953847362054,5,-0.0071316909655966265,-0.008131690965596627,28.594879739685823,-0.3966490388897693,max_hold
KHC,2023-09-01,2023-09-05,2023-09-11,27.618644486637436,27.98249412720313,4,0.013174058587188453,0.012174058587188452,27.147252874794248,0.2680382838117008,rsi_reversion
AEP,2023-09-05,2023-09-06,2023-09-13,68.08921310422834,70.00975345259926,5,0.028206235038008565,0.027206235038008564,26.478273467563497,0.1400026649524237,rsi_reversion
DLTR,2023-09-08,2023-09-11,2023-09-18,116.52999877929688,112.19999694824219,5,-0.03715782954100544,-0.03815782954100544,19.466052105873857,-0.10832529920106763,max_hold
ENPH,2023-09-08,2023-09-11,2023-09-18,122.30000305175781,119.1500015258789,5,-0.025756348710357924,-0.026756348710357925,29.66766272572913,-0.05447123919427931,max_hold
ILMN,2023-09-11,2023-09-12,2023-09-19,148.89105224609375,137.40272521972656,5,-0.07715928427571839,-0.07815928427571839,29.992343926851746,0.12375520715557267,max_hold
DLTR,2023-09-15,2023-09-18,2023-09-25,112.19999694824219,104.80000305175781,5,-0.06595360158430297,-0.06695360158430297,18.29230776018278,-0.10832529920106763,max_hold
ASML,2023-09-15,2023-09-18,2023-09-25,573.7399490150053,569.3017321141813,5,-0.00773558980587552,-0.008735589805875521,27.85480204452766,-0.0548623282887688,max_hold
PAYX,2023-09-15,2023-09-18,2023-09-25,104.71571125910228,102.00685394392791,5,-0.025868680856034443,-0.026868680856034444,28.95033690797858,0.25634336811260183,max_hold
ILMN,2023-09-18,2023-09-19,2023-09-26,137.40272521972656,127.23735046386719,5,-0.0739823372469759,-0.0749823372469759,21.28107614074088,0.12375520715557267,max_hold
BIIB,2023-09-18,2023-09-19,2023-09-26,253.66000366210938,254.97000122070312,5,0.00516438358306881,0.00416438358306881,28.221598569721635,0.387255530801255,max_hold
JD,2023-09-19,2023-09-20,2023-09-27,27.64535049132403,26.53297153967376,5,-0.04023746966056263,-0.04123746966056263,29.669639605964377,0.03327831155508893,max_hold
DXCM,2023-09-21,2023-09-22,2023-09-29,88.4000015258789,97.37000274658203,5,0.10147060029266153,0.10047060029266153,26.886523041653504,0.24101289575164883,max_hold
ALGN,2023-09-21,2023-09-22,2023-09-29,301.7099914550781,309.3699951171875,5,0.025388631066432188,0.024388631066432187,28.612336049895248,0.46467240666695764,max_hold
DLTR,2023-09-22,2023-09-25,2023-10-02,104.80000305175781,106.4000015258789,5,0.015267160568028793,0.014267160568028792,14.149271905326188,-0.10832529920106763,max_hold
PAYX,2023-09-22,2023-09-25,2023-10-02,102.00685394392791,103.68634883292513,5,0.016464529823853047,0.015464529823853046,22.713828263369237,0.25634336811260183,max_hold
ASML,2023-09-22,2023-09-25,2023-10-02,569.3017321141813,569.0384749814893,5,-0.0004624210991143185,-0.0014624210991143185,28.168113347795696,0.1368330997449201,max_hold
NFLX,2023-09-22,2023-09-25,2023-10-02,38.290000915527344,37.74800109863281,5,-0.014155126767697146,-0.015155126767697147,29.48523793465091,0.07920269241496312,max_hold
ILMN,2023-09-25,2023-09-26,2023-10-03,127.23735046386719,131.3326873779297,5,0.03218659378816202,0.03118659378816202,15.526115895183494,-0.049174349737561254,max_hold
ROST,2023-09-25,2023-09-26,2023-10-03,106.06136108629443,111.0619696409347,5,0.047148259304080176,0.046148259304080175,27.620510756209782,-0.30968842255810974,max_hold
JD,2023-09-26,2023-09-27,2023-10-04,26.53297153967376,25.92207713439618,5,-0.023023972432342665,-0.024023972432342666,26.67880010046217,0.03554150636473599,max_hold
CSCO,2023-09-26,2023-09-27,2023-10-04,48.67574752585926,49.74106808796626,5,0.021886064750028744,0.020886064750028743,29.78562740850056,0.17193270858598728,max_hold
MNST,2023-09-27,2023-09-28,2023-10-05,26.6200008392334,26.145000457763672,5,-0.017843740289055776,-0.018843740289055777,27.90705648088033,0.049476885604246616,max_hold
PEP,2023-09-27,2023-09-28,2023-10-05,152.48997298069298,151.44904521226482,5,-0.006826204687963022,-0.007826204687963023,28.229391450372333,0.2849688619852554,max_hold
SBUX,2023-09-27,2023-09-28,2023-10-05,84.54583690712234,84.51803360743702,5,-0.0003288547455726487,-0.0013288547455726487,29.757619201683298,0.032018927008548366,max_hold
EXC,2023-09-28,2023-09-29,2023-10-06,34.0032896031767,33.11034110299808,5,-0.02626065038410863,-0.02726065038410863,26.397243581366396,0.14738959809547775,max_hold
WDAY,2023-09-28,2023-09-29,2023-10-06,214.9499969482422,202.52999877929688,5,-0.057780871576080695,-0.058780871576080695,26.453507676724612,0.21625856294670534,max_hold
AEP,2023-09-28,2023-09-29,2023-10-06,67.523820537246,63.27890427041598,5,-0.06286546337360355,-0.06386546337360355,28.6786589755408,0.1400026649524237,max_hold
DLTR,2023-09-29,2023-10-02,2023-10-09,106.4000015258789,104.86000061035156,5,-0.014473692607539834,-0.015473692607539835,25.358219191834024,-0.10832529920106763,max_hold
JD,2023-10-03,2023-10-04,2023-10-11,25.92207713439618,27.772999002161132,5,0.07140330067566047,0.07040330067566047,27.983440601922396,-0.1711613979416903,max_hold
ALGN,2023-10-03,2023-10-04,2023-10-11,292.0299987792969,285.0400085449219,5,-0.023935863656451728,-0.02493586365645173,28.87899819779824,0.46467240666695764,max_hold
KDP,2023-10-03,2023-10-04,2023-10-11,28.59713653173415,27.82746090284895,5,-0.026914429982564658,-0.02791442998256466,29.64244051855924,0.5893891536101632,max_hold
ASML,2023-10-03,2023-10-04,2023-10-11,569.8284262328282,586.5867190894508,5,0.029409366197142406,0.028409366197142405,29.78821311376916,0.20918118847368894,rsi_reversion
PEP,2023-10-05,2023-10-06,2023-10-13,142.48428706714097,142.34071230265545,5,-0.0010076533170135793,-0.0020076533170135793,19.26152845978274,0.06443929894921331,max_hold
MNST,2023-10-05,2023-10-06,2023-10-13,24.799999237060547,23.854999542236328,5,-0.0381048275764474,-0.0391048275764474,27.14884640717692,0.049476885604246616,max_hold
MDLZ,2023-10-05,2023-10-06,2023-10-13,58.8657569915134,55.83926152773955,5,-0.05141351472317213,-0.05241351472317213,27.26310241590565,0.058447739986303725,max_hold
WDAY,2023-10-05,2023-10-06,2023-10-13,202.52999877929688,216.77000427246094,5,0.07031059881989044,0.06931059881989043,27.53816391173335,0.22961343801522907,max_hold
AEP,2023-10-05,2023-10-06,2023-10-13,63.27890427041598,66.36612608477134,5,0.04878753590868823,0.04778753590868823,27.691040617309213,0.13438898741837038,max_hold
DLTR,2023-10-09,2023-10-10,2023-10-17,106.02999877929688,112.25,5,0.058662654836487915,0.057662654836487914,29.567077958151984,-0.10832529920106763,rsi_reversion
KDP,2023-10-11,2023-10-12,2023-10-19,26.737087788304777,26.379738745720697,5,-0.01336529413425458,-0.01436529413425458,28.153683297675116,0.5893891536101632,max_hold
ALGN,2023-10-11,2023-10-12,2023-10-19,278.0,271.57000732421875,5,-0.023129470056767132,-0.024129470056767133,28.252287498031308,0.46467240666695764,max_hold
DXCM,2023-10-11,2023-10-12,2023-10-19,79.69000244140625,83.69000244140625,5,0.050194502164071064,0.04919450216407106,29.14864448982223,0.075094526144053,max_hold
NFLX,2023-10-13,2023-10-16,2023-10-19,35.62099838256836,40.4739990234375,3,0.1362398826879605,0.1352398826879605,28.473610736676633,-0.05290562150273396,rsi_reversion
MDLZ,2023-10-12,2023-10-13,2023-10-20,55.83926152773955,58.8291790827618,5,0.053545076944417014,0.05254507694441701,20.244121604047194,0.058447739986303725,max_hold
MNST,2023-10-12,2023-10-13,2023-10-20,23.854999542236328,25.200000762939453,5,0.0563823620420425,0.0553823620420425,23.703200031793642,-0.12511292360059637,max_hold
PEP,2023-10-12,2023-10-13,2023-10-20,142.34071230265545,144.80847784850047,5,0.017337032433826005,0.016337032433826004,25.867726877578946,0.2559987584363335,max_hold
KHC,2023-10-12,2023-10-13,2023-10-20,26.137866415424178,26.679407911553763,5,0.02071865727380162,0.01971865727380162,26.410236403547586,-0.35696815981139296,max_hold
NFLX,2023-10-18,2023-10-19,2023-10-20,40.4739990234375,40.5629997253418,1,0.0021989599261678094,0.0011989599261678094,27.367569826043493,0.23914324993984054,rsi_reversion
CTSH,2023-10-13,2023-10-16,2023-10-23,62.61506993460238,62.226696085299565,5,-0.006202561934506301,-0.007202561934506301,29.61050493499718,-0.2672986331506565,max_hold
